drug_a,drug_b,severity,mechanism,recommendation,source,evidence_text
metformin,glipizide,Not stated in FDA label,"[drug_interactions] When such drugs are withdrawn from a patient receiving glipizide and metformin hydrochloride tablets, the patient should be observed closely for hypoglycemia. [drug_interactions] Metformin is negligibly bound to plasma proteins and is, therefore, less likely to interact with highly protein-bound drugs such as salicylates, sulfonamides, chloramphenicol, and probenecid as compared to sulfonylureas, which are extensively bound to serum proteins. [drug_interactions] When such drugs are administered to a patient receiving glipizide and metformin hydrochloride tablets, the patient should be observed closely for hypoglycemia.",Follow the management information in the FDA label and verify with prescribing clinician.,https://api.fda.gov/drug/label.json?search=id:7d659eb2-cee9-4326-a439-ef5ec9ec9c63,"[drug_interactions] When such drugs are withdrawn from a patient receiving glipizide and metformin hydrochloride tablets, the patient should be observed closely for hypoglycemia. [drug_interactions] Metformin is negligibly bound to plasma proteins and is, therefore, less likely to interact with highly protein-bound drugs such as salicylates, sulfonamides, chloramphenicol, and probenecid as compared to sulfonylureas, which are extensively bound to serum proteins. [drug_interactions] When such drugs are administered to a patient receiving glipizide and metformin hydrochloride tablets, the patient should be observed closely for hypoglycemia."
metformin,glyburide,Not stated in FDA label,"[clinical_pharmacology] Drug Interactions In Vivo Assessment of Drug Interactions Table 5: Effect of Coadministered Drug on Plasma Metformin Systemic Exposure * All metformin hydrochloride and coadministered drugs were given as single doses † AUC = AUC inf ‡ Ratio of arithmetic means § At steady state with topiramate 100 mg every 12 hours and metformin 500 mg every 12 hours; AUC = AUC 0-12h Coadministered Drug Dose of Coadministered Drug* Dose of Metformin hydrochloride* Geometric Mean Ratio (ratio with/without coadministered drug) No Effect = 1.00 AUC † C max No dosing adjustments required for the following: Glyburide 5 mg 850 mg metformin 0.91 ‡ 0.93 ‡ Furosemide 40 mg 850 mg metformin 1.09 ‡ 1.22 ‡ Nifedipine 10 mg 850 mg metformin 1.16 1.21 Propranolol 40 mg 850 mg metformin 0.90 0.94 Ibuprofen 400 mg 850 mg metformin 1.05 ‡ 1.07 ‡ Cationic drugs eliminated by renal tubular secretion may reduce metformin elimination [ See Warnings and Precautions ( 5.1 ) and Drug Interactions ( 7 ). [clinical_pharmacology] ] Cimetidine 400 mg 850 mg metformin 1.40 1.61 Carbonic anhydrase inhibitors may cause metabolic acidosis [See Warnings and Precautions ( 5.1 ) and Drug Interactions ( 7 ).] Topiramate 100 mg § 500 mg § metformin 1.25 § 1.17 Table 6: Effect of Metformin on Coadministered Drug Systemic Exposure * All metformin hydrochloride and coadministered drugs were given as single doses † AUC = AUC inf unless otherwise noted ‡ Ratio of arithmetic means, p-value of difference < 0.05 § AUC 0-24 hr reported ¶ Ratio of arithmetic means Coadministered Drug Dose of Coadministered Drug* Dose of Metformin hydrochloride* Geometric Mean Ratio (ratio with/without metformin) No Effect = 1.00 AUC † C max No dosing adjustments required for the following: Glyburide 5 mg 850 mg glyburide 0.78 ‡ 0.63 ‡ Furosemide 40 mg 850 mg furosemide 0.87 ‡ 0.69 ‡ Nifedipine 10 mg 850 mg nifedipine 1.10 § 1.08 Propranolol 40 mg 850 mg propranolol 1.01 § 1.02 Ibuprofen 400 mg 850 mg ibuprofen 0.97 ¶ 1.01 ¶ Cimetidine 400 mg 850 mg cimetidine 0.95 § 1.01",Follow the management information in the FDA label and verify with prescribing clinician.,https://api.fda.gov/drug/label.json?search=id:511138d4-8c1a-2198-e063-6394a90afc43,"[clinical_pharmacology] Drug Interactions In Vivo Assessment of Drug Interactions Table 5: Effect of Coadministered Drug on Plasma Metformin Systemic Exposure * All metformin hydrochloride and coadministered drugs were given as single doses † AUC = AUC inf ‡ Ratio of arithmetic means § At steady state with topiramate 100 mg every 12 hours and metformin 500 mg every 12 hours; AUC = AUC 0-12h Coadministered Drug Dose of Coadministered Drug* Dose of Metformin hydrochloride* Geometric Mean Ratio (ratio with/without coadministered drug) No Effect = 1.00 AUC † C max No dosing adjustments required for the following: Glyburide 5 mg 850 mg metformin 0.91 ‡ 0.93 ‡ Furosemide 40 mg 850 mg metformin 1.09 ‡ 1.22 ‡ Nifedipine 10 mg 850 mg metformin 1.16 1.21 Propranolol 40 mg 850 mg metformin 0.90 0.94 Ibuprofen 400 mg 850 mg metformin 1.05 ‡ 1.07 ‡ Cationic drugs eliminated by renal tubular secretion may reduce metformin elimination [ See Warnings and Precautions ( 5.1 ) and Drug Interactions ( 7 ). [clinical_pharmacology] ] Cimetidine 400 mg 850 mg metformin 1.40 1.61 Carbonic anhydrase inhibitors may cause metabolic acidosis [See Warnings and Precautions ( 5.1 ) and Drug Interactions ( 7 ).] Topiramate 100 mg § 500 mg § metformin 1.25 § 1.17 Table 6: Effect of Metformin on Coadministered Drug Systemic Exposure * All metformin hydrochloride and coadministered drugs were given as single doses † AUC = AUC inf unless otherwise noted ‡ Ratio of arithmetic means, p-value of difference < 0.05 § AUC 0-24 hr reported ¶ Ratio of arithmetic means Coadministered Drug Dose of Coadministered Drug* Dose of Metformin hydrochloride* Geometric Mean Ratio (ratio with/without metformin) No Effect = 1.00 AUC † C max No dosing adjustments required for the following: Glyburide 5 mg 850 mg glyburide 0.78 ‡ 0.63 ‡ Furosemide 40 mg 850 mg furosemide 0.87 ‡ 0.69 ‡ Nifedipine 10 mg 850 mg nifedipine 1.10 § 1.08 Propranolol 40 mg 850 mg propranolol 1.01 § 1.02 Ibuprofen 400 mg 850 mg ibuprofen 0.97 ¶ 1.01 ¶ Cimetidine 400 mg 850 mg cimetidine 0.95 § 1.01"
metformin,sitagliptin,Not stated in FDA label,"[clinical_pharmacology] Table 4: Effect of Sitagliptin on Systemic Exposure of Coadministered Drugs Coadministered Drug Dose of Coadministered Drug * Dose of Sitagliptin* Geometric Mean Ratio (ratio with/without sitagliptin) No Effect = 1.00 AUC † C max Digoxin 0.25 mg ‡ once daily for 10 days 100 mg ‡ once daily for 10 days Digoxin 1.11 § 1.18 Glyburide 1.25 mg 200 mg ‡ once daily for 6 days Glyburide 1.09 1.01 Simvastatin 20 mg 200 mg ‡ once daily for 5 days Simvastatin 0.85 ¶ 0.80 Simvastatin Acid 1.12 ¶ 1.06 Rosiglitazone 4 mg 200 mg ‡ once daily for 5 days Rosiglitazone 0.98 0.99 Warfarin 30 mg single dose on day 5 200 mg ‡ once daily for 11 days S(-) Warfarin 0.95 0.89 R(+) Warfarin 0.99 0.89 Ethinyl estradiol and norethindrone 21 days once daily of 35 µg ethinyl estradiol with norethindrone 0.5 mg x 7 days, 0.75 mg x 7 days, 1.0 mg x 7 days 200 mg ‡ once daily for 21 days Ethinyl estradiol 0.99 0.97 Norethindrone 1.03 0.98 Metformin HCl 1,000 mg ‡ twice daily for 14 days 50 mg ‡ twice daily for 7 days Metformin 1.02 # 0.97 * All doses administered as single dose unless otherwise specified. [clinical_pharmacology] Table 5: Effect of Coadministered Drugs on Systemic Exposure of Sitagliptin Coadministered Drug Dose of Coadministered Drug * Dose of Sitagliptin * Geometric Mean Ratio (ratio with/without coadministered drug) No Effect = 1.00 AUC † C max Cyclosporine 600 mg once daily 100 mg once daily Sitagliptin 1.29 1.68 Metformin HCl 1,000 mg ‡ twice daily for 14 days 50 mg ‡ twice daily for 7 days Sitagliptin 1.02 § 1.05 * All doses administered as single dose unless otherwise specified.",Follow the management information in the FDA label and verify with prescribing clinician.,https://api.fda.gov/drug/label.json?search=id:ab518e96-e35b-40b1-b7e8-b4e01ada32eb,"[clinical_pharmacology] Table 4: Effect of Sitagliptin on Systemic Exposure of Coadministered Drugs Coadministered Drug Dose of Coadministered Drug * Dose of Sitagliptin* Geometric Mean Ratio (ratio with/without sitagliptin) No Effect = 1.00 AUC † C max Digoxin 0.25 mg ‡ once daily for 10 days 100 mg ‡ once daily for 10 days Digoxin 1.11 § 1.18 Glyburide 1.25 mg 200 mg ‡ once daily for 6 days Glyburide 1.09 1.01 Simvastatin 20 mg 200 mg ‡ once daily for 5 days Simvastatin 0.85 ¶ 0.80 Simvastatin Acid 1.12 ¶ 1.06 Rosiglitazone 4 mg 200 mg ‡ once daily for 5 days Rosiglitazone 0.98 0.99 Warfarin 30 mg single dose on day 5 200 mg ‡ once daily for 11 days S(-) Warfarin 0.95 0.89 R(+) Warfarin 0.99 0.89 Ethinyl estradiol and norethindrone 21 days once daily of 35 µg ethinyl estradiol with norethindrone 0.5 mg x 7 days, 0.75 mg x 7 days, 1.0 mg x 7 days 200 mg ‡ once daily for 21 days Ethinyl estradiol 0.99 0.97 Norethindrone 1.03 0.98 Metformin HCl 1,000 mg ‡ twice daily for 14 days 50 mg ‡ twice daily for 7 days Metformin 1.02 # 0.97 * All doses administered as single dose unless otherwise specified. [clinical_pharmacology] Table 5: Effect of Coadministered Drugs on Systemic Exposure of Sitagliptin Coadministered Drug Dose of Coadministered Drug * Dose of Sitagliptin * Geometric Mean Ratio (ratio with/without coadministered drug) No Effect = 1.00 AUC † C max Cyclosporine 600 mg once daily 100 mg once daily Sitagliptin 1.29 1.68 Metformin HCl 1,000 mg ‡ twice daily for 14 days 50 mg ‡ twice daily for 7 days Sitagliptin 1.02 § 1.05 * All doses administered as single dose unless otherwise specified."
metformin,empagliflozin,Not stated in FDA label,"[drug_interactions] Drugs that Reduce Metformin Clearance Clinical Impact Concomitant use of drugs that interfere with common renal tubular transport systems involved in the renal elimination of metformin (e.g., organic cationic transporter-2 [OCT2] / multidrug and toxin extrusion [MATE] inhibitors such as ranolazine, vandetanib, dolutegravir, and cimetidine) could increase systemic exposure to metformin and may increase the risk for lactic acidosis [see Clinical Pharmacology (12.3) ] . [warnings_and_cautions] Drug Interactions: The concomitant use of SYNJARDY or SYNJARDY XR with specific drugs may increase the risk of metformin-associated lactic acidosis: those that impair renal function, result in significant hemodynamic change, interfere with acid-base balance or increase metformin accumulation [see Drug Interactions (7) ] . [boxed_warning] WARNING: LACTIC ACIDOSIS Postmarketing cases of metformin-associated lactic acidosis have resulted in death, hypothermia, hypotension, and resistant bradyarrhythmias.",Follow the management information in the FDA label and verify with prescribing clinician.,https://api.fda.gov/drug/label.json?search=id:74e3dfbf-03de-4d8f-b900-955d45db5ab6,"[drug_interactions] Drugs that Reduce Metformin Clearance Clinical Impact Concomitant use of drugs that interfere with common renal tubular transport systems involved in the renal elimination of metformin (e.g., organic cationic transporter-2 [OCT2] / multidrug and toxin extrusion [MATE] inhibitors such as ranolazine, vandetanib, dolutegravir, and cimetidine) could increase systemic exposure to metformin and may increase the risk for lactic acidosis [see Clinical Pharmacology (12.3) ] . [warnings_and_cautions] Drug Interactions: The concomitant use of SYNJARDY or SYNJARDY XR with specific drugs may increase the risk of metformin-associated lactic acidosis: those that impair renal function, result in significant hemodynamic change, interfere with acid-base balance or increase metformin accumulation [see Drug Interactions (7) ] . [boxed_warning] WARNING: LACTIC ACIDOSIS Postmarketing cases of metformin-associated lactic acidosis have resulted in death, hypothermia, hypotension, and resistant bradyarrhythmias."
metformin,dapagliflozin,Not stated in FDA label,"[drug_interactions] No dosing adjustments required for the following: Oral Antidiabetic Agents Metformin (1000 mg) 20 mg ↔ ↔ Pioglitazone (45 mg) 50 mg ↔ ↔ Sitagliptin (100 mg) 20 mg ↔ ↔ Glimepiride (4 mg) 20 mg ↔ ↔ Voglibose (0.2 mg three times daily) 10 mg ↔ ↔ Other Medications Hydrochlorothiazide (25 mg) 50 mg ↔ ↔ Bumetanide (1 mg) 10 mg once daily for 7 days ↔ ↔ Valsartan (320 mg) 20 mg ↓12% [↓3%, ↓20%] ↔ Simvastatin (40 mg) 20 mg ↔ ↔ Anti-infective Agent Rifampin (600 mg once daily for 6 days) 10 mg ↓7% [↓22%, ↑11%] ↓22% [↓27%, ↓17%] Nonsteroidal Anti-inflammatory Agent Mefenamic Acid (loading dose of 500 mg followed by 14 doses of 250 mg every 6 hours) 10 mg ↑13% [↑3%, ↑24%] ↑51% [↑44%, ↑58%] ↔ = no change (geometric mean ratio of test: reference within 0.80 to 1.25); ↓ or ↑ = parameter was lower or higher, respectively, with coadministration compared to dapagliflozin administered alone (geometric mean ratio of test: reference was lower than 0.80 or higher than 1.25). [drug_interactions] No dosing adjustments required for the following: Oral Antidiabetic Agents Metformin (1000 mg) 20 mg ↔ ↔ Pioglitazone (45 mg) 50 mg ↓7% [↓25%, ↑15%] ↔ Sitagliptin (100 mg) 20 mg ↔ ↔ Glimepiride (4 mg) 20 mg ↔ ↑13% [0%, ↑29%] Other Medications Hydrochlorothiazide (25 mg) 50 mg ↔ ↔ Bumetanide (1 mg) 10 mg once daily for 7 days ↑13% [↓2%, ↑31%] ↑13% [↓1%, ↑30%] Valsartan (320 mg) 20 mg ↓6% [↓24%, ↑16%] ↑5% [↓15%, ↑29%] Simvastatin (40 mg) 20 mg ↔ ↑19% Digoxin (0.25 mg) 20 mg loading dose then 10 mg once daily for 7 days ↔ ↔ Warfarin (25 mg) 20 mg loading dose then 10 mg once daily for 7 days ↔ ↔ ↔ = no change (geometric mean ratio of test: reference within 0.80 to 1.25); ↓ or ↑ = parameter was lower or higher, respectively, with coadministration compared to the other medicine administered alone (geometric mean ratio of test: reference was lower than 0.80 or higher than 1.25). [clinical_pharmacology] No dosing adjustments required for the following: Oral Antidiabetic Agents Metformin (1000 mg) 20 mg ↔ ↔ Pioglitazone (45 mg) 50 mg ↔ ↔ Sitagliptin (100 mg) 20 mg ↔ ↔ Glimepiride (4 mg) 20 mg ↔ ↔ Voglibose (0.2 mg three times daily) 10 mg ↔ ↔ Other Medications Hydrochlorothiazide (25 mg) 50 mg ↔ ↔ Bumetanide (1 mg) 10 mg once daily for 7 days ↔ ↔ Valsartan (320 mg) 20 mg ↓12% [↓3%, ↓20%] ↔ Simvastatin (40 mg) 20 mg ↔ ↔ Anti-infective Agent Rifampin (600 mg once daily for 6 days) 10 mg ↓7% [↓22%, ↑11%] ↓22% [↓27%, ↓17%] Nonsteroidal Anti-inflammatory Agent Mefenamic Acid (loading dose of 500 mg followed by 14 doses of 250 mg every 6 hours) 10 mg ↑13% [↑3%, ↑24%] ↑51% [↑44%, ↑58%] ↔ = no change (geometric mean ratio of test: reference within 0.80 to 1.25); ↓ or ↑ = parameter was lower or higher, respectively, with coadministration compared to dapagliflozin administered alone (geometric mean ratio of test: reference was lower than 0.80 or higher than 1.25).",Follow the management information in the FDA label and verify with prescribing clinician.,https://api.fda.gov/drug/label.json?search=id:03e8f7a3-552c-4b8e-94df-8668108baeea,"[drug_interactions] No dosing adjustments required for the following: Oral Antidiabetic Agents Metformin (1000 mg) 20 mg ↔ ↔ Pioglitazone (45 mg) 50 mg ↔ ↔ Sitagliptin (100 mg) 20 mg ↔ ↔ Glimepiride (4 mg) 20 mg ↔ ↔ Voglibose (0.2 mg three times daily) 10 mg ↔ ↔ Other Medications Hydrochlorothiazide (25 mg) 50 mg ↔ ↔ Bumetanide (1 mg) 10 mg once daily for 7 days ↔ ↔ Valsartan (320 mg) 20 mg ↓12% [↓3%, ↓20%] ↔ Simvastatin (40 mg) 20 mg ↔ ↔ Anti-infective Agent Rifampin (600 mg once daily for 6 days) 10 mg ↓7% [↓22%, ↑11%] ↓22% [↓27%, ↓17%] Nonsteroidal Anti-inflammatory Agent Mefenamic Acid (loading dose of 500 mg followed by 14 doses of 250 mg every 6 hours) 10 mg ↑13% [↑3%, ↑24%] ↑51% [↑44%, ↑58%] ↔ = no change (geometric mean ratio of test: reference within 0.80 to 1.25); ↓ or ↑ = parameter was lower or higher, respectively, with coadministration compared to dapagliflozin administered alone (geometric mean ratio of test: reference was lower than 0.80 or higher than 1.25). [drug_interactions] No dosing adjustments required for the following: Oral Antidiabetic Agents Metformin (1000 mg) 20 mg ↔ ↔ Pioglitazone (45 mg) 50 mg ↓7% [↓25%, ↑15%] ↔ Sitagliptin (100 mg) 20 mg ↔ ↔ Glimepiride (4 mg) 20 mg ↔ ↑13% [0%, ↑29%] Other Medications Hydrochlorothiazide (25 mg) 50 mg ↔ ↔ Bumetanide (1 mg) 10 mg once daily for 7 days ↑13% [↓2%, ↑31%] ↑13% [↓1%, ↑30%] Valsartan (320 mg) 20 mg ↓6% [↓24%, ↑16%] ↑5% [↓15%, ↑29%] Simvastatin (40 mg) 20 mg ↔ ↑19% Digoxin (0.25 mg) 20 mg loading dose then 10 mg once daily for 7 days ↔ ↔ Warfarin (25 mg) 20 mg loading dose then 10 mg once daily for 7 days ↔ ↔ ↔ = no change (geometric mean ratio of test: reference within 0.80 to 1.25); ↓ or ↑ = parameter was lower or higher, respectively, with coadministration compared to the other medicine administered alone (geometric mean ratio of test: reference was lower than 0.80 or higher than 1.25). [clinical_pharmacology] No dosing adjustments required for the following: Oral Antidiabetic Agents Metformin (1000 mg) 20 mg ↔ ↔ Pioglitazone (45 mg) 50 mg ↔ ↔ Sitagliptin (100 mg) 20 mg ↔ ↔ Glimepiride (4 mg) 20 mg ↔ ↔ Voglibose (0.2 mg three times daily) 10 mg ↔ ↔ Other Medications Hydrochlorothiazide (25 mg) 50 mg ↔ ↔ Bumetanide (1 mg) 10 mg once daily for 7 days ↔ ↔ Valsartan (320 mg) 20 mg ↓12% [↓3%, ↓20%] ↔ Simvastatin (40 mg) 20 mg ↔ ↔ Anti-infective Agent Rifampin (600 mg once daily for 6 days) 10 mg ↓7% [↓22%, ↑11%] ↓22% [↓27%, ↓17%] Nonsteroidal Anti-inflammatory Agent Mefenamic Acid (loading dose of 500 mg followed by 14 doses of 250 mg every 6 hours) 10 mg ↑13% [↑3%, ↑24%] ↑51% [↑44%, ↑58%] ↔ = no change (geometric mean ratio of test: reference within 0.80 to 1.25); ↓ or ↑ = parameter was lower or higher, respectively, with coadministration compared to dapagliflozin administered alone (geometric mean ratio of test: reference was lower than 0.80 or higher than 1.25)."
metformin,canagliflozin,Not stated in FDA label,"[clinical_pharmacology] In Vivo Assessment of Drug Interactions Table 8: Effect of Co–Administered Drugs on Systemic Exposures of Canagliflozin Co-Administered Drug Dose of Co-Administered Drug Single dose unless otherwise noted Dose of Canagliflozin Geometric Mean Ratio (Ratio With/Without Co-Administered Drug) No Effect = 1.0 AUC AUC inf for drugs given as a single dose and AUC 24h for drugs given as multiple doses (90% CI) C max (90% CI) QD = once daily; BID = twice daily See Drug Interactions (7) for the clinical relevance of the following: Rifampin 600 mg QD for 8 days 300 mg 0.49 (0.44; 0.54) 0.72 (0.61; 0.84) No dose adjustments of INVOKANA required for the following: Cyclosporine 400 mg 300 mg QD for 8 days 1.23 (1.19; 1.27) 1.01 (0.91; 1.11) Ethinyl estradiol and levonorgestrel 0.03 mg ethinyl estradiol and 0.15 mg levonorgestrel 200 mg QD for 6 days 0.91 (0.88; 0.94) 0.92 (0.84; 0.99) Hydrochlorothiazide 25 mg QD for 35 days 300 mg QD for 7 days 1.12 (1.08; 1.17) 1.15 (1.06; 1.25) Metformin HCl 2,000 mg 300 mg QD for 8 days 1.10 (1.05; 1.15) 1.05 (0.96; 1.16) Probenecid 500 mg BID for 3 days 300 mg QD for 17 days 1.21 (1.16; 1.25) 1.13 (1.00; 1.28) Table 9: Effect of Canagliflozin on Systemic Exposure of Co-Administered Drugs Co-Administered Drug Dose of Co-Administered Drug Single dose unless otherwise noted Dose of Canagliflozin Geometric Mean Ratio (Ratio With/Without Co-Administered Drug) No Effect = 1.0 AUC AUC inf for drugs given as a single dose and AUC 24h for drugs given as multiple doses (90% CI) C max (90% CI) QD = once daily; BID = twice daily; INR = International Normalized Ratio See Drug Interactions (7) for the clinical relevance of the following: Digoxin 0.5 mg QD first day followed by 0.25 mg QD for 6 days 300 mg QD for 7 days Digoxin 1.20 (1.12; 1.28) 1.36 (1.21; 1.53) No dose adjustments of co-administered drug required for the following: Acetaminophen 1,000 mg 300 mg BID for 25 days Acetaminophen 1.06 AUC 0–12h (0.98; 1.14) 1.00 (0.92; 1.09) Ethinyl estradiol and levonorgestrel 0.03 mg ethinyl estradiol and 0.15 mg levonorgestrel 200 mg QD for 6 days ethinyl estradiol 1.07 (0.99; 1.15) 1.22 (1.10; 1.35) Levonorgestrel 1.06 (1.00; 1.13) 1.22 (1.11; 1.35) Glyburide 1.25 mg 200 mg QD for 6 days Glyburide 1.02 (0.98; 1.07) 0.93 (0.85; 1.01) 3-cis-hydroxy-glyburide 1.01 (0.96; 1.07) 0.99 (0.91; 1.08) 4-trans-hydroxy-glyburide 1.03 (0.97; 1.09) 0.96 (0.88; 1.04) Hydrochlorothiazide 25 mg QD for 35 days 300 mg QD for 7 days Hydrochlorothiazide 0.99 (0.95; 1.04) 0.94 (0.87; 1.01) Metformin HCl 2,000 mg 300 mg QD for 8 days Metformin HCl 1.20 (1.08; 1.34) 1.06 (0.93; 1.20) Simvastatin 40 mg 300 mg QD for 7 days Simvastatin 1.12 (0.94; 1.33) 1.09 (0.91; 1.31) simvastatin acid 1.18 (1.03; 1.35) 1.26 (1.10; 1.45) Warfarin 30 mg 300 mg QD for 12 days (R)-warfarin 1.01 (0.96; 1.06) 1.03 (0.94; 1.13) (S)-warfarin 1.06 (1.00; 1.12) 1.01 (0.90; 1.13) INR 1.00 (0.98; 1.03) 1.05 (0.99; 1.12)",Follow the management information in the FDA label and verify with prescribing clinician.,https://api.fda.gov/drug/label.json?search=id:aad6a5e4-0449-44dd-8bb7-e9b17a1fbbc3,"[clinical_pharmacology] In Vivo Assessment of Drug Interactions Table 8: Effect of Co–Administered Drugs on Systemic Exposures of Canagliflozin Co-Administered Drug Dose of Co-Administered Drug Single dose unless otherwise noted Dose of Canagliflozin Geometric Mean Ratio (Ratio With/Without Co-Administered Drug) No Effect = 1.0 AUC AUC inf for drugs given as a single dose and AUC 24h for drugs given as multiple doses (90% CI) C max (90% CI) QD = once daily; BID = twice daily See Drug Interactions (7) for the clinical relevance of the following: Rifampin 600 mg QD for 8 days 300 mg 0.49 (0.44; 0.54) 0.72 (0.61; 0.84) No dose adjustments of INVOKANA required for the following: Cyclosporine 400 mg 300 mg QD for 8 days 1.23 (1.19; 1.27) 1.01 (0.91; 1.11) Ethinyl estradiol and levonorgestrel 0.03 mg ethinyl estradiol and 0.15 mg levonorgestrel 200 mg QD for 6 days 0.91 (0.88; 0.94) 0.92 (0.84; 0.99) Hydrochlorothiazide 25 mg QD for 35 days 300 mg QD for 7 days 1.12 (1.08; 1.17) 1.15 (1.06; 1.25) Metformin HCl 2,000 mg 300 mg QD for 8 days 1.10 (1.05; 1.15) 1.05 (0.96; 1.16) Probenecid 500 mg BID for 3 days 300 mg QD for 17 days 1.21 (1.16; 1.25) 1.13 (1.00; 1.28) Table 9: Effect of Canagliflozin on Systemic Exposure of Co-Administered Drugs Co-Administered Drug Dose of Co-Administered Drug Single dose unless otherwise noted Dose of Canagliflozin Geometric Mean Ratio (Ratio With/Without Co-Administered Drug) No Effect = 1.0 AUC AUC inf for drugs given as a single dose and AUC 24h for drugs given as multiple doses (90% CI) C max (90% CI) QD = once daily; BID = twice daily; INR = International Normalized Ratio See Drug Interactions (7) for the clinical relevance of the following: Digoxin 0.5 mg QD first day followed by 0.25 mg QD for 6 days 300 mg QD for 7 days Digoxin 1.20 (1.12; 1.28) 1.36 (1.21; 1.53) No dose adjustments of co-administered drug required for the following: Acetaminophen 1,000 mg 300 mg BID for 25 days Acetaminophen 1.06 AUC 0–12h (0.98; 1.14) 1.00 (0.92; 1.09) Ethinyl estradiol and levonorgestrel 0.03 mg ethinyl estradiol and 0.15 mg levonorgestrel 200 mg QD for 6 days ethinyl estradiol 1.07 (0.99; 1.15) 1.22 (1.10; 1.35) Levonorgestrel 1.06 (1.00; 1.13) 1.22 (1.11; 1.35) Glyburide 1.25 mg 200 mg QD for 6 days Glyburide 1.02 (0.98; 1.07) 0.93 (0.85; 1.01) 3-cis-hydroxy-glyburide 1.01 (0.96; 1.07) 0.99 (0.91; 1.08) 4-trans-hydroxy-glyburide 1.03 (0.97; 1.09) 0.96 (0.88; 1.04) Hydrochlorothiazide 25 mg QD for 35 days 300 mg QD for 7 days Hydrochlorothiazide 0.99 (0.95; 1.04) 0.94 (0.87; 1.01) Metformin HCl 2,000 mg 300 mg QD for 8 days Metformin HCl 1.20 (1.08; 1.34) 1.06 (0.93; 1.20) Simvastatin 40 mg 300 mg QD for 7 days Simvastatin 1.12 (0.94; 1.33) 1.09 (0.91; 1.31) simvastatin acid 1.18 (1.03; 1.35) 1.26 (1.10; 1.45) Warfarin 30 mg 300 mg QD for 12 days (R)-warfarin 1.01 (0.96; 1.06) 1.03 (0.94; 1.13) (S)-warfarin 1.06 (1.00; 1.12) 1.01 (0.90; 1.13) INR 1.00 (0.98; 1.03) 1.05 (0.99; 1.12)"
metformin,pioglitazone,Not stated in FDA label,"[clinical_pharmacology] Lipids in a 26-Week Placebo-Controlled Monotherapy Dose-Ranging Study Placebo Pioglitazone Tablets 15 mg Once Daily Pioglitazone Tablets 30 mg Once Daily Pioglitazone Tablets 45 mg Once Daily * Adjusted for baseline, pooled center, and pooled center by treatment interaction † p<0.05 versus placebo Triglycerides (mg/dL) N=79 N=79 N=84 N=77 Baseline (mean) 263 284 261 260 Percent change from baseline (adjusted mean * ) 4.8% -9.0% † -9.6% † -9.3% † HDL Cholesterol (mg/dL) N=79 N=79 N=83 N=77 Baseline (mean) 42 40 41 41 Percent change from baseline (adjusted mean * ) 8.1% 14.1% † 12.2% 19.1% † LDL Cholesterol (mg/dL) N=65 N=63 N=74 N=62 Baseline (mean) 139 132 136 127 Percent change from baseline (adjusted mean * ) 4.8% 7.2% 5.2% 6.0% Total Cholesterol (mg/dL) N=79 N=79 N=84 N=77 Baseline (mean) 225 220 223 214 Percent change from baseline (adjusted mean * ) 4.4% 4.6% 3.3% 6.4% In the two other monotherapy studies (16 weeks and 24 weeks) and in combination therapy studies with sulfonylurea (16 weeks and 24 weeks), metformin (16 weeks and 24 weeks) or insulin (16 weeks and 24 weeks), the results were generally consistent with the data above. [clinical_pharmacology] Effect of Pioglitazone Coadministration on Systemic Exposure of Other Drugs Coadministered Drug * Daily for 7 days unless otherwise noted † % change (with/without coadministered drug and no change = 0%); symbols of ↑ and ↓ indicate the exposure increase and decrease, respectively ‡ Pioglitazone had no clinically significant effect on prothrombin time Pioglitazone Dosage Regimen (mg) * Name and Dose Regimens Change in AUC † Change in C max † Warfarin ‡ 45 mg Daily loading then maintenance doses based PT and INR values Quick's Value = 35 ± 5% R-Warfarin ↓ 3% R-Warfarin ↓ 2% (N = 12) S-Warfarin ↓ 1% S-Warfarin ↑ 1% 45 mg Digoxin (N = 12) 0.200 mg twice daily (loading dose) then 0.250 mg daily (maintenance dose, 7 days) ↑ 15% ↑ 17% 45 mg daily for 21 days Oral Contraceptive (N = 35) [Ethinyl Estradiol (EE) 0.035 mg plus Norethindrone (NE) 1 mg] for 21 days EE ↓ 11% EE ↓ 13% NE ↑ 3% NE ↓ 7% 45 mg Fexofenadine (N = 23) 60 mg twice daily for 7 days ↑ 30% ↑ 37% 45 mg Glipizide (N = 14) 5 mg daily for 7 days ↓ 3% ↓ 8% 45 mg daily for 8 days Metformin (N = 16) 1000 mg single dose on Day 8 ↓ 3% ↓ 5% 45 mg Midazolam (N = 21) 7.5 mg single dose on Day 15 ↓ 26% ↓ 26% 45 mg Ranitidine (N = 24) 150 mg twice daily for 7 days ↑ 1% ↓ 1% 45 mg daily for 4 days Nifedipine ER (N = 24) 30 mg daily for 4 days ↓ 13% ↓ 17% 45 mg Atorvastatin Ca (N = 25) 80 mg daily for 7 days ↓ 14% ↓ 23% 45 mg Theophylline (N = 22) 400 mg twice daily for 7 days ↑ 2% ↑ 5% Table 16.",Follow the management information in the FDA label and verify with prescribing clinician.,https://api.fda.gov/drug/label.json?search=id:258c9ca5-41a1-44dc-8d3a-958bf6613e40,"[clinical_pharmacology] Lipids in a 26-Week Placebo-Controlled Monotherapy Dose-Ranging Study Placebo Pioglitazone Tablets 15 mg Once Daily Pioglitazone Tablets 30 mg Once Daily Pioglitazone Tablets 45 mg Once Daily * Adjusted for baseline, pooled center, and pooled center by treatment interaction † p<0.05 versus placebo Triglycerides (mg/dL) N=79 N=79 N=84 N=77 Baseline (mean) 263 284 261 260 Percent change from baseline (adjusted mean * ) 4.8% -9.0% † -9.6% † -9.3% † HDL Cholesterol (mg/dL) N=79 N=79 N=83 N=77 Baseline (mean) 42 40 41 41 Percent change from baseline (adjusted mean * ) 8.1% 14.1% † 12.2% 19.1% † LDL Cholesterol (mg/dL) N=65 N=63 N=74 N=62 Baseline (mean) 139 132 136 127 Percent change from baseline (adjusted mean * ) 4.8% 7.2% 5.2% 6.0% Total Cholesterol (mg/dL) N=79 N=79 N=84 N=77 Baseline (mean) 225 220 223 214 Percent change from baseline (adjusted mean * ) 4.4% 4.6% 3.3% 6.4% In the two other monotherapy studies (16 weeks and 24 weeks) and in combination therapy studies with sulfonylurea (16 weeks and 24 weeks), metformin (16 weeks and 24 weeks) or insulin (16 weeks and 24 weeks), the results were generally consistent with the data above. [clinical_pharmacology] Effect of Pioglitazone Coadministration on Systemic Exposure of Other Drugs Coadministered Drug * Daily for 7 days unless otherwise noted † % change (with/without coadministered drug and no change = 0%); symbols of ↑ and ↓ indicate the exposure increase and decrease, respectively ‡ Pioglitazone had no clinically significant effect on prothrombin time Pioglitazone Dosage Regimen (mg) * Name and Dose Regimens Change in AUC † Change in C max † Warfarin ‡ 45 mg Daily loading then maintenance doses based PT and INR values Quick's Value = 35 ± 5% R-Warfarin ↓ 3% R-Warfarin ↓ 2% (N = 12) S-Warfarin ↓ 1% S-Warfarin ↑ 1% 45 mg Digoxin (N = 12) 0.200 mg twice daily (loading dose) then 0.250 mg daily (maintenance dose, 7 days) ↑ 15% ↑ 17% 45 mg daily for 21 days Oral Contraceptive (N = 35) [Ethinyl Estradiol (EE) 0.035 mg plus Norethindrone (NE) 1 mg] for 21 days EE ↓ 11% EE ↓ 13% NE ↑ 3% NE ↓ 7% 45 mg Fexofenadine (N = 23) 60 mg twice daily for 7 days ↑ 30% ↑ 37% 45 mg Glipizide (N = 14) 5 mg daily for 7 days ↓ 3% ↓ 8% 45 mg daily for 8 days Metformin (N = 16) 1000 mg single dose on Day 8 ↓ 3% ↓ 5% 45 mg Midazolam (N = 21) 7.5 mg single dose on Day 15 ↓ 26% ↓ 26% 45 mg Ranitidine (N = 24) 150 mg twice daily for 7 days ↑ 1% ↓ 1% 45 mg daily for 4 days Nifedipine ER (N = 24) 30 mg daily for 4 days ↓ 13% ↓ 17% 45 mg Atorvastatin Ca (N = 25) 80 mg daily for 7 days ↓ 14% ↓ 23% 45 mg Theophylline (N = 22) 400 mg twice daily for 7 days ↑ 2% ↑ 5% Table 16."
metformin,insulin,Not stated in FDA label,"[drug_interactions] Insulin Secretagogues or Insulin Clinical Impact: Coadministration of metformin hydrochloride tablets with an insulin secretagogue (e.g., sulfonylurea) or insulin may increase the risk of hypoglycemia. [warnings_and_cautions] ( 5.2 ) Hypoglycemia with Concomitant Use with Insulin and Insulin Secretagogues: Increased risk of hypoglycemia when used in combination with insulin and/or an insulin secretagogue. [warnings_and_cautions] Lower dose of insulin or insulin secretagogue may be required ( 5.3 ) 5.1 Lactic Acidosis There have been postmarketing cases of metformin-associated lactic acidosis, including fatal cases.",Follow the management information in the FDA label and verify with prescribing clinician.,https://api.fda.gov/drug/label.json?search=id:19e4bfb8-2ed1-4a6b-adf5-853ad2953362,"[drug_interactions] Insulin Secretagogues or Insulin Clinical Impact: Coadministration of metformin hydrochloride tablets with an insulin secretagogue (e.g., sulfonylurea) or insulin may increase the risk of hypoglycemia. [warnings_and_cautions] ( 5.2 ) Hypoglycemia with Concomitant Use with Insulin and Insulin Secretagogues: Increased risk of hypoglycemia when used in combination with insulin and/or an insulin secretagogue. [warnings_and_cautions] Lower dose of insulin or insulin secretagogue may be required ( 5.3 ) 5.1 Lactic Acidosis There have been postmarketing cases of metformin-associated lactic acidosis, including fatal cases."
metformin,valsartan,Not stated in FDA label,"[clinical_pharmacology] Dedicated drug interaction studies demonstrated that coadministration of furosemide, warfarin, digoxin, carvedilol, a combination of levonorgestrel/ethinyl estradiol, amlodipine, omeprazole, hydrochlorothiazide (HCTZ), metformin, atorvastatin, and sildenafil, did not alter the systemic exposure to sacubitril, LBQ657 or valsartan.",Follow the management information in the FDA label and verify with prescribing clinician.,https://api.fda.gov/drug/label.json?search=id:27616611-6b9c-4e50-b93b-ed29c24f9857,"[clinical_pharmacology] Dedicated drug interaction studies demonstrated that coadministration of furosemide, warfarin, digoxin, carvedilol, a combination of levonorgestrel/ethinyl estradiol, amlodipine, omeprazole, hydrochlorothiazide (HCTZ), metformin, atorvastatin, and sildenafil, did not alter the systemic exposure to sacubitril, LBQ657 or valsartan."
metformin,nifedipine,Not stated in FDA label,"[clinical_pharmacology] Drug Interactions In Vivo Assessment of Drug Interactions Table 5: Effect of Coadministered Drug on Plasma Metformin Systemic Exposure * All metformin hydrochloride and coadministered drugs were given as single doses † AUC = AUC inf ‡ Ratio of arithmetic means § At steady state with topiramate 100 mg every 12 hours and metformin 500 mg every 12 hours; AUC = AUC 0-12h Coadministered Drug Dose of Coadministered Drug* Dose of Metformin hydrochloride* Geometric Mean Ratio (ratio with/without coadministered drug) No Effect = 1.00 AUC † C max No dosing adjustments required for the following: Glyburide 5 mg 850 mg metformin 0.91 ‡ 0.93 ‡ Furosemide 40 mg 850 mg metformin 1.09 ‡ 1.22 ‡ Nifedipine 10 mg 850 mg metformin 1.16 1.21 Propranolol 40 mg 850 mg metformin 0.90 0.94 Ibuprofen 400 mg 850 mg metformin 1.05 ‡ 1.07 ‡ Cationic drugs eliminated by renal tubular secretion may reduce metformin elimination [ See Warnings and Precautions ( 5.1 ) and Drug Interactions ( 7 ). [clinical_pharmacology] ] Cimetidine 400 mg 850 mg metformin 1.40 1.61 Carbonic anhydrase inhibitors may cause metabolic acidosis [See Warnings and Precautions ( 5.1 ) and Drug Interactions ( 7 ).] Topiramate 100 mg § 500 mg § metformin 1.25 § 1.17 Table 6: Effect of Metformin on Coadministered Drug Systemic Exposure * All metformin hydrochloride and coadministered drugs were given as single doses † AUC = AUC inf unless otherwise noted ‡ Ratio of arithmetic means, p-value of difference < 0.05 § AUC 0-24 hr reported ¶ Ratio of arithmetic means Coadministered Drug Dose of Coadministered Drug* Dose of Metformin hydrochloride* Geometric Mean Ratio (ratio with/without metformin) No Effect = 1.00 AUC † C max No dosing adjustments required for the following: Glyburide 5 mg 850 mg glyburide 0.78 ‡ 0.63 ‡ Furosemide 40 mg 850 mg furosemide 0.87 ‡ 0.69 ‡ Nifedipine 10 mg 850 mg nifedipine 1.10 § 1.08 Propranolol 40 mg 850 mg propranolol 1.01 § 1.02 Ibuprofen 400 mg 850 mg ibuprofen 0.97 ¶ 1.01 ¶ Cimetidine 400 mg 850 mg cimetidine 0.95 § 1.01",Follow the management information in the FDA label and verify with prescribing clinician.,https://api.fda.gov/drug/label.json?search=id:511138d4-8c1a-2198-e063-6394a90afc43,"[clinical_pharmacology] Drug Interactions In Vivo Assessment of Drug Interactions Table 5: Effect of Coadministered Drug on Plasma Metformin Systemic Exposure * All metformin hydrochloride and coadministered drugs were given as single doses † AUC = AUC inf ‡ Ratio of arithmetic means § At steady state with topiramate 100 mg every 12 hours and metformin 500 mg every 12 hours; AUC = AUC 0-12h Coadministered Drug Dose of Coadministered Drug* Dose of Metformin hydrochloride* Geometric Mean Ratio (ratio with/without coadministered drug) No Effect = 1.00 AUC † C max No dosing adjustments required for the following: Glyburide 5 mg 850 mg metformin 0.91 ‡ 0.93 ‡ Furosemide 40 mg 850 mg metformin 1.09 ‡ 1.22 ‡ Nifedipine 10 mg 850 mg metformin 1.16 1.21 Propranolol 40 mg 850 mg metformin 0.90 0.94 Ibuprofen 400 mg 850 mg metformin 1.05 ‡ 1.07 ‡ Cationic drugs eliminated by renal tubular secretion may reduce metformin elimination [ See Warnings and Precautions ( 5.1 ) and Drug Interactions ( 7 ). [clinical_pharmacology] ] Cimetidine 400 mg 850 mg metformin 1.40 1.61 Carbonic anhydrase inhibitors may cause metabolic acidosis [See Warnings and Precautions ( 5.1 ) and Drug Interactions ( 7 ).] Topiramate 100 mg § 500 mg § metformin 1.25 § 1.17 Table 6: Effect of Metformin on Coadministered Drug Systemic Exposure * All metformin hydrochloride and coadministered drugs were given as single doses † AUC = AUC inf unless otherwise noted ‡ Ratio of arithmetic means, p-value of difference < 0.05 § AUC 0-24 hr reported ¶ Ratio of arithmetic means Coadministered Drug Dose of Coadministered Drug* Dose of Metformin hydrochloride* Geometric Mean Ratio (ratio with/without metformin) No Effect = 1.00 AUC † C max No dosing adjustments required for the following: Glyburide 5 mg 850 mg glyburide 0.78 ‡ 0.63 ‡ Furosemide 40 mg 850 mg furosemide 0.87 ‡ 0.69 ‡ Nifedipine 10 mg 850 mg nifedipine 1.10 § 1.08 Propranolol 40 mg 850 mg propranolol 1.01 § 1.02 Ibuprofen 400 mg 850 mg ibuprofen 0.97 ¶ 1.01 ¶ Cimetidine 400 mg 850 mg cimetidine 0.95 § 1.01"
metformin,propranolol,Not stated in FDA label,"[clinical_pharmacology] Drug Interactions In Vivo Assessment of Drug Interactions Table 5: Effect of Coadministered Drug on Plasma Metformin Systemic Exposure * All metformin hydrochloride and coadministered drugs were given as single doses † AUC = AUC inf ‡ Ratio of arithmetic means § At steady state with topiramate 100 mg every 12 hours and metformin 500 mg every 12 hours; AUC = AUC 0-12h Coadministered Drug Dose of Coadministered Drug* Dose of Metformin hydrochloride* Geometric Mean Ratio (ratio with/without coadministered drug) No Effect = 1.00 AUC † C max No dosing adjustments required for the following: Glyburide 5 mg 850 mg metformin 0.91 ‡ 0.93 ‡ Furosemide 40 mg 850 mg metformin 1.09 ‡ 1.22 ‡ Nifedipine 10 mg 850 mg metformin 1.16 1.21 Propranolol 40 mg 850 mg metformin 0.90 0.94 Ibuprofen 400 mg 850 mg metformin 1.05 ‡ 1.07 ‡ Cationic drugs eliminated by renal tubular secretion may reduce metformin elimination [ See Warnings and Precautions ( 5.1 ) and Drug Interactions ( 7 ). [clinical_pharmacology] ] Cimetidine 400 mg 850 mg metformin 1.40 1.61 Carbonic anhydrase inhibitors may cause metabolic acidosis [See Warnings and Precautions ( 5.1 ) and Drug Interactions ( 7 ).] Topiramate 100 mg § 500 mg § metformin 1.25 § 1.17 Table 6: Effect of Metformin on Coadministered Drug Systemic Exposure * All metformin hydrochloride and coadministered drugs were given as single doses † AUC = AUC inf unless otherwise noted ‡ Ratio of arithmetic means, p-value of difference < 0.05 § AUC 0-24 hr reported ¶ Ratio of arithmetic means Coadministered Drug Dose of Coadministered Drug* Dose of Metformin hydrochloride* Geometric Mean Ratio (ratio with/without metformin) No Effect = 1.00 AUC † C max No dosing adjustments required for the following: Glyburide 5 mg 850 mg glyburide 0.78 ‡ 0.63 ‡ Furosemide 40 mg 850 mg furosemide 0.87 ‡ 0.69 ‡ Nifedipine 10 mg 850 mg nifedipine 1.10 § 1.08 Propranolol 40 mg 850 mg propranolol 1.01 § 1.02 Ibuprofen 400 mg 850 mg ibuprofen 0.97 ¶ 1.01 ¶ Cimetidine 400 mg 850 mg cimetidine 0.95 § 1.01",Follow the management information in the FDA label and verify with prescribing clinician.,https://api.fda.gov/drug/label.json?search=id:511138d4-8c1a-2198-e063-6394a90afc43,"[clinical_pharmacology] Drug Interactions In Vivo Assessment of Drug Interactions Table 5: Effect of Coadministered Drug on Plasma Metformin Systemic Exposure * All metformin hydrochloride and coadministered drugs were given as single doses † AUC = AUC inf ‡ Ratio of arithmetic means § At steady state with topiramate 100 mg every 12 hours and metformin 500 mg every 12 hours; AUC = AUC 0-12h Coadministered Drug Dose of Coadministered Drug* Dose of Metformin hydrochloride* Geometric Mean Ratio (ratio with/without coadministered drug) No Effect = 1.00 AUC † C max No dosing adjustments required for the following: Glyburide 5 mg 850 mg metformin 0.91 ‡ 0.93 ‡ Furosemide 40 mg 850 mg metformin 1.09 ‡ 1.22 ‡ Nifedipine 10 mg 850 mg metformin 1.16 1.21 Propranolol 40 mg 850 mg metformin 0.90 0.94 Ibuprofen 400 mg 850 mg metformin 1.05 ‡ 1.07 ‡ Cationic drugs eliminated by renal tubular secretion may reduce metformin elimination [ See Warnings and Precautions ( 5.1 ) and Drug Interactions ( 7 ). [clinical_pharmacology] ] Cimetidine 400 mg 850 mg metformin 1.40 1.61 Carbonic anhydrase inhibitors may cause metabolic acidosis [See Warnings and Precautions ( 5.1 ) and Drug Interactions ( 7 ).] Topiramate 100 mg § 500 mg § metformin 1.25 § 1.17 Table 6: Effect of Metformin on Coadministered Drug Systemic Exposure * All metformin hydrochloride and coadministered drugs were given as single doses † AUC = AUC inf unless otherwise noted ‡ Ratio of arithmetic means, p-value of difference < 0.05 § AUC 0-24 hr reported ¶ Ratio of arithmetic means Coadministered Drug Dose of Coadministered Drug* Dose of Metformin hydrochloride* Geometric Mean Ratio (ratio with/without metformin) No Effect = 1.00 AUC † C max No dosing adjustments required for the following: Glyburide 5 mg 850 mg glyburide 0.78 ‡ 0.63 ‡ Furosemide 40 mg 850 mg furosemide 0.87 ‡ 0.69 ‡ Nifedipine 10 mg 850 mg nifedipine 1.10 § 1.08 Propranolol 40 mg 850 mg propranolol 1.01 § 1.02 Ibuprofen 400 mg 850 mg ibuprofen 0.97 ¶ 1.01 ¶ Cimetidine 400 mg 850 mg cimetidine 0.95 § 1.01"
metformin,furosemide,Not stated in FDA label,"[clinical_pharmacology] Drug Interactions In Vivo Assessment of Drug Interactions Table 5: Effect of Coadministered Drug on Plasma Metformin Systemic Exposure * All metformin hydrochloride and coadministered drugs were given as single doses † AUC = AUC inf ‡ Ratio of arithmetic means § At steady state with topiramate 100 mg every 12 hours and metformin 500 mg every 12 hours; AUC = AUC 0-12h Coadministered Drug Dose of Coadministered Drug* Dose of Metformin hydrochloride* Geometric Mean Ratio (ratio with/without coadministered drug) No Effect = 1.00 AUC † C max No dosing adjustments required for the following: Glyburide 5 mg 850 mg metformin 0.91 ‡ 0.93 ‡ Furosemide 40 mg 850 mg metformin 1.09 ‡ 1.22 ‡ Nifedipine 10 mg 850 mg metformin 1.16 1.21 Propranolol 40 mg 850 mg metformin 0.90 0.94 Ibuprofen 400 mg 850 mg metformin 1.05 ‡ 1.07 ‡ Cationic drugs eliminated by renal tubular secretion may reduce metformin elimination [ See Warnings and Precautions ( 5.1 ) and Drug Interactions ( 7 ). [clinical_pharmacology] ] Cimetidine 400 mg 850 mg metformin 1.40 1.61 Carbonic anhydrase inhibitors may cause metabolic acidosis [See Warnings and Precautions ( 5.1 ) and Drug Interactions ( 7 ).] Topiramate 100 mg § 500 mg § metformin 1.25 § 1.17 Table 6: Effect of Metformin on Coadministered Drug Systemic Exposure * All metformin hydrochloride and coadministered drugs were given as single doses † AUC = AUC inf unless otherwise noted ‡ Ratio of arithmetic means, p-value of difference < 0.05 § AUC 0-24 hr reported ¶ Ratio of arithmetic means Coadministered Drug Dose of Coadministered Drug* Dose of Metformin hydrochloride* Geometric Mean Ratio (ratio with/without metformin) No Effect = 1.00 AUC † C max No dosing adjustments required for the following: Glyburide 5 mg 850 mg glyburide 0.78 ‡ 0.63 ‡ Furosemide 40 mg 850 mg furosemide 0.87 ‡ 0.69 ‡ Nifedipine 10 mg 850 mg nifedipine 1.10 § 1.08 Propranolol 40 mg 850 mg propranolol 1.01 § 1.02 Ibuprofen 400 mg 850 mg ibuprofen 0.97 ¶ 1.01 ¶ Cimetidine 400 mg 850 mg cimetidine 0.95 § 1.01",Follow the management information in the FDA label and verify with prescribing clinician.,https://api.fda.gov/drug/label.json?search=id:511138d4-8c1a-2198-e063-6394a90afc43,"[clinical_pharmacology] Drug Interactions In Vivo Assessment of Drug Interactions Table 5: Effect of Coadministered Drug on Plasma Metformin Systemic Exposure * All metformin hydrochloride and coadministered drugs were given as single doses † AUC = AUC inf ‡ Ratio of arithmetic means § At steady state with topiramate 100 mg every 12 hours and metformin 500 mg every 12 hours; AUC = AUC 0-12h Coadministered Drug Dose of Coadministered Drug* Dose of Metformin hydrochloride* Geometric Mean Ratio (ratio with/without coadministered drug) No Effect = 1.00 AUC † C max No dosing adjustments required for the following: Glyburide 5 mg 850 mg metformin 0.91 ‡ 0.93 ‡ Furosemide 40 mg 850 mg metformin 1.09 ‡ 1.22 ‡ Nifedipine 10 mg 850 mg metformin 1.16 1.21 Propranolol 40 mg 850 mg metformin 0.90 0.94 Ibuprofen 400 mg 850 mg metformin 1.05 ‡ 1.07 ‡ Cationic drugs eliminated by renal tubular secretion may reduce metformin elimination [ See Warnings and Precautions ( 5.1 ) and Drug Interactions ( 7 ). [clinical_pharmacology] ] Cimetidine 400 mg 850 mg metformin 1.40 1.61 Carbonic anhydrase inhibitors may cause metabolic acidosis [See Warnings and Precautions ( 5.1 ) and Drug Interactions ( 7 ).] Topiramate 100 mg § 500 mg § metformin 1.25 § 1.17 Table 6: Effect of Metformin on Coadministered Drug Systemic Exposure * All metformin hydrochloride and coadministered drugs were given as single doses † AUC = AUC inf unless otherwise noted ‡ Ratio of arithmetic means, p-value of difference < 0.05 § AUC 0-24 hr reported ¶ Ratio of arithmetic means Coadministered Drug Dose of Coadministered Drug* Dose of Metformin hydrochloride* Geometric Mean Ratio (ratio with/without metformin) No Effect = 1.00 AUC † C max No dosing adjustments required for the following: Glyburide 5 mg 850 mg glyburide 0.78 ‡ 0.63 ‡ Furosemide 40 mg 850 mg furosemide 0.87 ‡ 0.69 ‡ Nifedipine 10 mg 850 mg nifedipine 1.10 § 1.08 Propranolol 40 mg 850 mg propranolol 1.01 § 1.02 Ibuprofen 400 mg 850 mg ibuprofen 0.97 ¶ 1.01 ¶ Cimetidine 400 mg 850 mg cimetidine 0.95 § 1.01"
metformin,simvastatin,Not stated in FDA label,"[clinical_pharmacology] 0.8 Simvastatin Acid 1.12 1.06 Rosiglitazone 4 mg 200 mg once daily for 5 days Rosiglitazone 0.98 0.99 Warfarin 30 mg single dose on day 5 200 mg once daily for 11 days S(-) Warfarin 0.95 0.89 R(+) Warfarin 0.99 0.89 Ethinyl estradiol and norethindrone 21 days once daily of 35 µg ethinyl estradiol with norethindrone 0.5 mg x 7 days, 0.75 mg x 7 days, 1 mg x 7 days 200 mg once daily for 21 days Ethinyl estradiol 0.99 0.97 Norethindrone 1.03 0.98 Metformin HCl 1,000 mg twice daily for 14 days 50 mg twice daily for 7 days Metformin 1.02 AUC 0-12hr.",Follow the management information in the FDA label and verify with prescribing clinician.,https://api.fda.gov/drug/label.json?search=id:8c26dc1a-fba3-4266-bfaf-624b0941ef8b,"[clinical_pharmacology] 0.8 Simvastatin Acid 1.12 1.06 Rosiglitazone 4 mg 200 mg once daily for 5 days Rosiglitazone 0.98 0.99 Warfarin 30 mg single dose on day 5 200 mg once daily for 11 days S(-) Warfarin 0.95 0.89 R(+) Warfarin 0.99 0.89 Ethinyl estradiol and norethindrone 21 days once daily of 35 µg ethinyl estradiol with norethindrone 0.5 mg x 7 days, 0.75 mg x 7 days, 1 mg x 7 days 200 mg once daily for 21 days Ethinyl estradiol 0.99 0.97 Norethindrone 1.03 0.98 Metformin HCl 1,000 mg twice daily for 14 days 50 mg twice daily for 7 days Metformin 1.02 AUC 0-12hr."
metformin,fenofibrate,Not stated in FDA label,"[clinical_pharmacology] Effects of Co-Administered Drugs on Fenofibric Acid Systemic Exposure from Fenofibrate Administration Co-Administered Drug Dosage Regimen of Co-Administered Drug Dosage Regimen of Fenofibrate Changes in Fenofibric Acid Exposure AUC Cmax Lipid-lowering medications Atorvastatin 20 mg once daily for 10 days Fenofibrate 160 mg 1 once daily for 10 days ↓2% ↓4% Pravastatin 40 mg as a single dose Fenofibrate 3 x 67 mg 2 as a single dose ↓1% ↓2% Fluvastatin 40 mg as a single dose Fenofibrate 160 mg 1 as a single dose ↓2% ↓10% Anti-diabetic medications Glimepiride 1 mg as a single dose Fenofibrate 145 mg 1 once daily for 10 days ↑1% ↓1% Metformin 850 mg three times daily for 10 days Fenofibrate 54 mg 1 three times daily for 10 days ↓9% ↓6% Rosiglitazone 8 mg once daily for 5 days Fenofibrate 145 mg 1 once daily for 14 days ↑10% ↑3% 1 Fenofibrate oral tablet 2 Fenofibrate oral micronized capsule Table 4. [clinical_pharmacology] Effects of Fenofibrate Co-Administration on Systemic Exposure of Other Drugs Dosage Regimen of Fenofibrate Dosage Regimen of Co-Administered Drug Changes in Co-Administered Drug Exposure Analyte AUC Cmax Lipid-lowering medications Fenofibrate 160 mg 1 once daily for 10 days Atorvastatin, 20 mg once daily for 10 days Atorvastatin ↓17% 0% Fenofibrate 3 x 67 mg 2 as a single dose Pravastatin, 40 mg as a single dose Pravastatin ↑13% ↑13% 3α-Hydroxyl-iso-pravastatin ↑26% ↑29% Fenofibrate 160 mg 1 as a single dose Fluvastatin, 40 mg as a single dose (+)-3R, 5S-Fluvastatin ↑15% ↑16% Anti-diabetic medications Fenofibrate 145 mg 1 once daily for 10 days Glimepiride, 1 mg as a single dose Glimepiride ↑35% ↑18% Fenofibrate 54 mg 1 three times daily for 10 days Metformin, 850 mg three times daily for 10 days Metformin ↑3% ↑6% Fenofibrate 145 mg 1 once daily for 14 days Rosiglitazone, 8 mg once daily for 5 days Rosiglitazone ↑6% ↓1% 1 Fenofibrate oral tablet 2 Fenofibrate oral micronized capsule",Follow the management information in the FDA label and verify with prescribing clinician.,https://api.fda.gov/drug/label.json?search=id:4a8d21ca-db2a-a1b4-e063-6394a90ac708,"[clinical_pharmacology] Effects of Co-Administered Drugs on Fenofibric Acid Systemic Exposure from Fenofibrate Administration Co-Administered Drug Dosage Regimen of Co-Administered Drug Dosage Regimen of Fenofibrate Changes in Fenofibric Acid Exposure AUC Cmax Lipid-lowering medications Atorvastatin 20 mg once daily for 10 days Fenofibrate 160 mg 1 once daily for 10 days ↓2% ↓4% Pravastatin 40 mg as a single dose Fenofibrate 3 x 67 mg 2 as a single dose ↓1% ↓2% Fluvastatin 40 mg as a single dose Fenofibrate 160 mg 1 as a single dose ↓2% ↓10% Anti-diabetic medications Glimepiride 1 mg as a single dose Fenofibrate 145 mg 1 once daily for 10 days ↑1% ↓1% Metformin 850 mg three times daily for 10 days Fenofibrate 54 mg 1 three times daily for 10 days ↓9% ↓6% Rosiglitazone 8 mg once daily for 5 days Fenofibrate 145 mg 1 once daily for 14 days ↑10% ↑3% 1 Fenofibrate oral tablet 2 Fenofibrate oral micronized capsule Table 4. [clinical_pharmacology] Effects of Fenofibrate Co-Administration on Systemic Exposure of Other Drugs Dosage Regimen of Fenofibrate Dosage Regimen of Co-Administered Drug Changes in Co-Administered Drug Exposure Analyte AUC Cmax Lipid-lowering medications Fenofibrate 160 mg 1 once daily for 10 days Atorvastatin, 20 mg once daily for 10 days Atorvastatin ↓17% 0% Fenofibrate 3 x 67 mg 2 as a single dose Pravastatin, 40 mg as a single dose Pravastatin ↑13% ↑13% 3α-Hydroxyl-iso-pravastatin ↑26% ↑29% Fenofibrate 160 mg 1 as a single dose Fluvastatin, 40 mg as a single dose (+)-3R, 5S-Fluvastatin ↑15% ↑16% Anti-diabetic medications Fenofibrate 145 mg 1 once daily for 10 days Glimepiride, 1 mg as a single dose Glimepiride ↑35% ↑18% Fenofibrate 54 mg 1 three times daily for 10 days Metformin, 850 mg three times daily for 10 days Metformin ↑3% ↑6% Fenofibrate 145 mg 1 once daily for 14 days Rosiglitazone, 8 mg once daily for 5 days Rosiglitazone ↑6% ↓1% 1 Fenofibrate oral tablet 2 Fenofibrate oral micronized capsule"
metformin,ibuprofen,Not stated in FDA label,"[clinical_pharmacology] Drug Interactions In Vivo Assessment of Drug Interactions Table 5: Effect of Coadministered Drug on Plasma Metformin Systemic Exposure * All metformin hydrochloride and coadministered drugs were given as single doses † AUC = AUC inf ‡ Ratio of arithmetic means § At steady state with topiramate 100 mg every 12 hours and metformin 500 mg every 12 hours; AUC = AUC 0-12h Coadministered Drug Dose of Coadministered Drug* Dose of Metformin hydrochloride* Geometric Mean Ratio (ratio with/without coadministered drug) No Effect = 1.00 AUC † C max No dosing adjustments required for the following: Glyburide 5 mg 850 mg metformin 0.91 ‡ 0.93 ‡ Furosemide 40 mg 850 mg metformin 1.09 ‡ 1.22 ‡ Nifedipine 10 mg 850 mg metformin 1.16 1.21 Propranolol 40 mg 850 mg metformin 0.90 0.94 Ibuprofen 400 mg 850 mg metformin 1.05 ‡ 1.07 ‡ Cationic drugs eliminated by renal tubular secretion may reduce metformin elimination [ See Warnings and Precautions ( 5.1 ) and Drug Interactions ( 7 ). [clinical_pharmacology] ] Cimetidine 400 mg 850 mg metformin 1.40 1.61 Carbonic anhydrase inhibitors may cause metabolic acidosis [See Warnings and Precautions ( 5.1 ) and Drug Interactions ( 7 ).] Topiramate 100 mg § 500 mg § metformin 1.25 § 1.17 Table 6: Effect of Metformin on Coadministered Drug Systemic Exposure * All metformin hydrochloride and coadministered drugs were given as single doses † AUC = AUC inf unless otherwise noted ‡ Ratio of arithmetic means, p-value of difference < 0.05 § AUC 0-24 hr reported ¶ Ratio of arithmetic means Coadministered Drug Dose of Coadministered Drug* Dose of Metformin hydrochloride* Geometric Mean Ratio (ratio with/without metformin) No Effect = 1.00 AUC † C max No dosing adjustments required for the following: Glyburide 5 mg 850 mg glyburide 0.78 ‡ 0.63 ‡ Furosemide 40 mg 850 mg furosemide 0.87 ‡ 0.69 ‡ Nifedipine 10 mg 850 mg nifedipine 1.10 § 1.08 Propranolol 40 mg 850 mg propranolol 1.01 § 1.02 Ibuprofen 400 mg 850 mg ibuprofen 0.97 ¶ 1.01 ¶ Cimetidine 400 mg 850 mg cimetidine 0.95 § 1.01",Follow the management information in the FDA label and verify with prescribing clinician.,https://api.fda.gov/drug/label.json?search=id:511138d4-8c1a-2198-e063-6394a90afc43,"[clinical_pharmacology] Drug Interactions In Vivo Assessment of Drug Interactions Table 5: Effect of Coadministered Drug on Plasma Metformin Systemic Exposure * All metformin hydrochloride and coadministered drugs were given as single doses † AUC = AUC inf ‡ Ratio of arithmetic means § At steady state with topiramate 100 mg every 12 hours and metformin 500 mg every 12 hours; AUC = AUC 0-12h Coadministered Drug Dose of Coadministered Drug* Dose of Metformin hydrochloride* Geometric Mean Ratio (ratio with/without coadministered drug) No Effect = 1.00 AUC † C max No dosing adjustments required for the following: Glyburide 5 mg 850 mg metformin 0.91 ‡ 0.93 ‡ Furosemide 40 mg 850 mg metformin 1.09 ‡ 1.22 ‡ Nifedipine 10 mg 850 mg metformin 1.16 1.21 Propranolol 40 mg 850 mg metformin 0.90 0.94 Ibuprofen 400 mg 850 mg metformin 1.05 ‡ 1.07 ‡ Cationic drugs eliminated by renal tubular secretion may reduce metformin elimination [ See Warnings and Precautions ( 5.1 ) and Drug Interactions ( 7 ). [clinical_pharmacology] ] Cimetidine 400 mg 850 mg metformin 1.40 1.61 Carbonic anhydrase inhibitors may cause metabolic acidosis [See Warnings and Precautions ( 5.1 ) and Drug Interactions ( 7 ).] Topiramate 100 mg § 500 mg § metformin 1.25 § 1.17 Table 6: Effect of Metformin on Coadministered Drug Systemic Exposure * All metformin hydrochloride and coadministered drugs were given as single doses † AUC = AUC inf unless otherwise noted ‡ Ratio of arithmetic means, p-value of difference < 0.05 § AUC 0-24 hr reported ¶ Ratio of arithmetic means Coadministered Drug Dose of Coadministered Drug* Dose of Metformin hydrochloride* Geometric Mean Ratio (ratio with/without metformin) No Effect = 1.00 AUC † C max No dosing adjustments required for the following: Glyburide 5 mg 850 mg glyburide 0.78 ‡ 0.63 ‡ Furosemide 40 mg 850 mg furosemide 0.87 ‡ 0.69 ‡ Nifedipine 10 mg 850 mg nifedipine 1.10 § 1.08 Propranolol 40 mg 850 mg propranolol 1.01 § 1.02 Ibuprofen 400 mg 850 mg ibuprofen 0.97 ¶ 1.01 ¶ Cimetidine 400 mg 850 mg cimetidine 0.95 § 1.01"
metformin,warfarin,Not stated in FDA label,"[clinical_pharmacology] 0.8 Simvastatin Acid 1.12 1.06 Rosiglitazone 4 mg 200 mg once daily for 5 days Rosiglitazone 0.98 0.99 Warfarin 30 mg single dose on day 5 200 mg once daily for 11 days S(-) Warfarin 0.95 0.89 R(+) Warfarin 0.99 0.89 Ethinyl estradiol and norethindrone 21 days once daily of 35 µg ethinyl estradiol with norethindrone 0.5 mg x 7 days, 0.75 mg x 7 days, 1 mg x 7 days 200 mg once daily for 21 days Ethinyl estradiol 0.99 0.97 Norethindrone 1.03 0.98 Metformin HCl 1,000 mg twice daily for 14 days 50 mg twice daily for 7 days Metformin 1.02 AUC 0-12hr.",Follow the management information in the FDA label and verify with prescribing clinician.,https://api.fda.gov/drug/label.json?search=id:8c26dc1a-fba3-4266-bfaf-624b0941ef8b,"[clinical_pharmacology] 0.8 Simvastatin Acid 1.12 1.06 Rosiglitazone 4 mg 200 mg once daily for 5 days Rosiglitazone 0.98 0.99 Warfarin 30 mg single dose on day 5 200 mg once daily for 11 days S(-) Warfarin 0.95 0.89 R(+) Warfarin 0.99 0.89 Ethinyl estradiol and norethindrone 21 days once daily of 35 µg ethinyl estradiol with norethindrone 0.5 mg x 7 days, 0.75 mg x 7 days, 1 mg x 7 days 200 mg once daily for 21 days Ethinyl estradiol 0.99 0.97 Norethindrone 1.03 0.98 Metformin HCl 1,000 mg twice daily for 14 days 50 mg twice daily for 7 days Metformin 1.02 AUC 0-12hr."
metformin,digoxin,Not stated in FDA label,"[drug_interactions] Carvedilol 16% 14% Conivaptan 33% 43% Diltiazem 20% NA Indomethacin 40% NA Mirabegron 29% 27% Nefazodone 27% 15% Nifedipine 45% NA Propantheline 24% 24% Quinine NA 33% Rabeprazole 29% 19% Saquinavir 27% 49% Spironolactone 25% NA Telmisartan 20 to 49% NA Ticagrelor 31% 28% Tolvaptan 30% 20% Trimethoprim 22 to 28% NA Digoxin Concentrations Increased, but Magnitude is Unclear Alprazolam, Azithromycin, Cyclosporine, Diclofenac, Diphenoxylate, Epoprostenol, Esomeprazole, Ibuprofen, Ketoconazole, Lansoprazole, Metformin, Omeprazole Measure serum digoxin concentrations before initiating concomitant drugs.",Follow the management information in the FDA label and verify with prescribing clinician.,https://api.fda.gov/drug/label.json?search=id:db501397-8e41-4498-8626-49c6bfd79971,"[drug_interactions] Carvedilol 16% 14% Conivaptan 33% 43% Diltiazem 20% NA Indomethacin 40% NA Mirabegron 29% 27% Nefazodone 27% 15% Nifedipine 45% NA Propantheline 24% 24% Quinine NA 33% Rabeprazole 29% 19% Saquinavir 27% 49% Spironolactone 25% NA Telmisartan 20 to 49% NA Ticagrelor 31% 28% Tolvaptan 30% 20% Trimethoprim 22 to 28% NA Digoxin Concentrations Increased, but Magnitude is Unclear Alprazolam, Azithromycin, Cyclosporine, Diclofenac, Diphenoxylate, Epoprostenol, Esomeprazole, Ibuprofen, Ketoconazole, Lansoprazole, Metformin, Omeprazole Measure serum digoxin concentrations before initiating concomitant drugs."
glimepiride,empagliflozin,Not stated in FDA label,"[clinical_pharmacology] Figure 1 Effect of Various Medications on the Pharmacokinetics of Empagliflozin as Displayed as 90% Confidence Interval of Geometric Mean AUC and C max Ratios [reference lines indicate 100% (80% - 125%)] a empagliflozin, 50 mg, once daily; b empagliflozin, 25 mg, single dose; c empagliflozin, 25 mg, once daily; d empagliflozin, 10 mg, single dose Empagliflozin had no clinically relevant effect on the pharmacokinetics of metformin, glimepiride, pioglitazone, sitagliptin, linagliptin, warfarin, digoxin, ramipril, simvastatin, hydrochlorothiazide, torsemide, and oral contraceptives when coadministered in healthy volunteers (see Figure 2 ).",Follow the management information in the FDA label and verify with prescribing clinician.,https://api.fda.gov/drug/label.json?search=id:74e3dfbf-03de-4d8f-b900-955d45db5ab6,"[clinical_pharmacology] Figure 1 Effect of Various Medications on the Pharmacokinetics of Empagliflozin as Displayed as 90% Confidence Interval of Geometric Mean AUC and C max Ratios [reference lines indicate 100% (80% - 125%)] a empagliflozin, 50 mg, once daily; b empagliflozin, 25 mg, single dose; c empagliflozin, 25 mg, once daily; d empagliflozin, 10 mg, single dose Empagliflozin had no clinically relevant effect on the pharmacokinetics of metformin, glimepiride, pioglitazone, sitagliptin, linagliptin, warfarin, digoxin, ramipril, simvastatin, hydrochlorothiazide, torsemide, and oral contraceptives when coadministered in healthy volunteers (see Figure 2 )."
glimepiride,dapagliflozin,Not stated in FDA label,"[drug_interactions] No dosing adjustments required for the following: Oral Antidiabetic Agents Metformin (1000 mg) 20 mg ↔ ↔ Pioglitazone (45 mg) 50 mg ↔ ↔ Sitagliptin (100 mg) 20 mg ↔ ↔ Glimepiride (4 mg) 20 mg ↔ ↔ Voglibose (0.2 mg three times daily) 10 mg ↔ ↔ Other Medications Hydrochlorothiazide (25 mg) 50 mg ↔ ↔ Bumetanide (1 mg) 10 mg once daily for 7 days ↔ ↔ Valsartan (320 mg) 20 mg ↓12% [↓3%, ↓20%] ↔ Simvastatin (40 mg) 20 mg ↔ ↔ Anti-infective Agent Rifampin (600 mg once daily for 6 days) 10 mg ↓7% [↓22%, ↑11%] ↓22% [↓27%, ↓17%] Nonsteroidal Anti-inflammatory Agent Mefenamic Acid (loading dose of 500 mg followed by 14 doses of 250 mg every 6 hours) 10 mg ↑13% [↑3%, ↑24%] ↑51% [↑44%, ↑58%] ↔ = no change (geometric mean ratio of test: reference within 0.80 to 1.25); ↓ or ↑ = parameter was lower or higher, respectively, with coadministration compared to dapagliflozin administered alone (geometric mean ratio of test: reference was lower than 0.80 or higher than 1.25). [drug_interactions] No dosing adjustments required for the following: Oral Antidiabetic Agents Metformin (1000 mg) 20 mg ↔ ↔ Pioglitazone (45 mg) 50 mg ↓7% [↓25%, ↑15%] ↔ Sitagliptin (100 mg) 20 mg ↔ ↔ Glimepiride (4 mg) 20 mg ↔ ↑13% [0%, ↑29%] Other Medications Hydrochlorothiazide (25 mg) 50 mg ↔ ↔ Bumetanide (1 mg) 10 mg once daily for 7 days ↑13% [↓2%, ↑31%] ↑13% [↓1%, ↑30%] Valsartan (320 mg) 20 mg ↓6% [↓24%, ↑16%] ↑5% [↓15%, ↑29%] Simvastatin (40 mg) 20 mg ↔ ↑19% Digoxin (0.25 mg) 20 mg loading dose then 10 mg once daily for 7 days ↔ ↔ Warfarin (25 mg) 20 mg loading dose then 10 mg once daily for 7 days ↔ ↔ ↔ = no change (geometric mean ratio of test: reference within 0.80 to 1.25); ↓ or ↑ = parameter was lower or higher, respectively, with coadministration compared to the other medicine administered alone (geometric mean ratio of test: reference was lower than 0.80 or higher than 1.25). [clinical_pharmacology] No dosing adjustments required for the following: Oral Antidiabetic Agents Metformin (1000 mg) 20 mg ↔ ↔ Pioglitazone (45 mg) 50 mg ↔ ↔ Sitagliptin (100 mg) 20 mg ↔ ↔ Glimepiride (4 mg) 20 mg ↔ ↔ Voglibose (0.2 mg three times daily) 10 mg ↔ ↔ Other Medications Hydrochlorothiazide (25 mg) 50 mg ↔ ↔ Bumetanide (1 mg) 10 mg once daily for 7 days ↔ ↔ Valsartan (320 mg) 20 mg ↓12% [↓3%, ↓20%] ↔ Simvastatin (40 mg) 20 mg ↔ ↔ Anti-infective Agent Rifampin (600 mg once daily for 6 days) 10 mg ↓7% [↓22%, ↑11%] ↓22% [↓27%, ↓17%] Nonsteroidal Anti-inflammatory Agent Mefenamic Acid (loading dose of 500 mg followed by 14 doses of 250 mg every 6 hours) 10 mg ↑13% [↑3%, ↑24%] ↑51% [↑44%, ↑58%] ↔ = no change (geometric mean ratio of test: reference within 0.80 to 1.25); ↓ or ↑ = parameter was lower or higher, respectively, with coadministration compared to dapagliflozin administered alone (geometric mean ratio of test: reference was lower than 0.80 or higher than 1.25).",Follow the management information in the FDA label and verify with prescribing clinician.,https://api.fda.gov/drug/label.json?search=id:03e8f7a3-552c-4b8e-94df-8668108baeea,"[drug_interactions] No dosing adjustments required for the following: Oral Antidiabetic Agents Metformin (1000 mg) 20 mg ↔ ↔ Pioglitazone (45 mg) 50 mg ↔ ↔ Sitagliptin (100 mg) 20 mg ↔ ↔ Glimepiride (4 mg) 20 mg ↔ ↔ Voglibose (0.2 mg three times daily) 10 mg ↔ ↔ Other Medications Hydrochlorothiazide (25 mg) 50 mg ↔ ↔ Bumetanide (1 mg) 10 mg once daily for 7 days ↔ ↔ Valsartan (320 mg) 20 mg ↓12% [↓3%, ↓20%] ↔ Simvastatin (40 mg) 20 mg ↔ ↔ Anti-infective Agent Rifampin (600 mg once daily for 6 days) 10 mg ↓7% [↓22%, ↑11%] ↓22% [↓27%, ↓17%] Nonsteroidal Anti-inflammatory Agent Mefenamic Acid (loading dose of 500 mg followed by 14 doses of 250 mg every 6 hours) 10 mg ↑13% [↑3%, ↑24%] ↑51% [↑44%, ↑58%] ↔ = no change (geometric mean ratio of test: reference within 0.80 to 1.25); ↓ or ↑ = parameter was lower or higher, respectively, with coadministration compared to dapagliflozin administered alone (geometric mean ratio of test: reference was lower than 0.80 or higher than 1.25). [drug_interactions] No dosing adjustments required for the following: Oral Antidiabetic Agents Metformin (1000 mg) 20 mg ↔ ↔ Pioglitazone (45 mg) 50 mg ↓7% [↓25%, ↑15%] ↔ Sitagliptin (100 mg) 20 mg ↔ ↔ Glimepiride (4 mg) 20 mg ↔ ↑13% [0%, ↑29%] Other Medications Hydrochlorothiazide (25 mg) 50 mg ↔ ↔ Bumetanide (1 mg) 10 mg once daily for 7 days ↑13% [↓2%, ↑31%] ↑13% [↓1%, ↑30%] Valsartan (320 mg) 20 mg ↓6% [↓24%, ↑16%] ↑5% [↓15%, ↑29%] Simvastatin (40 mg) 20 mg ↔ ↑19% Digoxin (0.25 mg) 20 mg loading dose then 10 mg once daily for 7 days ↔ ↔ Warfarin (25 mg) 20 mg loading dose then 10 mg once daily for 7 days ↔ ↔ ↔ = no change (geometric mean ratio of test: reference within 0.80 to 1.25); ↓ or ↑ = parameter was lower or higher, respectively, with coadministration compared to the other medicine administered alone (geometric mean ratio of test: reference was lower than 0.80 or higher than 1.25). [clinical_pharmacology] No dosing adjustments required for the following: Oral Antidiabetic Agents Metformin (1000 mg) 20 mg ↔ ↔ Pioglitazone (45 mg) 50 mg ↔ ↔ Sitagliptin (100 mg) 20 mg ↔ ↔ Glimepiride (4 mg) 20 mg ↔ ↔ Voglibose (0.2 mg three times daily) 10 mg ↔ ↔ Other Medications Hydrochlorothiazide (25 mg) 50 mg ↔ ↔ Bumetanide (1 mg) 10 mg once daily for 7 days ↔ ↔ Valsartan (320 mg) 20 mg ↓12% [↓3%, ↓20%] ↔ Simvastatin (40 mg) 20 mg ↔ ↔ Anti-infective Agent Rifampin (600 mg once daily for 6 days) 10 mg ↓7% [↓22%, ↑11%] ↓22% [↓27%, ↓17%] Nonsteroidal Anti-inflammatory Agent Mefenamic Acid (loading dose of 500 mg followed by 14 doses of 250 mg every 6 hours) 10 mg ↑13% [↑3%, ↑24%] ↑51% [↑44%, ↑58%] ↔ = no change (geometric mean ratio of test: reference within 0.80 to 1.25); ↓ or ↑ = parameter was lower or higher, respectively, with coadministration compared to dapagliflozin administered alone (geometric mean ratio of test: reference was lower than 0.80 or higher than 1.25)."
glimepiride,insulin,Not stated in FDA label,"[drug_interactions] The following are examples of medications that may increase the glucose-lowering effect of sulfonylureas including glimepiride, increasing the susceptibility to and/or intensity of hypoglycemia: oral anti-diabetic medications, pramlintide acetate, insulin, angiotensin converting enzyme (ACE) inhibitors, H 2 receptor antagonists, fibrates, propoxyphene, pentoxifylline, somatostatin analogs, anabolic steroids and androgens, cyclophosphamide, phenyramidol, guanethidine, fluconazole, sulfinpyrazone, tetracyclines, clarithromycin, disopyramide, quinolones, and those drugs that are highly protein-bound, such as fluoxetine, nonsteroidal anti-inflammatory drugs, salicylates, sulfonamides, chloramphenicol, coumarins, probenecid and monoamine oxidase inhibitors.",Follow the management information in the FDA label and verify with prescribing clinician.,https://api.fda.gov/drug/label.json?search=id:26cca05b-82f8-e191-e063-6394a90a56bd,"[drug_interactions] The following are examples of medications that may increase the glucose-lowering effect of sulfonylureas including glimepiride, increasing the susceptibility to and/or intensity of hypoglycemia: oral anti-diabetic medications, pramlintide acetate, insulin, angiotensin converting enzyme (ACE) inhibitors, H 2 receptor antagonists, fibrates, propoxyphene, pentoxifylline, somatostatin analogs, anabolic steroids and androgens, cyclophosphamide, phenyramidol, guanethidine, fluconazole, sulfinpyrazone, tetracyclines, clarithromycin, disopyramide, quinolones, and those drugs that are highly protein-bound, such as fluoxetine, nonsteroidal anti-inflammatory drugs, salicylates, sulfonamides, chloramphenicol, coumarins, probenecid and monoamine oxidase inhibitors."
glimepiride,propranolol,Not stated in FDA label,"[clinical_pharmacology] Concomitant administration of propranolol and glimepiride significantly increased glimepiride C max , AUC, and T 1/2 by 23%, 22%, and 15%, respectively, and decreased glimepiride CL/f by 18%.",Follow the management information in the FDA label and verify with prescribing clinician.,https://api.fda.gov/drug/label.json?search=id:26cca05b-82f8-e191-e063-6394a90a56bd,"[clinical_pharmacology] Concomitant administration of propranolol and glimepiride significantly increased glimepiride C max , AUC, and T 1/2 by 23%, 22%, and 15%, respectively, and decreased glimepiride CL/f by 18%."
glimepiride,clonidine,Not stated in FDA label,"[drug_interactions] The signs of hypoglycemia may be reduced or absent in patients taking sympatholytic drugs such as beta-blockers, clonidine, guanethidine, and reserpine.",Follow the management information in the FDA label and verify with prescribing clinician.,https://api.fda.gov/drug/label.json?search=id:26cca05b-82f8-e191-e063-6394a90a56bd,"[drug_interactions] The signs of hypoglycemia may be reduced or absent in patients taking sympatholytic drugs such as beta-blockers, clonidine, guanethidine, and reserpine."
glimepiride,fenofibrate,Not stated in FDA label,"[clinical_pharmacology] Effects of Co-Administered Drugs on Fenofibric Acid Systemic Exposure from Fenofibrate Administration Co-Administered Drug Dosage Regimen of Co-Administered Drug Dosage Regimen of Fenofibrate Changes in Fenofibric Acid Exposure AUC Cmax Lipid-lowering medications Atorvastatin 20 mg once daily for 10 days Fenofibrate 160 mg 1 once daily for 10 days ↓2% ↓4% Pravastatin 40 mg as a single dose Fenofibrate 3 x 67 mg 2 as a single dose ↓1% ↓2% Fluvastatin 40 mg as a single dose Fenofibrate 160 mg 1 as a single dose ↓2% ↓10% Anti-diabetic medications Glimepiride 1 mg as a single dose Fenofibrate 145 mg 1 once daily for 10 days ↑1% ↓1% Metformin 850 mg three times daily for 10 days Fenofibrate 54 mg 1 three times daily for 10 days ↓9% ↓6% Rosiglitazone 8 mg once daily for 5 days Fenofibrate 145 mg 1 once daily for 14 days ↑10% ↑3% 1 Fenofibrate oral tablet 2 Fenofibrate oral micronized capsule Table 4. [clinical_pharmacology] Effects of Fenofibrate Co-Administration on Systemic Exposure of Other Drugs Dosage Regimen of Fenofibrate Dosage Regimen of Co-Administered Drug Changes in Co-Administered Drug Exposure Analyte AUC Cmax Lipid-lowering medications Fenofibrate 160 mg 1 once daily for 10 days Atorvastatin, 20 mg once daily for 10 days Atorvastatin ↓17% 0% Fenofibrate 3 x 67 mg 2 as a single dose Pravastatin, 40 mg as a single dose Pravastatin ↑13% ↑13% 3α-Hydroxyl-iso-pravastatin ↑26% ↑29% Fenofibrate 160 mg 1 as a single dose Fluvastatin, 40 mg as a single dose (+)-3R, 5S-Fluvastatin ↑15% ↑16% Anti-diabetic medications Fenofibrate 145 mg 1 once daily for 10 days Glimepiride, 1 mg as a single dose Glimepiride ↑35% ↑18% Fenofibrate 54 mg 1 three times daily for 10 days Metformin, 850 mg three times daily for 10 days Metformin ↑3% ↑6% Fenofibrate 145 mg 1 once daily for 14 days Rosiglitazone, 8 mg once daily for 5 days Rosiglitazone ↑6% ↓1% 1 Fenofibrate oral tablet 2 Fenofibrate oral micronized capsule",Follow the management information in the FDA label and verify with prescribing clinician.,https://api.fda.gov/drug/label.json?search=id:4a8d21ca-db2a-a1b4-e063-6394a90ac708,"[clinical_pharmacology] Effects of Co-Administered Drugs on Fenofibric Acid Systemic Exposure from Fenofibrate Administration Co-Administered Drug Dosage Regimen of Co-Administered Drug Dosage Regimen of Fenofibrate Changes in Fenofibric Acid Exposure AUC Cmax Lipid-lowering medications Atorvastatin 20 mg once daily for 10 days Fenofibrate 160 mg 1 once daily for 10 days ↓2% ↓4% Pravastatin 40 mg as a single dose Fenofibrate 3 x 67 mg 2 as a single dose ↓1% ↓2% Fluvastatin 40 mg as a single dose Fenofibrate 160 mg 1 as a single dose ↓2% ↓10% Anti-diabetic medications Glimepiride 1 mg as a single dose Fenofibrate 145 mg 1 once daily for 10 days ↑1% ↓1% Metformin 850 mg three times daily for 10 days Fenofibrate 54 mg 1 three times daily for 10 days ↓9% ↓6% Rosiglitazone 8 mg once daily for 5 days Fenofibrate 145 mg 1 once daily for 14 days ↑10% ↑3% 1 Fenofibrate oral tablet 2 Fenofibrate oral micronized capsule Table 4. [clinical_pharmacology] Effects of Fenofibrate Co-Administration on Systemic Exposure of Other Drugs Dosage Regimen of Fenofibrate Dosage Regimen of Co-Administered Drug Changes in Co-Administered Drug Exposure Analyte AUC Cmax Lipid-lowering medications Fenofibrate 160 mg 1 once daily for 10 days Atorvastatin, 20 mg once daily for 10 days Atorvastatin ↓17% 0% Fenofibrate 3 x 67 mg 2 as a single dose Pravastatin, 40 mg as a single dose Pravastatin ↑13% ↑13% 3α-Hydroxyl-iso-pravastatin ↑26% ↑29% Fenofibrate 160 mg 1 as a single dose Fluvastatin, 40 mg as a single dose (+)-3R, 5S-Fluvastatin ↑15% ↑16% Anti-diabetic medications Fenofibrate 145 mg 1 once daily for 10 days Glimepiride, 1 mg as a single dose Glimepiride ↑35% ↑18% Fenofibrate 54 mg 1 three times daily for 10 days Metformin, 850 mg three times daily for 10 days Metformin ↑3% ↑6% Fenofibrate 145 mg 1 once daily for 14 days Rosiglitazone, 8 mg once daily for 5 days Rosiglitazone ↑6% ↓1% 1 Fenofibrate oral tablet 2 Fenofibrate oral micronized capsule"
glimepiride,warfarin,Not stated in FDA label,[clinical_pharmacology] The concomitant administration of glimepiride did not alter the pharmacokinetics of R- and S-warfarin enantiomers.,Follow the management information in the FDA label and verify with prescribing clinician.,https://api.fda.gov/drug/label.json?search=id:26cca05b-82f8-e191-e063-6394a90a56bd,[clinical_pharmacology] The concomitant administration of glimepiride did not alter the pharmacokinetics of R- and S-warfarin enantiomers.
glipizide,glyburide,Not stated in FDA label,"[clinical_pharmacology] clinical trial, a total of 247 patients with type 2 diabetes not adequately controlled (HbA 1c ≥ 7.5% and ≤ 12%, and FPG < 300 mg/dL) while being treated with at least one-half the maximum labeled dose of a sulfonylurea (e.g., glyburide 10 mg, glipizide 20 mg) were randomized to receive glipizide (fixed dose, 30 mg), metformin (500 mg), or glipizide and metformin hydrochloride tablets, 5 mg/500 mg.",Follow the management information in the FDA label and verify with prescribing clinician.,https://api.fda.gov/drug/label.json?search=id:7d659eb2-cee9-4326-a439-ef5ec9ec9c63,"[clinical_pharmacology] clinical trial, a total of 247 patients with type 2 diabetes not adequately controlled (HbA 1c ≥ 7.5% and ≤ 12%, and FPG < 300 mg/dL) while being treated with at least one-half the maximum labeled dose of a sulfonylurea (e.g., glyburide 10 mg, glipizide 20 mg) were randomized to receive glipizide (fixed dose, 30 mg), metformin (500 mg), or glipizide and metformin hydrochloride tablets, 5 mg/500 mg."
glipizide,pioglitazone,Not stated in FDA label,"[clinical_pharmacology] Effect of Pioglitazone Coadministration on Systemic Exposure of Other Drugs Coadministered Drug * Daily for 7 days unless otherwise noted † % change (with/without coadministered drug and no change = 0%); symbols of ↑ and ↓ indicate the exposure increase and decrease, respectively ‡ Pioglitazone had no clinically significant effect on prothrombin time Pioglitazone Dosage Regimen (mg) * Name and Dose Regimens Change in AUC † Change in C max † Warfarin ‡ 45 mg Daily loading then maintenance doses based PT and INR values Quick's Value = 35 ± 5% R-Warfarin ↓ 3% R-Warfarin ↓ 2% (N = 12) S-Warfarin ↓ 1% S-Warfarin ↑ 1% 45 mg Digoxin (N = 12) 0.200 mg twice daily (loading dose) then 0.250 mg daily (maintenance dose, 7 days) ↑ 15% ↑ 17% 45 mg daily for 21 days Oral Contraceptive (N = 35) [Ethinyl Estradiol (EE) 0.035 mg plus Norethindrone (NE) 1 mg] for 21 days EE ↓ 11% EE ↓ 13% NE ↑ 3% NE ↓ 7% 45 mg Fexofenadine (N = 23) 60 mg twice daily for 7 days ↑ 30% ↑ 37% 45 mg Glipizide (N = 14) 5 mg daily for 7 days ↓ 3% ↓ 8% 45 mg daily for 8 days Metformin (N = 16) 1000 mg single dose on Day 8 ↓ 3% ↓ 5% 45 mg Midazolam (N = 21) 7.5 mg single dose on Day 15 ↓ 26% ↓ 26% 45 mg Ranitidine (N = 24) 150 mg twice daily for 7 days ↑ 1% ↓ 1% 45 mg daily for 4 days Nifedipine ER (N = 24) 30 mg daily for 4 days ↓ 13% ↓ 17% 45 mg Atorvastatin Ca (N = 25) 80 mg daily for 7 days ↓ 14% ↓ 23% 45 mg Theophylline (N = 22) 400 mg twice daily for 7 days ↑ 2% ↑ 5% Table 16.",Follow the management information in the FDA label and verify with prescribing clinician.,https://api.fda.gov/drug/label.json?search=id:258c9ca5-41a1-44dc-8d3a-958bf6613e40,"[clinical_pharmacology] Effect of Pioglitazone Coadministration on Systemic Exposure of Other Drugs Coadministered Drug * Daily for 7 days unless otherwise noted † % change (with/without coadministered drug and no change = 0%); symbols of ↑ and ↓ indicate the exposure increase and decrease, respectively ‡ Pioglitazone had no clinically significant effect on prothrombin time Pioglitazone Dosage Regimen (mg) * Name and Dose Regimens Change in AUC † Change in C max † Warfarin ‡ 45 mg Daily loading then maintenance doses based PT and INR values Quick's Value = 35 ± 5% R-Warfarin ↓ 3% R-Warfarin ↓ 2% (N = 12) S-Warfarin ↓ 1% S-Warfarin ↑ 1% 45 mg Digoxin (N = 12) 0.200 mg twice daily (loading dose) then 0.250 mg daily (maintenance dose, 7 days) ↑ 15% ↑ 17% 45 mg daily for 21 days Oral Contraceptive (N = 35) [Ethinyl Estradiol (EE) 0.035 mg plus Norethindrone (NE) 1 mg] for 21 days EE ↓ 11% EE ↓ 13% NE ↑ 3% NE ↓ 7% 45 mg Fexofenadine (N = 23) 60 mg twice daily for 7 days ↑ 30% ↑ 37% 45 mg Glipizide (N = 14) 5 mg daily for 7 days ↓ 3% ↓ 8% 45 mg daily for 8 days Metformin (N = 16) 1000 mg single dose on Day 8 ↓ 3% ↓ 5% 45 mg Midazolam (N = 21) 7.5 mg single dose on Day 15 ↓ 26% ↓ 26% 45 mg Ranitidine (N = 24) 150 mg twice daily for 7 days ↑ 1% ↓ 1% 45 mg daily for 4 days Nifedipine ER (N = 24) 30 mg daily for 4 days ↓ 13% ↓ 17% 45 mg Atorvastatin Ca (N = 25) 80 mg daily for 7 days ↓ 14% ↓ 23% 45 mg Theophylline (N = 22) 400 mg twice daily for 7 days ↑ 2% ↑ 5% Table 16."
glipizide,insulin,Not stated in FDA label,"[clinical_pharmacology] In two randomized, double-blind, dose-response studies comprising a total of 347 patients, there was no significant increase in fasting insulin in all glipizide extended-release tablets-treated patients combined compared to placebo, although minor elevations were observed at some doses. [clinical_pharmacology] In two randomized, double-blind, dose-response studies comprising a total of 347 patients, there was no significant increase in fasting insulin in all glipizide extended-release tablets-treated patients combined compared to placebo, although minor elevations were observed at some doses.",Follow the management information in the FDA label and verify with prescribing clinician.,https://api.fda.gov/drug/label.json?search=id:58528e90-123b-b78a-e063-6294a90ab452,"[clinical_pharmacology] In two randomized, double-blind, dose-response studies comprising a total of 347 patients, there was no significant increase in fasting insulin in all glipizide extended-release tablets-treated patients combined compared to placebo, although minor elevations were observed at some doses. [clinical_pharmacology] In two randomized, double-blind, dose-response studies comprising a total of 347 patients, there was no significant increase in fasting insulin in all glipizide extended-release tablets-treated patients combined compared to placebo, although minor elevations were observed at some doses."
glipizide,nifedipine,Not stated in FDA label,"[drug_interactions] Nifedipine A single-dose, metformin-nifedipine drug interaction study in normal healthy volunteers demonstrated that coadministration of nifedipine increased plasma metformin C max and AUC by 20% and 9%, respectively, and increased the amount excreted in the urine. [precautions] Nifedipine A single-dose, metformin-nifedipine drug interaction study in normal healthy volunteers demonstrated that coadministration of nifedipine increased plasma metformin C max and AUC by 20% and 9%, respectively, and increased the amount excreted in the urine.",Follow the management information in the FDA label and verify with prescribing clinician.,https://api.fda.gov/drug/label.json?search=id:7d659eb2-cee9-4326-a439-ef5ec9ec9c63,"[drug_interactions] Nifedipine A single-dose, metformin-nifedipine drug interaction study in normal healthy volunteers demonstrated that coadministration of nifedipine increased plasma metformin C max and AUC by 20% and 9%, respectively, and increased the amount excreted in the urine. [precautions] Nifedipine A single-dose, metformin-nifedipine drug interaction study in normal healthy volunteers demonstrated that coadministration of nifedipine increased plasma metformin C max and AUC by 20% and 9%, respectively, and increased the amount excreted in the urine."
glipizide,propranolol,Not stated in FDA label,"[drug_interactions] In healthy volunteers, the pharmacokinetics of metformin and propranolol, and metformin and ibuprofen were not affected when coadministered in single-dose interaction studies. [precautions] In healthy volunteers, the pharmacokinetics of metformin and propranolol, and metformin and ibuprofen were not affected when coadministered in single-dose interaction studies.",Follow the management information in the FDA label and verify with prescribing clinician.,https://api.fda.gov/drug/label.json?search=id:7d659eb2-cee9-4326-a439-ef5ec9ec9c63,"[drug_interactions] In healthy volunteers, the pharmacokinetics of metformin and propranolol, and metformin and ibuprofen were not affected when coadministered in single-dose interaction studies. [precautions] In healthy volunteers, the pharmacokinetics of metformin and propranolol, and metformin and ibuprofen were not affected when coadministered in single-dose interaction studies."
glipizide,furosemide,Not stated in FDA label,"[drug_interactions] Metformin Hydrochloride Furosemide A single-dose, metformin-furosemide drug interaction study in healthy subjects demonstrated that pharmacokinetic parameters of both compounds were affected by coadministration. [drug_interactions] No information is available about the interaction of metformin and furosemide when coadministered chronically. [precautions] Metformin Hydrochloride Furosemide A single-dose, metformin-furosemide drug interaction study in healthy subjects demonstrated that pharmacokinetic parameters of both compounds were affected by coadministration.",Follow the management information in the FDA label and verify with prescribing clinician.,https://api.fda.gov/drug/label.json?search=id:7d659eb2-cee9-4326-a439-ef5ec9ec9c63,"[drug_interactions] Metformin Hydrochloride Furosemide A single-dose, metformin-furosemide drug interaction study in healthy subjects demonstrated that pharmacokinetic parameters of both compounds were affected by coadministration. [drug_interactions] No information is available about the interaction of metformin and furosemide when coadministered chronically. [precautions] Metformin Hydrochloride Furosemide A single-dose, metformin-furosemide drug interaction study in healthy subjects demonstrated that pharmacokinetic parameters of both compounds were affected by coadministration."
glipizide,clonidine,Not stated in FDA label,"[drug_interactions] The signs of hypoglycemia may be reduced or absent in patients taking sympatholytic drugs such as beta-blockers, clonidine, guanethidine, and reserpine. [drug_interactions] The signs of hypoglycemia may be reduced or absent in patients taking sympatholytic drugs such as beta-blockers, clonidine, guanethidine, and reserpine.",Follow the management information in the FDA label and verify with prescribing clinician.,https://api.fda.gov/drug/label.json?search=id:58528e90-123b-b78a-e063-6294a90ab452,"[drug_interactions] The signs of hypoglycemia may be reduced or absent in patients taking sympatholytic drugs such as beta-blockers, clonidine, guanethidine, and reserpine. [drug_interactions] The signs of hypoglycemia may be reduced or absent in patients taking sympatholytic drugs such as beta-blockers, clonidine, guanethidine, and reserpine."
glipizide,simvastatin,Not stated in FDA label,"[clinical_pharmacology] ↓4% ↓30% Cimetidine, 400 mg BID, 7 days ↑6% ↑22% Glipizide, 10 mg, single dose ↑4% ↓8% Statins Lovastatin 20 mg QD, 7 days ↑9% ↑3% Pravastatin 20 mg QD, 14 days ↑7% ↑23% Atorvastatin 10 mg QD, 14 days ↓2% ↑12% Rosuvastatin 10 mg QD, 14 days ↑13% ↑18% Fluvastatin 20 mg QD, 14 days ↓19% ↑7% Table 5: Effect of Ezetimibe Coadministration on Systemic Exposure to Other Drugs Coadministered Drug and its Dosage Regimen Ezetimibe Dosage Regimen Change in AUC of Coadministered Drug Change in C max of Coadministered Drug Warfarin, 25 mg single dose on Day 7 10 mg QD, 11 days ↓2% (R-warfarin) ↑3% (R-warfarin) ↑4% (S-warfarin) ↑1% (S-warfarin) Digoxin, 0.5 mg single dose 10 mg QD, 8 days ↑2% ↓7% Gemfibrozil, 600 mg BID, 7 days See 7 Drug Interactions. [clinical_pharmacology] 10 mg QD, 7 days ↓1% ↓11% Ethinyl estradiol & Levonorgestrel, QD, 21 days 10 mg QD, Days 8 to 14 of 21 day oral contraceptive cycle Ethinyl estradiol 0% Ethinyl estradiol ↓9% Levonorgestrel 0% Levonorgestrel ↓5% Glipizide, 10 mg on Days 1 and 9 10 mg QD, Days 2 to 9 ↓3% ↓5% Fenofibrate, 200 mg QD, 14 days 10 mg QD, 14 days ↑11% ↑7% Cyclosporine, 100 mg single dose Day 7 20 mg QD, 8 days ↑15% ↑10% Statins Lovastatin 20 mg QD, 7 days 10 mg QD, 7 days ↑19% ↑3% Pravastatin 20 mg QD, 14 days 10 mg QD, 14 days ↓20% ↓24% Atorvastatin 10 mg QD, 14 days 10 mg QD, 14 days ↓4% ↑7% Rosuvastatin 10 mg QD, 14 days 10 mg QD, 14 days ↑19% ↑17% Fluvastatin 20 mg QD, 14 days 10 mg QD, 14 days ↓39% ↓27% Simvastatin Table 6: Effect of Coadministered Drugs or Grapefruit Juice on Simvastatin Systemic Exposure Coadministered Drug or Grapefruit Juice Dosing of Coadministered Drug or Grapefruit Juice Dosing of Simvastatin Geometric Mean Ratio (Ratio Results based on a chemical assay except results with propranolol as indicated.",Follow the management information in the FDA label and verify with prescribing clinician.,https://api.fda.gov/drug/label.json?search=id:697ae8a7-2359-455f-9c21-e266f1c31288,"[clinical_pharmacology] ↓4% ↓30% Cimetidine, 400 mg BID, 7 days ↑6% ↑22% Glipizide, 10 mg, single dose ↑4% ↓8% Statins Lovastatin 20 mg QD, 7 days ↑9% ↑3% Pravastatin 20 mg QD, 14 days ↑7% ↑23% Atorvastatin 10 mg QD, 14 days ↓2% ↑12% Rosuvastatin 10 mg QD, 14 days ↑13% ↑18% Fluvastatin 20 mg QD, 14 days ↓19% ↑7% Table 5: Effect of Ezetimibe Coadministration on Systemic Exposure to Other Drugs Coadministered Drug and its Dosage Regimen Ezetimibe Dosage Regimen Change in AUC of Coadministered Drug Change in C max of Coadministered Drug Warfarin, 25 mg single dose on Day 7 10 mg QD, 11 days ↓2% (R-warfarin) ↑3% (R-warfarin) ↑4% (S-warfarin) ↑1% (S-warfarin) Digoxin, 0.5 mg single dose 10 mg QD, 8 days ↑2% ↓7% Gemfibrozil, 600 mg BID, 7 days See 7 Drug Interactions. [clinical_pharmacology] 10 mg QD, 7 days ↓1% ↓11% Ethinyl estradiol & Levonorgestrel, QD, 21 days 10 mg QD, Days 8 to 14 of 21 day oral contraceptive cycle Ethinyl estradiol 0% Ethinyl estradiol ↓9% Levonorgestrel 0% Levonorgestrel ↓5% Glipizide, 10 mg on Days 1 and 9 10 mg QD, Days 2 to 9 ↓3% ↓5% Fenofibrate, 200 mg QD, 14 days 10 mg QD, 14 days ↑11% ↑7% Cyclosporine, 100 mg single dose Day 7 20 mg QD, 8 days ↑15% ↑10% Statins Lovastatin 20 mg QD, 7 days 10 mg QD, 7 days ↑19% ↑3% Pravastatin 20 mg QD, 14 days 10 mg QD, 14 days ↓20% ↓24% Atorvastatin 10 mg QD, 14 days 10 mg QD, 14 days ↓4% ↑7% Rosuvastatin 10 mg QD, 14 days 10 mg QD, 14 days ↑19% ↑17% Fluvastatin 20 mg QD, 14 days 10 mg QD, 14 days ↓39% ↓27% Simvastatin Table 6: Effect of Coadministered Drugs or Grapefruit Juice on Simvastatin Systemic Exposure Coadministered Drug or Grapefruit Juice Dosing of Coadministered Drug or Grapefruit Juice Dosing of Simvastatin Geometric Mean Ratio (Ratio Results based on a chemical assay except results with propranolol as indicated."
glipizide,ibuprofen,Not stated in FDA label,"[drug_interactions] In healthy volunteers, the pharmacokinetics of metformin and propranolol, and metformin and ibuprofen were not affected when coadministered in single-dose interaction studies. [precautions] In healthy volunteers, the pharmacokinetics of metformin and propranolol, and metformin and ibuprofen were not affected when coadministered in single-dose interaction studies.",Follow the management information in the FDA label and verify with prescribing clinician.,https://api.fda.gov/drug/label.json?search=id:7d659eb2-cee9-4326-a439-ef5ec9ec9c63,"[drug_interactions] In healthy volunteers, the pharmacokinetics of metformin and propranolol, and metformin and ibuprofen were not affected when coadministered in single-dose interaction studies. [precautions] In healthy volunteers, the pharmacokinetics of metformin and propranolol, and metformin and ibuprofen were not affected when coadministered in single-dose interaction studies."
glyburide,sitagliptin,Not stated in FDA label,"[clinical_pharmacology] Coadministered Drug Dose of Coadministered Drug * Dose of Sitagliptin * Geometric Mean Ratio (ratio with/without sitagliptin) No Effect = 1 AUC † C max Digoxin 0.25 mg ‡ once daily for 10 days 100 mg ‡ once daily for 10 days Digoxin 1.11 § 1.18 Glyburide 1.25 mg 200 mg ‡ once daily for 6 days Glyburide 1.09 1.01 Simvastatin 20 mg 200 mg ‡ once daily for 5 days Simvastatin 0.85 ¶ 0.8 Simvastatin Acid 1.12 ¶ 1.06 Rosiglitazone 4 mg 200 mg ‡ once daily for 5 days Rosiglitazone 0.98 0.99 Warfarin 30 mg single dose on day 5 200 mg ‡ once daily for 11 days S(-) Warfarin 0.95 0.89 R(+) Warfarin 0.99 0.89 Ethinyl estradiol and norethindrone 21 days once daily of 35 µg ethinyl estradiol with norethindrone 0.5 mg x 7 days, 0.75 mg x 7 days, 1 mg x 7 days 200 mg ‡ once daily for 21 days Ethinyl estradiol 0.99 0.97 Norethindrone 1.03 0.98 Metformin HCl 1,000 mg ‡ twice daily for 14 days 50 mg ‡ twice daily for 7 days Metformin 1.02 @ 0.97 Effects of Other Drugs on Sitagliptin Clinical data described below suggest that sitagliptin is not susceptible to clinically meaningful interactions by coadministered medications (Table 6). [clinical_pharmacology] Coadministered Drug Dose of Coadministered Drug * Dose of Sitagliptin * Geometric Mean Ratio (ratio with/without coadministered drug) No Effect = 1 AUC † C max Cyclosporine 600 mg once daily 100 mg once daily Sitagliptin 1.29 1.68 Metformin HCl 1,000 mg ‡ twice daily for 14 days 50 mg ‡ twice daily for 7 days Sitagliptin 1.02 § 1.05 Metformin Table 7: Effect of Metformin HCl on Systemic Exposure of Coadministered Drugs * All doses administered as single dose unless otherwise specified † AUC is reported as AUC 0-∞ unless otherwise specified ‡ AUC 0-24hr § GLUMETZA (metformin HCl extended-release tablets) 500 mg ¶ Ratio of arithmetic means, p value of difference <0.05 @ Ratio of arithmetic means Coadministered Drug Dose of Coadministered Drug * Dose of Metformin HCl * Geometric Mean Ratio (ratio with/without metformin) No Effect = 1 AUC † C max Cimetidine 400 mg 850 mg Cimetidine 0.95 ‡ 1.01 Glyburide 5 mg 500 mg § Glyburide 0.78 ¶ 0.63 ¶ Furosemide 40 mg 850 mg Furosemide 0.87 ¶ 0.69 ¶ Nifedipine 10 mg 850 mg Nifedipine 1.10 ‡ 1.08 Propranolol 40 mg 850 mg Propranolol 1.01 ‡ 0.94 Ibuprofen 400 mg 850 mg Ibuprofen 0.97 @ 1.01 @ Table 8: Effect of Coadministered Drugs on Systemic Exposure of Metformin HCl * All doses administered as single dose unless otherwise specified † AUC is reported as AUC 0-∞ unless otherwise specified ‡ GLUMETZA (metformin HCl extended-release tablets) 500 mg § Ratio of arithmetic means ¶ Steady state 100 mg Topiramate every 12 hr + metformin HCl 500 mg every 12 hr. [clinical_pharmacology] AUC = AUC 0-12hr Coadministered Drug Dose of Coadministered Drug * Dose of Metformin HCl * Geometric Mean Ratio (ratio with/without coadministered drug) No Effect = 1 AUC † C max Glyburide 5 mg 500 mg ‡ Metformin ‡ 0.98 § 0.99 § Furosemide 40 mg 850 mg Metformin 1.09 § 1.22 § Nifedipine 10 mg 850 mg Metformin 1.16 1.21 Propranolol 40 mg 850 mg Metformin 0.90 0.94 Ibuprofen 400 mg 850 mg Metformin 1.05 § 1.07 § Drugs that are eliminated by renal tubular secretion may increase the accumulation of metformin [see Warnings and Precautions (5.1) and Drug Interactions (7)].",Follow the management information in the FDA label and verify with prescribing clinician.,https://api.fda.gov/drug/label.json?search=id:506adfe0-80b4-4a62-9b2c-39bb23b04254,"[clinical_pharmacology] Coadministered Drug Dose of Coadministered Drug * Dose of Sitagliptin * Geometric Mean Ratio (ratio with/without sitagliptin) No Effect = 1 AUC † C max Digoxin 0.25 mg ‡ once daily for 10 days 100 mg ‡ once daily for 10 days Digoxin 1.11 § 1.18 Glyburide 1.25 mg 200 mg ‡ once daily for 6 days Glyburide 1.09 1.01 Simvastatin 20 mg 200 mg ‡ once daily for 5 days Simvastatin 0.85 ¶ 0.8 Simvastatin Acid 1.12 ¶ 1.06 Rosiglitazone 4 mg 200 mg ‡ once daily for 5 days Rosiglitazone 0.98 0.99 Warfarin 30 mg single dose on day 5 200 mg ‡ once daily for 11 days S(-) Warfarin 0.95 0.89 R(+) Warfarin 0.99 0.89 Ethinyl estradiol and norethindrone 21 days once daily of 35 µg ethinyl estradiol with norethindrone 0.5 mg x 7 days, 0.75 mg x 7 days, 1 mg x 7 days 200 mg ‡ once daily for 21 days Ethinyl estradiol 0.99 0.97 Norethindrone 1.03 0.98 Metformin HCl 1,000 mg ‡ twice daily for 14 days 50 mg ‡ twice daily for 7 days Metformin 1.02 @ 0.97 Effects of Other Drugs on Sitagliptin Clinical data described below suggest that sitagliptin is not susceptible to clinically meaningful interactions by coadministered medications (Table 6). [clinical_pharmacology] Coadministered Drug Dose of Coadministered Drug * Dose of Sitagliptin * Geometric Mean Ratio (ratio with/without coadministered drug) No Effect = 1 AUC † C max Cyclosporine 600 mg once daily 100 mg once daily Sitagliptin 1.29 1.68 Metformin HCl 1,000 mg ‡ twice daily for 14 days 50 mg ‡ twice daily for 7 days Sitagliptin 1.02 § 1.05 Metformin Table 7: Effect of Metformin HCl on Systemic Exposure of Coadministered Drugs * All doses administered as single dose unless otherwise specified † AUC is reported as AUC 0-∞ unless otherwise specified ‡ AUC 0-24hr § GLUMETZA (metformin HCl extended-release tablets) 500 mg ¶ Ratio of arithmetic means, p value of difference <0.05 @ Ratio of arithmetic means Coadministered Drug Dose of Coadministered Drug * Dose of Metformin HCl * Geometric Mean Ratio (ratio with/without metformin) No Effect = 1 AUC † C max Cimetidine 400 mg 850 mg Cimetidine 0.95 ‡ 1.01 Glyburide 5 mg 500 mg § Glyburide 0.78 ¶ 0.63 ¶ Furosemide 40 mg 850 mg Furosemide 0.87 ¶ 0.69 ¶ Nifedipine 10 mg 850 mg Nifedipine 1.10 ‡ 1.08 Propranolol 40 mg 850 mg Propranolol 1.01 ‡ 0.94 Ibuprofen 400 mg 850 mg Ibuprofen 0.97 @ 1.01 @ Table 8: Effect of Coadministered Drugs on Systemic Exposure of Metformin HCl * All doses administered as single dose unless otherwise specified † AUC is reported as AUC 0-∞ unless otherwise specified ‡ GLUMETZA (metformin HCl extended-release tablets) 500 mg § Ratio of arithmetic means ¶ Steady state 100 mg Topiramate every 12 hr + metformin HCl 500 mg every 12 hr. [clinical_pharmacology] AUC = AUC 0-12hr Coadministered Drug Dose of Coadministered Drug * Dose of Metformin HCl * Geometric Mean Ratio (ratio with/without coadministered drug) No Effect = 1 AUC † C max Glyburide 5 mg 500 mg ‡ Metformin ‡ 0.98 § 0.99 § Furosemide 40 mg 850 mg Metformin 1.09 § 1.22 § Nifedipine 10 mg 850 mg Metformin 1.16 1.21 Propranolol 40 mg 850 mg Metformin 0.90 0.94 Ibuprofen 400 mg 850 mg Metformin 1.05 § 1.07 § Drugs that are eliminated by renal tubular secretion may increase the accumulation of metformin [see Warnings and Precautions (5.1) and Drug Interactions (7)]."
glyburide,empagliflozin,Not stated in FDA label,"[clinical_pharmacology] Figure 2 Effect of Empagliflozin on the Pharmacokinetics of Various Medications as Displayed as 90% Confidence Interval of Geometric Mean AUC and C max Ratios [reference lines indicate 100% (80% - 125%)] a empagliflozin, 50 mg, once daily; b empagliflozin, 25 mg, once daily; c empagliflozin, 25 mg, single dose; d administered as simvastatin; e administered as warfarin racemic mixture; f administered as Microgynon ® ; g administered as ramipril Figure 1 Figure 2 Metformin HCl Table 5 Effect of Coadministered Drug on Plasma Metformin Systemic Exposure Coadministered Drug Dose of Coadministered Drug* Dose of Metformin HCl* Geometric Mean Ratio (ratio with/without coadministered drug) No effect=1.0 AUC † C max * All metformin and coadministered drugs were given as single doses † AUC = AUC (INF) ≠ Metformin HCl extended-release tablets 500 mg ‡ Ratio of arithmetic means **At steady-state with topiramate 100 mg every 12 hours and metformin 500 mg every 12 hours; AUC = AUC (0-12 hours) Glyburide 5 mg 500 mg≠ metformin 0.98‡ 0.99‡ Furosemide 40 mg 850 mg metformin 1.09‡ 1.22‡ Nifedipine 10 mg 850 mg metformin 1.16 1.21 Propranolol 40 mg 850 mg metformin 0.90 0.94 Ibuprofen 400 mg 850 mg metformin 1.05‡ 1.07‡ Cationic drugs eliminated by renal tubular secretion may reduce metformin elimination [see Drug Interactions (7) ]. [clinical_pharmacology] Topiramate** 100 mg 500 mg metformin 1.25 1.17 Table 6 Effect of Metformin on Coadministered Drug Systemic Exposure Coadministered Drug Dose of Coadministered Drug* Dose of Metformin HCl* Geometric Mean Ratio (ratio with/without metformin) No effect=1.0 AUC † C max * All metformin and coadministered drugs were given as single doses † AUC = AUC (INF) unless otherwise noted ‡ Ratio of arithmetic means, p-value of difference <0.05 § AUC (0-24 hours) reported ¶ Ratio of arithmetic means Glyburide 5 mg 500 mg§ glyburide 0.78‡ 0.63‡ Furosemide 40 mg 850 mg furosemide 0.87‡ 0.69‡ Nifedipine 10 mg 850 mg nifedipine 1.10§ 1.08 Propranolol 40 mg 850 mg propranolol 1.01§ 0.94 Ibuprofen 400 mg 850 mg ibuprofen 0.97¶ 1.01¶ Cimetidine 400 mg 850 mg cimetidine 0.95§ 1.01",Follow the management information in the FDA label and verify with prescribing clinician.,https://api.fda.gov/drug/label.json?search=id:74e3dfbf-03de-4d8f-b900-955d45db5ab6,"[clinical_pharmacology] Figure 2 Effect of Empagliflozin on the Pharmacokinetics of Various Medications as Displayed as 90% Confidence Interval of Geometric Mean AUC and C max Ratios [reference lines indicate 100% (80% - 125%)] a empagliflozin, 50 mg, once daily; b empagliflozin, 25 mg, once daily; c empagliflozin, 25 mg, single dose; d administered as simvastatin; e administered as warfarin racemic mixture; f administered as Microgynon ® ; g administered as ramipril Figure 1 Figure 2 Metformin HCl Table 5 Effect of Coadministered Drug on Plasma Metformin Systemic Exposure Coadministered Drug Dose of Coadministered Drug* Dose of Metformin HCl* Geometric Mean Ratio (ratio with/without coadministered drug) No effect=1.0 AUC † C max * All metformin and coadministered drugs were given as single doses † AUC = AUC (INF) ≠ Metformin HCl extended-release tablets 500 mg ‡ Ratio of arithmetic means **At steady-state with topiramate 100 mg every 12 hours and metformin 500 mg every 12 hours; AUC = AUC (0-12 hours) Glyburide 5 mg 500 mg≠ metformin 0.98‡ 0.99‡ Furosemide 40 mg 850 mg metformin 1.09‡ 1.22‡ Nifedipine 10 mg 850 mg metformin 1.16 1.21 Propranolol 40 mg 850 mg metformin 0.90 0.94 Ibuprofen 400 mg 850 mg metformin 1.05‡ 1.07‡ Cationic drugs eliminated by renal tubular secretion may reduce metformin elimination [see Drug Interactions (7) ]. [clinical_pharmacology] Topiramate** 100 mg 500 mg metformin 1.25 1.17 Table 6 Effect of Metformin on Coadministered Drug Systemic Exposure Coadministered Drug Dose of Coadministered Drug* Dose of Metformin HCl* Geometric Mean Ratio (ratio with/without metformin) No effect=1.0 AUC † C max * All metformin and coadministered drugs were given as single doses † AUC = AUC (INF) unless otherwise noted ‡ Ratio of arithmetic means, p-value of difference <0.05 § AUC (0-24 hours) reported ¶ Ratio of arithmetic means Glyburide 5 mg 500 mg§ glyburide 0.78‡ 0.63‡ Furosemide 40 mg 850 mg furosemide 0.87‡ 0.69‡ Nifedipine 10 mg 850 mg nifedipine 1.10§ 1.08 Propranolol 40 mg 850 mg propranolol 1.01§ 0.94 Ibuprofen 400 mg 850 mg ibuprofen 0.97¶ 1.01¶ Cimetidine 400 mg 850 mg cimetidine 0.95§ 1.01"
glyburide,canagliflozin,Not stated in FDA label,"[clinical_pharmacology] In Vivo Assessment of Drug Interactions Table 9: Effect of Co-Administered Drugs on Systemic Exposures of Canagliflozin Co-Administered Drug Dose of Co-Administered Drug Single dose unless otherwise noted Dose of Canagliflozin Geometric Mean Ratio (Ratio With/Without Co-Administered Drug) No Effect = 1.0 AUC AUC inf for drugs given as a single dose and AUC 24h for drugs given as multiple doses (90% CI) C max (90% CI) QD = once daily; BID = twice daily See Drug Interactions (7) for the clinical relevance of the following: Rifampin 600 mg QD for 8 days 300 mg 0.49 (0.44; 0.54) 0.72 (0.61; 0.84) No dose adjustments of canagliflozin required for the following: Cyclosporine 400 mg 300 mg QD for 8 days 1.23 (1.19; 1.27) 1.01 (0.91; 1.11) Ethinyl estradiol and levonorgestrel 0.03 mg ethinyl estradiol and 0.15 mg levonorgestrel 200 mg QD for 6 days 0.91 (0.88; 0.94) 0.92 (0.84; 0.99) Hydrochlorothiazide 25 mg QD for 35 days 300 mg QD for 7 days 1.12 (1.08; 1.17) 1.15 (1.06; 1.25) Metformin HCl 2,000 mg 300 mg QD for 8 days 1.10 (1.05; 1.15) 1.05 (0.96; 1.16) Probenecid 500 mg BID for 3 days 300 mg QD for 17 days 1.21 (1.16; 1.25) 1.13 (1.00; 1.28) Table 10: Effect of Canagliflozin on Systemic Exposure of Co-Administered Drugs Co-Administered Drug Dose of Co-Administered Drug Single dose unless otherwise noted Dose of Canagliflozin Geometric Mean Ratio (Ratio With/Without Co-Administered Drug) No Effect = 1.0 AUC AUC inf for drugs given as a single dose and AUC 24h for drugs given as multiple doses (90% CI) C max (90% CI) QD = once daily; BID = twice daily; INR = International Normalized Ratio See Drug Interactions (7) for the clinical relevance of the following: Digoxin 0.5 mg QD first day followed by 0.25 mg QD for 6 days 300 mg QD for 7 days Digoxin 1.20 (1.12; 1.28) 1.36 (1.21; 1.53) No dose adjustments of co-administered drug required for the following: Acetaminophen 1,000 mg 300 mg BID for 25 days Acetaminophen 1.06 AUC 0–12h (0.98; 1.14) 1.00 (0.92; 1.09) Ethinyl estradiol and levonorgestrel 0.03 mg ethinyl estradiol and 0.15 mg levonorgestrel 200 mg QD for 6 days ethinyl estradiol 1.07 (0.99; 1.15) 1.22 (1.10; 1.35) Levonorgestrel 1.06 (1.00; 1.13) 1.22 (1.11; 1.35) Glyburide 1.25 mg 200 mg QD for 6 days Glyburide 1.02 (0.98; 1.07) 0.93 (0.85; 1.01) 3-cis-hydroxy-glyburide 1.01 (0.96; 1.07) 0.99 (0.91; 1.08) 4-trans-hydroxy-glyburide 1.03 (0.97; 1.09) 0.96 (0.88; 1.04) Hydrochlorothiazide 25 mg QD for 35 days 300 mg QD for 7 days Hydrochlorothiazide 0.99 (0.95; 1.04) 0.94 (0.87; 1.01) Metformin HCl 2,000 mg 300 mg QD for 8 days Metformin 1.20 (1.08; 1.34) 1.06 (0.93; 1.20) Simvastatin 40 mg 300 mg QD for 7 days Simvastatin 1.12 (0.94; 1.33) 1.09 (0.91; 1.31) simvastatin acid 1.18 (1.03; 1.35) 1.26 (1.10; 1.45) Warfarin 30 mg 300 mg QD for 12 days (R)-warfarin 1.01 (0.96; 1.06) 1.03 (0.94; 1.13) (S)-warfarin 1.06 (1.00; 1.12) 1.01 (0.90; 1.13) INR 1.00 (0.98; 1.03) 1.05 (0.99; 1.12) Metformin HCl Table 11: Effect of Co-Administered Drugs on Plasma Metformin Systemic Exposures Co-Administered Drug Dose of Co-Administered Drug Single dose unless otherwise noted Dose of Metformin HCl Geometric Mean Ratio (Ratio With/Without Co-Administered Drug) No Effect = 1.00 AUC AUC = AUC 0–∞ C max No dose adjustments required for the following: Glyburide 5 mg 500 mg Metformin HCl extended-release tablets 500 mg 0.98 Ratio of arithmetic means 0.99 Furosemide 40 mg 850 mg 1.09 1.22 Nifedipine 10 mg 850 mg 1.16 1.21 Propranolol 40 mg 850 mg 0.90 0.94 Ibuprofen 400 mg 850 mg 1.05 1.07 Drugs that are eliminated by renal tubular secretion increase the accumulation of metformin [see Warnings and Precautions (5) and Drug Interactions (7) ] Cimetidine 400 mg 850 mg 1.40 1.61 Carbonic anhydrase inhibitors may cause metabolic acidosis [see Warnings and Precautions (5) and Drug Interactions (7) ] Topiramate Healthy volunteer study at steady state with topiramate 100 mg every 12 hours and metformin 500 mg every 12 hours for 7 days. [clinical_pharmacology] 1.18 Table 12: Effect of Metformin HCl on Co-Administered Drug Systemic Exposures Co-Administered Drug Dose of Co-Administered Drug Single dose unless otherwise noted Dose of Metformin HCl Geometric Mean Ratio (Ratio With/Without Co-Administered Drug) No Effect = 1.00 AUC AUC = AUC 0–∞ C max No dose adjustments required for the following: Glyburide 5 mg 500 mg AUC 0–24 hr reported 0.78 Ratio of arithmetic means, p-value of difference <0.05 0.63 Furosemide 40 mg 850 mg 0.87 0.69 Nifedipine 10 mg 850 mg 1.10 1.08 Propranolol 40 mg 850 mg 1.01 0.94 Ibuprofen 400 mg 850 mg 0.97 Ratio of arithmetic means.",Follow the management information in the FDA label and verify with prescribing clinician.,https://api.fda.gov/drug/label.json?search=id:95b8c81c-dfe3-4dd4-be06-8dd1d935f07e,"[clinical_pharmacology] In Vivo Assessment of Drug Interactions Table 9: Effect of Co-Administered Drugs on Systemic Exposures of Canagliflozin Co-Administered Drug Dose of Co-Administered Drug Single dose unless otherwise noted Dose of Canagliflozin Geometric Mean Ratio (Ratio With/Without Co-Administered Drug) No Effect = 1.0 AUC AUC inf for drugs given as a single dose and AUC 24h for drugs given as multiple doses (90% CI) C max (90% CI) QD = once daily; BID = twice daily See Drug Interactions (7) for the clinical relevance of the following: Rifampin 600 mg QD for 8 days 300 mg 0.49 (0.44; 0.54) 0.72 (0.61; 0.84) No dose adjustments of canagliflozin required for the following: Cyclosporine 400 mg 300 mg QD for 8 days 1.23 (1.19; 1.27) 1.01 (0.91; 1.11) Ethinyl estradiol and levonorgestrel 0.03 mg ethinyl estradiol and 0.15 mg levonorgestrel 200 mg QD for 6 days 0.91 (0.88; 0.94) 0.92 (0.84; 0.99) Hydrochlorothiazide 25 mg QD for 35 days 300 mg QD for 7 days 1.12 (1.08; 1.17) 1.15 (1.06; 1.25) Metformin HCl 2,000 mg 300 mg QD for 8 days 1.10 (1.05; 1.15) 1.05 (0.96; 1.16) Probenecid 500 mg BID for 3 days 300 mg QD for 17 days 1.21 (1.16; 1.25) 1.13 (1.00; 1.28) Table 10: Effect of Canagliflozin on Systemic Exposure of Co-Administered Drugs Co-Administered Drug Dose of Co-Administered Drug Single dose unless otherwise noted Dose of Canagliflozin Geometric Mean Ratio (Ratio With/Without Co-Administered Drug) No Effect = 1.0 AUC AUC inf for drugs given as a single dose and AUC 24h for drugs given as multiple doses (90% CI) C max (90% CI) QD = once daily; BID = twice daily; INR = International Normalized Ratio See Drug Interactions (7) for the clinical relevance of the following: Digoxin 0.5 mg QD first day followed by 0.25 mg QD for 6 days 300 mg QD for 7 days Digoxin 1.20 (1.12; 1.28) 1.36 (1.21; 1.53) No dose adjustments of co-administered drug required for the following: Acetaminophen 1,000 mg 300 mg BID for 25 days Acetaminophen 1.06 AUC 0–12h (0.98; 1.14) 1.00 (0.92; 1.09) Ethinyl estradiol and levonorgestrel 0.03 mg ethinyl estradiol and 0.15 mg levonorgestrel 200 mg QD for 6 days ethinyl estradiol 1.07 (0.99; 1.15) 1.22 (1.10; 1.35) Levonorgestrel 1.06 (1.00; 1.13) 1.22 (1.11; 1.35) Glyburide 1.25 mg 200 mg QD for 6 days Glyburide 1.02 (0.98; 1.07) 0.93 (0.85; 1.01) 3-cis-hydroxy-glyburide 1.01 (0.96; 1.07) 0.99 (0.91; 1.08) 4-trans-hydroxy-glyburide 1.03 (0.97; 1.09) 0.96 (0.88; 1.04) Hydrochlorothiazide 25 mg QD for 35 days 300 mg QD for 7 days Hydrochlorothiazide 0.99 (0.95; 1.04) 0.94 (0.87; 1.01) Metformin HCl 2,000 mg 300 mg QD for 8 days Metformin 1.20 (1.08; 1.34) 1.06 (0.93; 1.20) Simvastatin 40 mg 300 mg QD for 7 days Simvastatin 1.12 (0.94; 1.33) 1.09 (0.91; 1.31) simvastatin acid 1.18 (1.03; 1.35) 1.26 (1.10; 1.45) Warfarin 30 mg 300 mg QD for 12 days (R)-warfarin 1.01 (0.96; 1.06) 1.03 (0.94; 1.13) (S)-warfarin 1.06 (1.00; 1.12) 1.01 (0.90; 1.13) INR 1.00 (0.98; 1.03) 1.05 (0.99; 1.12) Metformin HCl Table 11: Effect of Co-Administered Drugs on Plasma Metformin Systemic Exposures Co-Administered Drug Dose of Co-Administered Drug Single dose unless otherwise noted Dose of Metformin HCl Geometric Mean Ratio (Ratio With/Without Co-Administered Drug) No Effect = 1.00 AUC AUC = AUC 0–∞ C max No dose adjustments required for the following: Glyburide 5 mg 500 mg Metformin HCl extended-release tablets 500 mg 0.98 Ratio of arithmetic means 0.99 Furosemide 40 mg 850 mg 1.09 1.22 Nifedipine 10 mg 850 mg 1.16 1.21 Propranolol 40 mg 850 mg 0.90 0.94 Ibuprofen 400 mg 850 mg 1.05 1.07 Drugs that are eliminated by renal tubular secretion increase the accumulation of metformin [see Warnings and Precautions (5) and Drug Interactions (7) ] Cimetidine 400 mg 850 mg 1.40 1.61 Carbonic anhydrase inhibitors may cause metabolic acidosis [see Warnings and Precautions (5) and Drug Interactions (7) ] Topiramate Healthy volunteer study at steady state with topiramate 100 mg every 12 hours and metformin 500 mg every 12 hours for 7 days. [clinical_pharmacology] 1.18 Table 12: Effect of Metformin HCl on Co-Administered Drug Systemic Exposures Co-Administered Drug Dose of Co-Administered Drug Single dose unless otherwise noted Dose of Metformin HCl Geometric Mean Ratio (Ratio With/Without Co-Administered Drug) No Effect = 1.00 AUC AUC = AUC 0–∞ C max No dose adjustments required for the following: Glyburide 5 mg 500 mg AUC 0–24 hr reported 0.78 Ratio of arithmetic means, p-value of difference <0.05 0.63 Furosemide 40 mg 850 mg 0.87 0.69 Nifedipine 10 mg 850 mg 1.10 1.08 Propranolol 40 mg 850 mg 1.01 0.94 Ibuprofen 400 mg 850 mg 0.97 Ratio of arithmetic means."
glyburide,valsartan,Not stated in FDA label,"[clinical_pharmacology] Drug Interaction Studies No clinically significant pharmacokinetic interactions were observed when valsartan tablets (valsartan) was coadministered with amlodipine, atenolol, cimetidine, digoxin, furosemide, glyburide, hydrochlorothiazide, or indomethacin.",Follow the management information in the FDA label and verify with prescribing clinician.,https://api.fda.gov/drug/label.json?search=id:55146f84-49fa-0e7b-e063-6294a90af905,"[clinical_pharmacology] Drug Interaction Studies No clinically significant pharmacokinetic interactions were observed when valsartan tablets (valsartan) was coadministered with amlodipine, atenolol, cimetidine, digoxin, furosemide, glyburide, hydrochlorothiazide, or indomethacin."
glyburide,carvedilol,Not stated in FDA label,"[clinical_pharmacology] Glyburide: In 12 healthy subjects, combined administration of carvedilol (25 mg once daily) and a single dose of glyburide did not result in a clinically relevant pharmacokinetic interaction for either compound.",Follow the management information in the FDA label and verify with prescribing clinician.,https://api.fda.gov/drug/label.json?search=id:7a3df1e2-dfa6-44b3-a2cc-0fb9adc28ae3,"[clinical_pharmacology] Glyburide: In 12 healthy subjects, combined administration of carvedilol (25 mg once daily) and a single dose of glyburide did not result in a clinically relevant pharmacokinetic interaction for either compound."
sitagliptin,empagliflozin,Not stated in FDA label,"[clinical_pharmacology] Figure 1 Effect of Various Medications on the Pharmacokinetics of Empagliflozin as Displayed as 90% Confidence Interval of Geometric Mean AUC and C max Ratios [reference lines indicate 100% (80% - 125%)] a empagliflozin, 50 mg, once daily; b empagliflozin, 25 mg, single dose; c empagliflozin, 25 mg, once daily; d empagliflozin, 10 mg, single dose Empagliflozin had no clinically relevant effect on the pharmacokinetics of metformin, glimepiride, pioglitazone, sitagliptin, linagliptin, warfarin, digoxin, ramipril, simvastatin, hydrochlorothiazide, torsemide, and oral contraceptives when coadministered in healthy volunteers (see Figure 2 ).",Follow the management information in the FDA label and verify with prescribing clinician.,https://api.fda.gov/drug/label.json?search=id:74e3dfbf-03de-4d8f-b900-955d45db5ab6,"[clinical_pharmacology] Figure 1 Effect of Various Medications on the Pharmacokinetics of Empagliflozin as Displayed as 90% Confidence Interval of Geometric Mean AUC and C max Ratios [reference lines indicate 100% (80% - 125%)] a empagliflozin, 50 mg, once daily; b empagliflozin, 25 mg, single dose; c empagliflozin, 25 mg, once daily; d empagliflozin, 10 mg, single dose Empagliflozin had no clinically relevant effect on the pharmacokinetics of metformin, glimepiride, pioglitazone, sitagliptin, linagliptin, warfarin, digoxin, ramipril, simvastatin, hydrochlorothiazide, torsemide, and oral contraceptives when coadministered in healthy volunteers (see Figure 2 )."
sitagliptin,dapagliflozin,Not stated in FDA label,"[drug_interactions] No dosing adjustments required for the following: Oral Antidiabetic Agents Metformin (1000 mg) 20 mg ↔ ↔ Pioglitazone (45 mg) 50 mg ↔ ↔ Sitagliptin (100 mg) 20 mg ↔ ↔ Glimepiride (4 mg) 20 mg ↔ ↔ Voglibose (0.2 mg three times daily) 10 mg ↔ ↔ Other Medications Hydrochlorothiazide (25 mg) 50 mg ↔ ↔ Bumetanide (1 mg) 10 mg once daily for 7 days ↔ ↔ Valsartan (320 mg) 20 mg ↓12% [↓3%, ↓20%] ↔ Simvastatin (40 mg) 20 mg ↔ ↔ Anti-infective Agent Rifampin (600 mg once daily for 6 days) 10 mg ↓7% [↓22%, ↑11%] ↓22% [↓27%, ↓17%] Nonsteroidal Anti-inflammatory Agent Mefenamic Acid (loading dose of 500 mg followed by 14 doses of 250 mg every 6 hours) 10 mg ↑13% [↑3%, ↑24%] ↑51% [↑44%, ↑58%] ↔ = no change (geometric mean ratio of test: reference within 0.80 to 1.25); ↓ or ↑ = parameter was lower or higher, respectively, with coadministration compared to dapagliflozin administered alone (geometric mean ratio of test: reference was lower than 0.80 or higher than 1.25). [drug_interactions] No dosing adjustments required for the following: Oral Antidiabetic Agents Metformin (1000 mg) 20 mg ↔ ↔ Pioglitazone (45 mg) 50 mg ↓7% [↓25%, ↑15%] ↔ Sitagliptin (100 mg) 20 mg ↔ ↔ Glimepiride (4 mg) 20 mg ↔ ↑13% [0%, ↑29%] Other Medications Hydrochlorothiazide (25 mg) 50 mg ↔ ↔ Bumetanide (1 mg) 10 mg once daily for 7 days ↑13% [↓2%, ↑31%] ↑13% [↓1%, ↑30%] Valsartan (320 mg) 20 mg ↓6% [↓24%, ↑16%] ↑5% [↓15%, ↑29%] Simvastatin (40 mg) 20 mg ↔ ↑19% Digoxin (0.25 mg) 20 mg loading dose then 10 mg once daily for 7 days ↔ ↔ Warfarin (25 mg) 20 mg loading dose then 10 mg once daily for 7 days ↔ ↔ ↔ = no change (geometric mean ratio of test: reference within 0.80 to 1.25); ↓ or ↑ = parameter was lower or higher, respectively, with coadministration compared to the other medicine administered alone (geometric mean ratio of test: reference was lower than 0.80 or higher than 1.25). [clinical_pharmacology] No dosing adjustments required for the following: Oral Antidiabetic Agents Metformin (1000 mg) 20 mg ↔ ↔ Pioglitazone (45 mg) 50 mg ↔ ↔ Sitagliptin (100 mg) 20 mg ↔ ↔ Glimepiride (4 mg) 20 mg ↔ ↔ Voglibose (0.2 mg three times daily) 10 mg ↔ ↔ Other Medications Hydrochlorothiazide (25 mg) 50 mg ↔ ↔ Bumetanide (1 mg) 10 mg once daily for 7 days ↔ ↔ Valsartan (320 mg) 20 mg ↓12% [↓3%, ↓20%] ↔ Simvastatin (40 mg) 20 mg ↔ ↔ Anti-infective Agent Rifampin (600 mg once daily for 6 days) 10 mg ↓7% [↓22%, ↑11%] ↓22% [↓27%, ↓17%] Nonsteroidal Anti-inflammatory Agent Mefenamic Acid (loading dose of 500 mg followed by 14 doses of 250 mg every 6 hours) 10 mg ↑13% [↑3%, ↑24%] ↑51% [↑44%, ↑58%] ↔ = no change (geometric mean ratio of test: reference within 0.80 to 1.25); ↓ or ↑ = parameter was lower or higher, respectively, with coadministration compared to dapagliflozin administered alone (geometric mean ratio of test: reference was lower than 0.80 or higher than 1.25).",Follow the management information in the FDA label and verify with prescribing clinician.,https://api.fda.gov/drug/label.json?search=id:03e8f7a3-552c-4b8e-94df-8668108baeea,"[drug_interactions] No dosing adjustments required for the following: Oral Antidiabetic Agents Metformin (1000 mg) 20 mg ↔ ↔ Pioglitazone (45 mg) 50 mg ↔ ↔ Sitagliptin (100 mg) 20 mg ↔ ↔ Glimepiride (4 mg) 20 mg ↔ ↔ Voglibose (0.2 mg three times daily) 10 mg ↔ ↔ Other Medications Hydrochlorothiazide (25 mg) 50 mg ↔ ↔ Bumetanide (1 mg) 10 mg once daily for 7 days ↔ ↔ Valsartan (320 mg) 20 mg ↓12% [↓3%, ↓20%] ↔ Simvastatin (40 mg) 20 mg ↔ ↔ Anti-infective Agent Rifampin (600 mg once daily for 6 days) 10 mg ↓7% [↓22%, ↑11%] ↓22% [↓27%, ↓17%] Nonsteroidal Anti-inflammatory Agent Mefenamic Acid (loading dose of 500 mg followed by 14 doses of 250 mg every 6 hours) 10 mg ↑13% [↑3%, ↑24%] ↑51% [↑44%, ↑58%] ↔ = no change (geometric mean ratio of test: reference within 0.80 to 1.25); ↓ or ↑ = parameter was lower or higher, respectively, with coadministration compared to dapagliflozin administered alone (geometric mean ratio of test: reference was lower than 0.80 or higher than 1.25). [drug_interactions] No dosing adjustments required for the following: Oral Antidiabetic Agents Metformin (1000 mg) 20 mg ↔ ↔ Pioglitazone (45 mg) 50 mg ↓7% [↓25%, ↑15%] ↔ Sitagliptin (100 mg) 20 mg ↔ ↔ Glimepiride (4 mg) 20 mg ↔ ↑13% [0%, ↑29%] Other Medications Hydrochlorothiazide (25 mg) 50 mg ↔ ↔ Bumetanide (1 mg) 10 mg once daily for 7 days ↑13% [↓2%, ↑31%] ↑13% [↓1%, ↑30%] Valsartan (320 mg) 20 mg ↓6% [↓24%, ↑16%] ↑5% [↓15%, ↑29%] Simvastatin (40 mg) 20 mg ↔ ↑19% Digoxin (0.25 mg) 20 mg loading dose then 10 mg once daily for 7 days ↔ ↔ Warfarin (25 mg) 20 mg loading dose then 10 mg once daily for 7 days ↔ ↔ ↔ = no change (geometric mean ratio of test: reference within 0.80 to 1.25); ↓ or ↑ = parameter was lower or higher, respectively, with coadministration compared to the other medicine administered alone (geometric mean ratio of test: reference was lower than 0.80 or higher than 1.25). [clinical_pharmacology] No dosing adjustments required for the following: Oral Antidiabetic Agents Metformin (1000 mg) 20 mg ↔ ↔ Pioglitazone (45 mg) 50 mg ↔ ↔ Sitagliptin (100 mg) 20 mg ↔ ↔ Glimepiride (4 mg) 20 mg ↔ ↔ Voglibose (0.2 mg three times daily) 10 mg ↔ ↔ Other Medications Hydrochlorothiazide (25 mg) 50 mg ↔ ↔ Bumetanide (1 mg) 10 mg once daily for 7 days ↔ ↔ Valsartan (320 mg) 20 mg ↓12% [↓3%, ↓20%] ↔ Simvastatin (40 mg) 20 mg ↔ ↔ Anti-infective Agent Rifampin (600 mg once daily for 6 days) 10 mg ↓7% [↓22%, ↑11%] ↓22% [↓27%, ↓17%] Nonsteroidal Anti-inflammatory Agent Mefenamic Acid (loading dose of 500 mg followed by 14 doses of 250 mg every 6 hours) 10 mg ↑13% [↑3%, ↑24%] ↑51% [↑44%, ↑58%] ↔ = no change (geometric mean ratio of test: reference within 0.80 to 1.25); ↓ or ↑ = parameter was lower or higher, respectively, with coadministration compared to dapagliflozin administered alone (geometric mean ratio of test: reference was lower than 0.80 or higher than 1.25)."
sitagliptin,insulin,Not stated in FDA label,"[drug_interactions] 7 DRUG INTERACTIONS 7.1 Insulin Secretagogues or Insulin Coadministration of sitagliptin with an insulin secretagogue (e.g., sulfonylurea) or insulin may require lower doses of the insulin secretagogue or insulin to reduce the risk of hypoglycemia [see Warnings and Precautions ( 5.4 )]. [warnings_and_cautions] ( 5.3 ) Hypoglycemia with Concomitant Use with Insulin or Insulin Secretagogues: Increased risk of hypoglycemia when used in combination with insulin and/or an insulin secretagogue. [warnings_and_cautions] Lower dose of insulin or insulin secretagogue may be required.",Follow the management information in the FDA label and verify with prescribing clinician.,https://api.fda.gov/drug/label.json?search=id:ab518e96-e35b-40b1-b7e8-b4e01ada32eb,"[drug_interactions] 7 DRUG INTERACTIONS 7.1 Insulin Secretagogues or Insulin Coadministration of sitagliptin with an insulin secretagogue (e.g., sulfonylurea) or insulin may require lower doses of the insulin secretagogue or insulin to reduce the risk of hypoglycemia [see Warnings and Precautions ( 5.4 )]. [warnings_and_cautions] ( 5.3 ) Hypoglycemia with Concomitant Use with Insulin or Insulin Secretagogues: Increased risk of hypoglycemia when used in combination with insulin and/or an insulin secretagogue. [warnings_and_cautions] Lower dose of insulin or insulin secretagogue may be required."
sitagliptin,nifedipine,Not stated in FDA label,"[clinical_pharmacology] Coadministered Drug Dose of Coadministered Drug * Dose of Sitagliptin * Geometric Mean Ratio (ratio with/without coadministered drug) No Effect = 1 AUC † C max Cyclosporine 600 mg once daily 100 mg once daily Sitagliptin 1.29 1.68 Metformin HCl 1,000 mg ‡ twice daily for 14 days 50 mg ‡ twice daily for 7 days Sitagliptin 1.02 § 1.05 Metformin Table 7: Effect of Metformin HCl on Systemic Exposure of Coadministered Drugs * All doses administered as single dose unless otherwise specified † AUC is reported as AUC 0-∞ unless otherwise specified ‡ AUC 0-24hr § GLUMETZA (metformin HCl extended-release tablets) 500 mg ¶ Ratio of arithmetic means, p value of difference <0.05 @ Ratio of arithmetic means Coadministered Drug Dose of Coadministered Drug * Dose of Metformin HCl * Geometric Mean Ratio (ratio with/without metformin) No Effect = 1 AUC † C max Cimetidine 400 mg 850 mg Cimetidine 0.95 ‡ 1.01 Glyburide 5 mg 500 mg § Glyburide 0.78 ¶ 0.63 ¶ Furosemide 40 mg 850 mg Furosemide 0.87 ¶ 0.69 ¶ Nifedipine 10 mg 850 mg Nifedipine 1.10 ‡ 1.08 Propranolol 40 mg 850 mg Propranolol 1.01 ‡ 0.94 Ibuprofen 400 mg 850 mg Ibuprofen 0.97 @ 1.01 @ Table 8: Effect of Coadministered Drugs on Systemic Exposure of Metformin HCl * All doses administered as single dose unless otherwise specified † AUC is reported as AUC 0-∞ unless otherwise specified ‡ GLUMETZA (metformin HCl extended-release tablets) 500 mg § Ratio of arithmetic means ¶ Steady state 100 mg Topiramate every 12 hr + metformin HCl 500 mg every 12 hr. [clinical_pharmacology] AUC = AUC 0-12hr Coadministered Drug Dose of Coadministered Drug * Dose of Metformin HCl * Geometric Mean Ratio (ratio with/without coadministered drug) No Effect = 1 AUC † C max Glyburide 5 mg 500 mg ‡ Metformin ‡ 0.98 § 0.99 § Furosemide 40 mg 850 mg Metformin 1.09 § 1.22 § Nifedipine 10 mg 850 mg Metformin 1.16 1.21 Propranolol 40 mg 850 mg Metformin 0.90 0.94 Ibuprofen 400 mg 850 mg Metformin 1.05 § 1.07 § Drugs that are eliminated by renal tubular secretion may increase the accumulation of metformin [see Warnings and Precautions (5.1) and Drug Interactions (7)].",Follow the management information in the FDA label and verify with prescribing clinician.,https://api.fda.gov/drug/label.json?search=id:506adfe0-80b4-4a62-9b2c-39bb23b04254,"[clinical_pharmacology] Coadministered Drug Dose of Coadministered Drug * Dose of Sitagliptin * Geometric Mean Ratio (ratio with/without coadministered drug) No Effect = 1 AUC † C max Cyclosporine 600 mg once daily 100 mg once daily Sitagliptin 1.29 1.68 Metformin HCl 1,000 mg ‡ twice daily for 14 days 50 mg ‡ twice daily for 7 days Sitagliptin 1.02 § 1.05 Metformin Table 7: Effect of Metformin HCl on Systemic Exposure of Coadministered Drugs * All doses administered as single dose unless otherwise specified † AUC is reported as AUC 0-∞ unless otherwise specified ‡ AUC 0-24hr § GLUMETZA (metformin HCl extended-release tablets) 500 mg ¶ Ratio of arithmetic means, p value of difference <0.05 @ Ratio of arithmetic means Coadministered Drug Dose of Coadministered Drug * Dose of Metformin HCl * Geometric Mean Ratio (ratio with/without metformin) No Effect = 1 AUC † C max Cimetidine 400 mg 850 mg Cimetidine 0.95 ‡ 1.01 Glyburide 5 mg 500 mg § Glyburide 0.78 ¶ 0.63 ¶ Furosemide 40 mg 850 mg Furosemide 0.87 ¶ 0.69 ¶ Nifedipine 10 mg 850 mg Nifedipine 1.10 ‡ 1.08 Propranolol 40 mg 850 mg Propranolol 1.01 ‡ 0.94 Ibuprofen 400 mg 850 mg Ibuprofen 0.97 @ 1.01 @ Table 8: Effect of Coadministered Drugs on Systemic Exposure of Metformin HCl * All doses administered as single dose unless otherwise specified † AUC is reported as AUC 0-∞ unless otherwise specified ‡ GLUMETZA (metformin HCl extended-release tablets) 500 mg § Ratio of arithmetic means ¶ Steady state 100 mg Topiramate every 12 hr + metformin HCl 500 mg every 12 hr. [clinical_pharmacology] AUC = AUC 0-12hr Coadministered Drug Dose of Coadministered Drug * Dose of Metformin HCl * Geometric Mean Ratio (ratio with/without coadministered drug) No Effect = 1 AUC † C max Glyburide 5 mg 500 mg ‡ Metformin ‡ 0.98 § 0.99 § Furosemide 40 mg 850 mg Metformin 1.09 § 1.22 § Nifedipine 10 mg 850 mg Metformin 1.16 1.21 Propranolol 40 mg 850 mg Metformin 0.90 0.94 Ibuprofen 400 mg 850 mg Metformin 1.05 § 1.07 § Drugs that are eliminated by renal tubular secretion may increase the accumulation of metformin [see Warnings and Precautions (5.1) and Drug Interactions (7)]."
sitagliptin,propranolol,Not stated in FDA label,"[clinical_pharmacology] Coadministered Drug Dose of Coadministered Drug * Dose of Sitagliptin * Geometric Mean Ratio (ratio with/without coadministered drug) No Effect = 1 AUC † C max Cyclosporine 600 mg once daily 100 mg once daily Sitagliptin 1.29 1.68 Metformin HCl 1,000 mg ‡ twice daily for 14 days 50 mg ‡ twice daily for 7 days Sitagliptin 1.02 § 1.05 Metformin Table 7: Effect of Metformin HCl on Systemic Exposure of Coadministered Drugs * All doses administered as single dose unless otherwise specified † AUC is reported as AUC 0-∞ unless otherwise specified ‡ AUC 0-24hr § GLUMETZA (metformin HCl extended-release tablets) 500 mg ¶ Ratio of arithmetic means, p value of difference <0.05 @ Ratio of arithmetic means Coadministered Drug Dose of Coadministered Drug * Dose of Metformin HCl * Geometric Mean Ratio (ratio with/without metformin) No Effect = 1 AUC † C max Cimetidine 400 mg 850 mg Cimetidine 0.95 ‡ 1.01 Glyburide 5 mg 500 mg § Glyburide 0.78 ¶ 0.63 ¶ Furosemide 40 mg 850 mg Furosemide 0.87 ¶ 0.69 ¶ Nifedipine 10 mg 850 mg Nifedipine 1.10 ‡ 1.08 Propranolol 40 mg 850 mg Propranolol 1.01 ‡ 0.94 Ibuprofen 400 mg 850 mg Ibuprofen 0.97 @ 1.01 @ Table 8: Effect of Coadministered Drugs on Systemic Exposure of Metformin HCl * All doses administered as single dose unless otherwise specified † AUC is reported as AUC 0-∞ unless otherwise specified ‡ GLUMETZA (metformin HCl extended-release tablets) 500 mg § Ratio of arithmetic means ¶ Steady state 100 mg Topiramate every 12 hr + metformin HCl 500 mg every 12 hr. [clinical_pharmacology] AUC = AUC 0-12hr Coadministered Drug Dose of Coadministered Drug * Dose of Metformin HCl * Geometric Mean Ratio (ratio with/without coadministered drug) No Effect = 1 AUC † C max Glyburide 5 mg 500 mg ‡ Metformin ‡ 0.98 § 0.99 § Furosemide 40 mg 850 mg Metformin 1.09 § 1.22 § Nifedipine 10 mg 850 mg Metformin 1.16 1.21 Propranolol 40 mg 850 mg Metformin 0.90 0.94 Ibuprofen 400 mg 850 mg Metformin 1.05 § 1.07 § Drugs that are eliminated by renal tubular secretion may increase the accumulation of metformin [see Warnings and Precautions (5.1) and Drug Interactions (7)].",Follow the management information in the FDA label and verify with prescribing clinician.,https://api.fda.gov/drug/label.json?search=id:506adfe0-80b4-4a62-9b2c-39bb23b04254,"[clinical_pharmacology] Coadministered Drug Dose of Coadministered Drug * Dose of Sitagliptin * Geometric Mean Ratio (ratio with/without coadministered drug) No Effect = 1 AUC † C max Cyclosporine 600 mg once daily 100 mg once daily Sitagliptin 1.29 1.68 Metformin HCl 1,000 mg ‡ twice daily for 14 days 50 mg ‡ twice daily for 7 days Sitagliptin 1.02 § 1.05 Metformin Table 7: Effect of Metformin HCl on Systemic Exposure of Coadministered Drugs * All doses administered as single dose unless otherwise specified † AUC is reported as AUC 0-∞ unless otherwise specified ‡ AUC 0-24hr § GLUMETZA (metformin HCl extended-release tablets) 500 mg ¶ Ratio of arithmetic means, p value of difference <0.05 @ Ratio of arithmetic means Coadministered Drug Dose of Coadministered Drug * Dose of Metformin HCl * Geometric Mean Ratio (ratio with/without metformin) No Effect = 1 AUC † C max Cimetidine 400 mg 850 mg Cimetidine 0.95 ‡ 1.01 Glyburide 5 mg 500 mg § Glyburide 0.78 ¶ 0.63 ¶ Furosemide 40 mg 850 mg Furosemide 0.87 ¶ 0.69 ¶ Nifedipine 10 mg 850 mg Nifedipine 1.10 ‡ 1.08 Propranolol 40 mg 850 mg Propranolol 1.01 ‡ 0.94 Ibuprofen 400 mg 850 mg Ibuprofen 0.97 @ 1.01 @ Table 8: Effect of Coadministered Drugs on Systemic Exposure of Metformin HCl * All doses administered as single dose unless otherwise specified † AUC is reported as AUC 0-∞ unless otherwise specified ‡ GLUMETZA (metformin HCl extended-release tablets) 500 mg § Ratio of arithmetic means ¶ Steady state 100 mg Topiramate every 12 hr + metformin HCl 500 mg every 12 hr. [clinical_pharmacology] AUC = AUC 0-12hr Coadministered Drug Dose of Coadministered Drug * Dose of Metformin HCl * Geometric Mean Ratio (ratio with/without coadministered drug) No Effect = 1 AUC † C max Glyburide 5 mg 500 mg ‡ Metformin ‡ 0.98 § 0.99 § Furosemide 40 mg 850 mg Metformin 1.09 § 1.22 § Nifedipine 10 mg 850 mg Metformin 1.16 1.21 Propranolol 40 mg 850 mg Metformin 0.90 0.94 Ibuprofen 400 mg 850 mg Metformin 1.05 § 1.07 § Drugs that are eliminated by renal tubular secretion may increase the accumulation of metformin [see Warnings and Precautions (5.1) and Drug Interactions (7)]."
sitagliptin,furosemide,Not stated in FDA label,"[clinical_pharmacology] Coadministered Drug Dose of Coadministered Drug * Dose of Sitagliptin * Geometric Mean Ratio (ratio with/without coadministered drug) No Effect = 1 AUC † C max Cyclosporine 600 mg once daily 100 mg once daily Sitagliptin 1.29 1.68 Metformin HCl 1,000 mg ‡ twice daily for 14 days 50 mg ‡ twice daily for 7 days Sitagliptin 1.02 § 1.05 Metformin Table 7: Effect of Metformin HCl on Systemic Exposure of Coadministered Drugs * All doses administered as single dose unless otherwise specified † AUC is reported as AUC 0-∞ unless otherwise specified ‡ AUC 0-24hr § GLUMETZA (metformin HCl extended-release tablets) 500 mg ¶ Ratio of arithmetic means, p value of difference <0.05 @ Ratio of arithmetic means Coadministered Drug Dose of Coadministered Drug * Dose of Metformin HCl * Geometric Mean Ratio (ratio with/without metformin) No Effect = 1 AUC † C max Cimetidine 400 mg 850 mg Cimetidine 0.95 ‡ 1.01 Glyburide 5 mg 500 mg § Glyburide 0.78 ¶ 0.63 ¶ Furosemide 40 mg 850 mg Furosemide 0.87 ¶ 0.69 ¶ Nifedipine 10 mg 850 mg Nifedipine 1.10 ‡ 1.08 Propranolol 40 mg 850 mg Propranolol 1.01 ‡ 0.94 Ibuprofen 400 mg 850 mg Ibuprofen 0.97 @ 1.01 @ Table 8: Effect of Coadministered Drugs on Systemic Exposure of Metformin HCl * All doses administered as single dose unless otherwise specified † AUC is reported as AUC 0-∞ unless otherwise specified ‡ GLUMETZA (metformin HCl extended-release tablets) 500 mg § Ratio of arithmetic means ¶ Steady state 100 mg Topiramate every 12 hr + metformin HCl 500 mg every 12 hr. [clinical_pharmacology] AUC = AUC 0-12hr Coadministered Drug Dose of Coadministered Drug * Dose of Metformin HCl * Geometric Mean Ratio (ratio with/without coadministered drug) No Effect = 1 AUC † C max Glyburide 5 mg 500 mg ‡ Metformin ‡ 0.98 § 0.99 § Furosemide 40 mg 850 mg Metformin 1.09 § 1.22 § Nifedipine 10 mg 850 mg Metformin 1.16 1.21 Propranolol 40 mg 850 mg Metformin 0.90 0.94 Ibuprofen 400 mg 850 mg Metformin 1.05 § 1.07 § Drugs that are eliminated by renal tubular secretion may increase the accumulation of metformin [see Warnings and Precautions (5.1) and Drug Interactions (7)].",Follow the management information in the FDA label and verify with prescribing clinician.,https://api.fda.gov/drug/label.json?search=id:506adfe0-80b4-4a62-9b2c-39bb23b04254,"[clinical_pharmacology] Coadministered Drug Dose of Coadministered Drug * Dose of Sitagliptin * Geometric Mean Ratio (ratio with/without coadministered drug) No Effect = 1 AUC † C max Cyclosporine 600 mg once daily 100 mg once daily Sitagliptin 1.29 1.68 Metformin HCl 1,000 mg ‡ twice daily for 14 days 50 mg ‡ twice daily for 7 days Sitagliptin 1.02 § 1.05 Metformin Table 7: Effect of Metformin HCl on Systemic Exposure of Coadministered Drugs * All doses administered as single dose unless otherwise specified † AUC is reported as AUC 0-∞ unless otherwise specified ‡ AUC 0-24hr § GLUMETZA (metformin HCl extended-release tablets) 500 mg ¶ Ratio of arithmetic means, p value of difference <0.05 @ Ratio of arithmetic means Coadministered Drug Dose of Coadministered Drug * Dose of Metformin HCl * Geometric Mean Ratio (ratio with/without metformin) No Effect = 1 AUC † C max Cimetidine 400 mg 850 mg Cimetidine 0.95 ‡ 1.01 Glyburide 5 mg 500 mg § Glyburide 0.78 ¶ 0.63 ¶ Furosemide 40 mg 850 mg Furosemide 0.87 ¶ 0.69 ¶ Nifedipine 10 mg 850 mg Nifedipine 1.10 ‡ 1.08 Propranolol 40 mg 850 mg Propranolol 1.01 ‡ 0.94 Ibuprofen 400 mg 850 mg Ibuprofen 0.97 @ 1.01 @ Table 8: Effect of Coadministered Drugs on Systemic Exposure of Metformin HCl * All doses administered as single dose unless otherwise specified † AUC is reported as AUC 0-∞ unless otherwise specified ‡ GLUMETZA (metformin HCl extended-release tablets) 500 mg § Ratio of arithmetic means ¶ Steady state 100 mg Topiramate every 12 hr + metformin HCl 500 mg every 12 hr. [clinical_pharmacology] AUC = AUC 0-12hr Coadministered Drug Dose of Coadministered Drug * Dose of Metformin HCl * Geometric Mean Ratio (ratio with/without coadministered drug) No Effect = 1 AUC † C max Glyburide 5 mg 500 mg ‡ Metformin ‡ 0.98 § 0.99 § Furosemide 40 mg 850 mg Metformin 1.09 § 1.22 § Nifedipine 10 mg 850 mg Metformin 1.16 1.21 Propranolol 40 mg 850 mg Metformin 0.90 0.94 Ibuprofen 400 mg 850 mg Metformin 1.05 § 1.07 § Drugs that are eliminated by renal tubular secretion may increase the accumulation of metformin [see Warnings and Precautions (5.1) and Drug Interactions (7)]."
sitagliptin,simvastatin,Not stated in FDA label,"[clinical_pharmacology] In Vivo Assessment of Drug Interaction s Effects of Sitagliptin on Other Drugs In clinical studies, sitagliptin did not meaningfully alter the pharmacokinetics of metformin, glyburide, simvastatin, rosiglitazone, digoxin, warfarin, or an oral contraception (ethinyl estradiol and norethindrone) (Table 5), providing in vivo evidence of a low propensity for causing drug interactions with substrates of CYP3A4, CYP2C8, CYP2C9, P-gp, and organic cationic transporter (OCT). [clinical_pharmacology] Table 5: Effect of Sitagliptin on Systemic Exposure of Coadministered Drugs Coadministered Drug Dose of Coadministered Drug* Dose of Sitagliptin* Geometric Mean Ratio (ratio with/without sitagliptin) No Effect = 1.00 AUC † C max Digoxin 0.25 mg ‡ once daily for 10 days 100 mg ‡ once daily for 10 days Digoxin 1.11 § 1.18 Glyburide 1.25 mg 200 mg ‡ once daily for 6 days Glyburide 1.09 1.01 Simvastatin 20 mg 200 mg ‡ once daily for 5 days Simvastatin 0.85 ¶ 0.80 Simvastatin Acid 1.12 ¶ 1.06 Rosiglitazone 4 mg 200 mg ‡ once daily for 5 days Rosiglitazone 0.98 0.99 Warfarin 30 mg single dose on day 5 200 mg ‡ once daily for 11 days S(-) Warfarin 0.95 0.89 R(+) Warfarin 0.99 0.89 Ethinyl estradiol and norethindrone 21 days once daily of 35 mcg ethinyl estradiol with norethindrone 0.5 mg x 7 days, 0.75 mg x 7 days, 1.0 mg x 7 days 200 mg ‡ once daily for 21 days Ethinyl estradiol 0.99 0.97 Norethindrone 1.03 0.98 Metformin HCI 1,000 mg ‡ twice daily for 14 days 50 mg ‡ twice daily for 7 days Metformin 1.02 # 0.97 * All doses administered as single dose unless otherwise specified.",Follow the management information in the FDA label and verify with prescribing clinician.,https://api.fda.gov/drug/label.json?search=id:58f0e7eb-dbcc-7207-e063-6294a90a40b1,"[clinical_pharmacology] In Vivo Assessment of Drug Interaction s Effects of Sitagliptin on Other Drugs In clinical studies, sitagliptin did not meaningfully alter the pharmacokinetics of metformin, glyburide, simvastatin, rosiglitazone, digoxin, warfarin, or an oral contraception (ethinyl estradiol and norethindrone) (Table 5), providing in vivo evidence of a low propensity for causing drug interactions with substrates of CYP3A4, CYP2C8, CYP2C9, P-gp, and organic cationic transporter (OCT). [clinical_pharmacology] Table 5: Effect of Sitagliptin on Systemic Exposure of Coadministered Drugs Coadministered Drug Dose of Coadministered Drug* Dose of Sitagliptin* Geometric Mean Ratio (ratio with/without sitagliptin) No Effect = 1.00 AUC † C max Digoxin 0.25 mg ‡ once daily for 10 days 100 mg ‡ once daily for 10 days Digoxin 1.11 § 1.18 Glyburide 1.25 mg 200 mg ‡ once daily for 6 days Glyburide 1.09 1.01 Simvastatin 20 mg 200 mg ‡ once daily for 5 days Simvastatin 0.85 ¶ 0.80 Simvastatin Acid 1.12 ¶ 1.06 Rosiglitazone 4 mg 200 mg ‡ once daily for 5 days Rosiglitazone 0.98 0.99 Warfarin 30 mg single dose on day 5 200 mg ‡ once daily for 11 days S(-) Warfarin 0.95 0.89 R(+) Warfarin 0.99 0.89 Ethinyl estradiol and norethindrone 21 days once daily of 35 mcg ethinyl estradiol with norethindrone 0.5 mg x 7 days, 0.75 mg x 7 days, 1.0 mg x 7 days 200 mg ‡ once daily for 21 days Ethinyl estradiol 0.99 0.97 Norethindrone 1.03 0.98 Metformin HCI 1,000 mg ‡ twice daily for 14 days 50 mg ‡ twice daily for 7 days Metformin 1.02 # 0.97 * All doses administered as single dose unless otherwise specified."
sitagliptin,ibuprofen,Not stated in FDA label,"[clinical_pharmacology] Coadministered Drug Dose of Coadministered Drug * Dose of Sitagliptin * Geometric Mean Ratio (ratio with/without coadministered drug) No Effect = 1 AUC † C max Cyclosporine 600 mg once daily 100 mg once daily Sitagliptin 1.29 1.68 Metformin HCl 1,000 mg ‡ twice daily for 14 days 50 mg ‡ twice daily for 7 days Sitagliptin 1.02 § 1.05 Metformin Table 7: Effect of Metformin HCl on Systemic Exposure of Coadministered Drugs * All doses administered as single dose unless otherwise specified † AUC is reported as AUC 0-∞ unless otherwise specified ‡ AUC 0-24hr § GLUMETZA (metformin HCl extended-release tablets) 500 mg ¶ Ratio of arithmetic means, p value of difference <0.05 @ Ratio of arithmetic means Coadministered Drug Dose of Coadministered Drug * Dose of Metformin HCl * Geometric Mean Ratio (ratio with/without metformin) No Effect = 1 AUC † C max Cimetidine 400 mg 850 mg Cimetidine 0.95 ‡ 1.01 Glyburide 5 mg 500 mg § Glyburide 0.78 ¶ 0.63 ¶ Furosemide 40 mg 850 mg Furosemide 0.87 ¶ 0.69 ¶ Nifedipine 10 mg 850 mg Nifedipine 1.10 ‡ 1.08 Propranolol 40 mg 850 mg Propranolol 1.01 ‡ 0.94 Ibuprofen 400 mg 850 mg Ibuprofen 0.97 @ 1.01 @ Table 8: Effect of Coadministered Drugs on Systemic Exposure of Metformin HCl * All doses administered as single dose unless otherwise specified † AUC is reported as AUC 0-∞ unless otherwise specified ‡ GLUMETZA (metformin HCl extended-release tablets) 500 mg § Ratio of arithmetic means ¶ Steady state 100 mg Topiramate every 12 hr + metformin HCl 500 mg every 12 hr. [clinical_pharmacology] AUC = AUC 0-12hr Coadministered Drug Dose of Coadministered Drug * Dose of Metformin HCl * Geometric Mean Ratio (ratio with/without coadministered drug) No Effect = 1 AUC † C max Glyburide 5 mg 500 mg ‡ Metformin ‡ 0.98 § 0.99 § Furosemide 40 mg 850 mg Metformin 1.09 § 1.22 § Nifedipine 10 mg 850 mg Metformin 1.16 1.21 Propranolol 40 mg 850 mg Metformin 0.90 0.94 Ibuprofen 400 mg 850 mg Metformin 1.05 § 1.07 § Drugs that are eliminated by renal tubular secretion may increase the accumulation of metformin [see Warnings and Precautions (5.1) and Drug Interactions (7)].",Follow the management information in the FDA label and verify with prescribing clinician.,https://api.fda.gov/drug/label.json?search=id:506adfe0-80b4-4a62-9b2c-39bb23b04254,"[clinical_pharmacology] Coadministered Drug Dose of Coadministered Drug * Dose of Sitagliptin * Geometric Mean Ratio (ratio with/without coadministered drug) No Effect = 1 AUC † C max Cyclosporine 600 mg once daily 100 mg once daily Sitagliptin 1.29 1.68 Metformin HCl 1,000 mg ‡ twice daily for 14 days 50 mg ‡ twice daily for 7 days Sitagliptin 1.02 § 1.05 Metformin Table 7: Effect of Metformin HCl on Systemic Exposure of Coadministered Drugs * All doses administered as single dose unless otherwise specified † AUC is reported as AUC 0-∞ unless otherwise specified ‡ AUC 0-24hr § GLUMETZA (metformin HCl extended-release tablets) 500 mg ¶ Ratio of arithmetic means, p value of difference <0.05 @ Ratio of arithmetic means Coadministered Drug Dose of Coadministered Drug * Dose of Metformin HCl * Geometric Mean Ratio (ratio with/without metformin) No Effect = 1 AUC † C max Cimetidine 400 mg 850 mg Cimetidine 0.95 ‡ 1.01 Glyburide 5 mg 500 mg § Glyburide 0.78 ¶ 0.63 ¶ Furosemide 40 mg 850 mg Furosemide 0.87 ¶ 0.69 ¶ Nifedipine 10 mg 850 mg Nifedipine 1.10 ‡ 1.08 Propranolol 40 mg 850 mg Propranolol 1.01 ‡ 0.94 Ibuprofen 400 mg 850 mg Ibuprofen 0.97 @ 1.01 @ Table 8: Effect of Coadministered Drugs on Systemic Exposure of Metformin HCl * All doses administered as single dose unless otherwise specified † AUC is reported as AUC 0-∞ unless otherwise specified ‡ GLUMETZA (metformin HCl extended-release tablets) 500 mg § Ratio of arithmetic means ¶ Steady state 100 mg Topiramate every 12 hr + metformin HCl 500 mg every 12 hr. [clinical_pharmacology] AUC = AUC 0-12hr Coadministered Drug Dose of Coadministered Drug * Dose of Metformin HCl * Geometric Mean Ratio (ratio with/without coadministered drug) No Effect = 1 AUC † C max Glyburide 5 mg 500 mg ‡ Metformin ‡ 0.98 § 0.99 § Furosemide 40 mg 850 mg Metformin 1.09 § 1.22 § Nifedipine 10 mg 850 mg Metformin 1.16 1.21 Propranolol 40 mg 850 mg Metformin 0.90 0.94 Ibuprofen 400 mg 850 mg Metformin 1.05 § 1.07 § Drugs that are eliminated by renal tubular secretion may increase the accumulation of metformin [see Warnings and Precautions (5.1) and Drug Interactions (7)]."
sitagliptin,warfarin,Not stated in FDA label,"[clinical_pharmacology] In Vivo Assessment of Drug Interaction s Effects of Sitagliptin on Other Drugs In clinical studies, sitagliptin did not meaningfully alter the pharmacokinetics of metformin, glyburide, simvastatin, rosiglitazone, digoxin, warfarin, or an oral contraception (ethinyl estradiol and norethindrone) (Table 5), providing in vivo evidence of a low propensity for causing drug interactions with substrates of CYP3A4, CYP2C8, CYP2C9, P-gp, and organic cationic transporter (OCT). [clinical_pharmacology] Table 5: Effect of Sitagliptin on Systemic Exposure of Coadministered Drugs Coadministered Drug Dose of Coadministered Drug* Dose of Sitagliptin* Geometric Mean Ratio (ratio with/without sitagliptin) No Effect = 1.00 AUC † C max Digoxin 0.25 mg ‡ once daily for 10 days 100 mg ‡ once daily for 10 days Digoxin 1.11 § 1.18 Glyburide 1.25 mg 200 mg ‡ once daily for 6 days Glyburide 1.09 1.01 Simvastatin 20 mg 200 mg ‡ once daily for 5 days Simvastatin 0.85 ¶ 0.80 Simvastatin Acid 1.12 ¶ 1.06 Rosiglitazone 4 mg 200 mg ‡ once daily for 5 days Rosiglitazone 0.98 0.99 Warfarin 30 mg single dose on day 5 200 mg ‡ once daily for 11 days S(-) Warfarin 0.95 0.89 R(+) Warfarin 0.99 0.89 Ethinyl estradiol and norethindrone 21 days once daily of 35 mcg ethinyl estradiol with norethindrone 0.5 mg x 7 days, 0.75 mg x 7 days, 1.0 mg x 7 days 200 mg ‡ once daily for 21 days Ethinyl estradiol 0.99 0.97 Norethindrone 1.03 0.98 Metformin HCI 1,000 mg ‡ twice daily for 14 days 50 mg ‡ twice daily for 7 days Metformin 1.02 # 0.97 * All doses administered as single dose unless otherwise specified.",Follow the management information in the FDA label and verify with prescribing clinician.,https://api.fda.gov/drug/label.json?search=id:58f0e7eb-dbcc-7207-e063-6294a90a40b1,"[clinical_pharmacology] In Vivo Assessment of Drug Interaction s Effects of Sitagliptin on Other Drugs In clinical studies, sitagliptin did not meaningfully alter the pharmacokinetics of metformin, glyburide, simvastatin, rosiglitazone, digoxin, warfarin, or an oral contraception (ethinyl estradiol and norethindrone) (Table 5), providing in vivo evidence of a low propensity for causing drug interactions with substrates of CYP3A4, CYP2C8, CYP2C9, P-gp, and organic cationic transporter (OCT). [clinical_pharmacology] Table 5: Effect of Sitagliptin on Systemic Exposure of Coadministered Drugs Coadministered Drug Dose of Coadministered Drug* Dose of Sitagliptin* Geometric Mean Ratio (ratio with/without sitagliptin) No Effect = 1.00 AUC † C max Digoxin 0.25 mg ‡ once daily for 10 days 100 mg ‡ once daily for 10 days Digoxin 1.11 § 1.18 Glyburide 1.25 mg 200 mg ‡ once daily for 6 days Glyburide 1.09 1.01 Simvastatin 20 mg 200 mg ‡ once daily for 5 days Simvastatin 0.85 ¶ 0.80 Simvastatin Acid 1.12 ¶ 1.06 Rosiglitazone 4 mg 200 mg ‡ once daily for 5 days Rosiglitazone 0.98 0.99 Warfarin 30 mg single dose on day 5 200 mg ‡ once daily for 11 days S(-) Warfarin 0.95 0.89 R(+) Warfarin 0.99 0.89 Ethinyl estradiol and norethindrone 21 days once daily of 35 mcg ethinyl estradiol with norethindrone 0.5 mg x 7 days, 0.75 mg x 7 days, 1.0 mg x 7 days 200 mg ‡ once daily for 21 days Ethinyl estradiol 0.99 0.97 Norethindrone 1.03 0.98 Metformin HCI 1,000 mg ‡ twice daily for 14 days 50 mg ‡ twice daily for 7 days Metformin 1.02 # 0.97 * All doses administered as single dose unless otherwise specified."
sitagliptin,digoxin,Not stated in FDA label,"[clinical_pharmacology] In Vivo Assessment of Drug Interaction s Effects of Sitagliptin on Other Drugs In clinical studies, sitagliptin did not meaningfully alter the pharmacokinetics of metformin, glyburide, simvastatin, rosiglitazone, digoxin, warfarin, or an oral contraception (ethinyl estradiol and norethindrone) (Table 5), providing in vivo evidence of a low propensity for causing drug interactions with substrates of CYP3A4, CYP2C8, CYP2C9, P-gp, and organic cationic transporter (OCT). [clinical_pharmacology] Table 5: Effect of Sitagliptin on Systemic Exposure of Coadministered Drugs Coadministered Drug Dose of Coadministered Drug* Dose of Sitagliptin* Geometric Mean Ratio (ratio with/without sitagliptin) No Effect = 1.00 AUC † C max Digoxin 0.25 mg ‡ once daily for 10 days 100 mg ‡ once daily for 10 days Digoxin 1.11 § 1.18 Glyburide 1.25 mg 200 mg ‡ once daily for 6 days Glyburide 1.09 1.01 Simvastatin 20 mg 200 mg ‡ once daily for 5 days Simvastatin 0.85 ¶ 0.80 Simvastatin Acid 1.12 ¶ 1.06 Rosiglitazone 4 mg 200 mg ‡ once daily for 5 days Rosiglitazone 0.98 0.99 Warfarin 30 mg single dose on day 5 200 mg ‡ once daily for 11 days S(-) Warfarin 0.95 0.89 R(+) Warfarin 0.99 0.89 Ethinyl estradiol and norethindrone 21 days once daily of 35 mcg ethinyl estradiol with norethindrone 0.5 mg x 7 days, 0.75 mg x 7 days, 1.0 mg x 7 days 200 mg ‡ once daily for 21 days Ethinyl estradiol 0.99 0.97 Norethindrone 1.03 0.98 Metformin HCI 1,000 mg ‡ twice daily for 14 days 50 mg ‡ twice daily for 7 days Metformin 1.02 # 0.97 * All doses administered as single dose unless otherwise specified.",Follow the management information in the FDA label and verify with prescribing clinician.,https://api.fda.gov/drug/label.json?search=id:58f0e7eb-dbcc-7207-e063-6294a90a40b1,"[clinical_pharmacology] In Vivo Assessment of Drug Interaction s Effects of Sitagliptin on Other Drugs In clinical studies, sitagliptin did not meaningfully alter the pharmacokinetics of metformin, glyburide, simvastatin, rosiglitazone, digoxin, warfarin, or an oral contraception (ethinyl estradiol and norethindrone) (Table 5), providing in vivo evidence of a low propensity for causing drug interactions with substrates of CYP3A4, CYP2C8, CYP2C9, P-gp, and organic cationic transporter (OCT). [clinical_pharmacology] Table 5: Effect of Sitagliptin on Systemic Exposure of Coadministered Drugs Coadministered Drug Dose of Coadministered Drug* Dose of Sitagliptin* Geometric Mean Ratio (ratio with/without sitagliptin) No Effect = 1.00 AUC † C max Digoxin 0.25 mg ‡ once daily for 10 days 100 mg ‡ once daily for 10 days Digoxin 1.11 § 1.18 Glyburide 1.25 mg 200 mg ‡ once daily for 6 days Glyburide 1.09 1.01 Simvastatin 20 mg 200 mg ‡ once daily for 5 days Simvastatin 0.85 ¶ 0.80 Simvastatin Acid 1.12 ¶ 1.06 Rosiglitazone 4 mg 200 mg ‡ once daily for 5 days Rosiglitazone 0.98 0.99 Warfarin 30 mg single dose on day 5 200 mg ‡ once daily for 11 days S(-) Warfarin 0.95 0.89 R(+) Warfarin 0.99 0.89 Ethinyl estradiol and norethindrone 21 days once daily of 35 mcg ethinyl estradiol with norethindrone 0.5 mg x 7 days, 0.75 mg x 7 days, 1.0 mg x 7 days 200 mg ‡ once daily for 21 days Ethinyl estradiol 0.99 0.97 Norethindrone 1.03 0.98 Metformin HCI 1,000 mg ‡ twice daily for 14 days 50 mg ‡ twice daily for 7 days Metformin 1.02 # 0.97 * All doses administered as single dose unless otherwise specified."
empagliflozin,pioglitazone,Not stated in FDA label,"[clinical_pharmacology] Figure 1 Effect of Various Medications on the Pharmacokinetics of Empagliflozin as Displayed as 90% Confidence Interval of Geometric Mean AUC and C max Ratios [reference lines indicate 100% (80% - 125%)] a empagliflozin, 50 mg, once daily; b empagliflozin, 25 mg, single dose; c empagliflozin, 25 mg, once daily; d empagliflozin, 10 mg, single dose Empagliflozin had no clinically relevant effect on the pharmacokinetics of metformin, glimepiride, pioglitazone, sitagliptin, linagliptin, warfarin, digoxin, ramipril, simvastatin, hydrochlorothiazide, torsemide, and oral contraceptives when coadministered in healthy volunteers (see Figure 2 ).",Follow the management information in the FDA label and verify with prescribing clinician.,https://api.fda.gov/drug/label.json?search=id:74e3dfbf-03de-4d8f-b900-955d45db5ab6,"[clinical_pharmacology] Figure 1 Effect of Various Medications on the Pharmacokinetics of Empagliflozin as Displayed as 90% Confidence Interval of Geometric Mean AUC and C max Ratios [reference lines indicate 100% (80% - 125%)] a empagliflozin, 50 mg, once daily; b empagliflozin, 25 mg, single dose; c empagliflozin, 25 mg, once daily; d empagliflozin, 10 mg, single dose Empagliflozin had no clinically relevant effect on the pharmacokinetics of metformin, glimepiride, pioglitazone, sitagliptin, linagliptin, warfarin, digoxin, ramipril, simvastatin, hydrochlorothiazide, torsemide, and oral contraceptives when coadministered in healthy volunteers (see Figure 2 )."
empagliflozin,insulin,Not stated in FDA label,"[drug_interactions] Insulin or Insulin Secretagogues Clinical Impact The risk of hypoglycemia is increased when JARDIANCE is used in combination with insulin secretagogues (e.g., sulfonylurea) or insulin. [drug_interactions] Intervention Coadministration of JARDIANCE with an insulin secretagogue (e.g., sulfonylurea) or insulin may require lower doses of the insulin secretagogue or insulin to reduce the risk of hypoglycemia. [warnings_and_cautions] ( 5.2 , 6.1 ) Urosepsis and Pyelonephritis: Evaluate patients for signs and symptoms of urinary tract infections and treat promptly, if indicated ( 5.3 ) Hypoglycemia: Consider lowering the dose of insulin secretagogue or insulin to reduce the risk of hypoglycemia when initiating JARDIANCE ( 5.4 ) Necrotizing Fasciitis of the Perineum (Fournier's Gangrene): Serious, life-threatening cases have occurred in both females and males.",Follow the management information in the FDA label and verify with prescribing clinician.,https://api.fda.gov/drug/label.json?search=id:46a68ec5-d52b-46dd-920f-38eff4165301,"[drug_interactions] Insulin or Insulin Secretagogues Clinical Impact The risk of hypoglycemia is increased when JARDIANCE is used in combination with insulin secretagogues (e.g., sulfonylurea) or insulin. [drug_interactions] Intervention Coadministration of JARDIANCE with an insulin secretagogue (e.g., sulfonylurea) or insulin may require lower doses of the insulin secretagogue or insulin to reduce the risk of hypoglycemia. [warnings_and_cautions] ( 5.2 , 6.1 ) Urosepsis and Pyelonephritis: Evaluate patients for signs and symptoms of urinary tract infections and treat promptly, if indicated ( 5.3 ) Hypoglycemia: Consider lowering the dose of insulin secretagogue or insulin to reduce the risk of hypoglycemia when initiating JARDIANCE ( 5.4 ) Necrotizing Fasciitis of the Perineum (Fournier's Gangrene): Serious, life-threatening cases have occurred in both females and males."
empagliflozin,ramipril,Not stated in FDA label,"[clinical_pharmacology] Figure 1 Effect of Various Medications on the Pharmacokinetics of Empagliflozin as Displayed as 90% Confidence Interval of Geometric Mean AUC and C max Ratios [reference lines indicate 100% (80% - 125%)] a empagliflozin, 50 mg, once daily; b empagliflozin, 25 mg, single dose; c empagliflozin, 25 mg, once daily; d empagliflozin, 10 mg, single dose Empagliflozin had no clinically relevant effect on the pharmacokinetics of metformin, glimepiride, pioglitazone, sitagliptin, linagliptin, warfarin, digoxin, ramipril, simvastatin, hydrochlorothiazide, torsemide, and oral contraceptives when coadministered in healthy volunteers (see Figure 2 ). [clinical_pharmacology] Figure 2 Effect of Empagliflozin on the Pharmacokinetics of Various Medications as Displayed as 90% Confidence Interval of Geometric Mean AUC and C max Ratios [reference lines indicate 100% (80% - 125%)] a empagliflozin, 50 mg, once daily; b empagliflozin, 25 mg, once daily; c empagliflozin, 25 mg, single dose; d administered as simvastatin; e administered as warfarin racemic mixture; f administered as Microgynon ® ; g administered as ramipril Figure 1 Figure 2 Metformin HCl Table 5 Effect of Coadministered Drug on Plasma Metformin Systemic Exposure Coadministered Drug Dose of Coadministered Drug* Dose of Metformin HCl* Geometric Mean Ratio (ratio with/without coadministered drug) No effect=1.0 AUC † C max * All metformin and coadministered drugs were given as single doses † AUC = AUC (INF) ≠ Metformin HCl extended-release tablets 500 mg ‡ Ratio of arithmetic means **At steady-state with topiramate 100 mg every 12 hours and metformin 500 mg every 12 hours; AUC = AUC (0-12 hours) Glyburide 5 mg 500 mg≠ metformin 0.98‡ 0.99‡ Furosemide 40 mg 850 mg metformin 1.09‡ 1.22‡ Nifedipine 10 mg 850 mg metformin 1.16 1.21 Propranolol 40 mg 850 mg metformin 0.90 0.94 Ibuprofen 400 mg 850 mg metformin 1.05‡ 1.07‡ Cationic drugs eliminated by renal tubular secretion may reduce metformin elimination [see Drug Interactions (7) ].",Follow the management information in the FDA label and verify with prescribing clinician.,https://api.fda.gov/drug/label.json?search=id:74e3dfbf-03de-4d8f-b900-955d45db5ab6,"[clinical_pharmacology] Figure 1 Effect of Various Medications on the Pharmacokinetics of Empagliflozin as Displayed as 90% Confidence Interval of Geometric Mean AUC and C max Ratios [reference lines indicate 100% (80% - 125%)] a empagliflozin, 50 mg, once daily; b empagliflozin, 25 mg, single dose; c empagliflozin, 25 mg, once daily; d empagliflozin, 10 mg, single dose Empagliflozin had no clinically relevant effect on the pharmacokinetics of metformin, glimepiride, pioglitazone, sitagliptin, linagliptin, warfarin, digoxin, ramipril, simvastatin, hydrochlorothiazide, torsemide, and oral contraceptives when coadministered in healthy volunteers (see Figure 2 ). [clinical_pharmacology] Figure 2 Effect of Empagliflozin on the Pharmacokinetics of Various Medications as Displayed as 90% Confidence Interval of Geometric Mean AUC and C max Ratios [reference lines indicate 100% (80% - 125%)] a empagliflozin, 50 mg, once daily; b empagliflozin, 25 mg, once daily; c empagliflozin, 25 mg, single dose; d administered as simvastatin; e administered as warfarin racemic mixture; f administered as Microgynon ® ; g administered as ramipril Figure 1 Figure 2 Metformin HCl Table 5 Effect of Coadministered Drug on Plasma Metformin Systemic Exposure Coadministered Drug Dose of Coadministered Drug* Dose of Metformin HCl* Geometric Mean Ratio (ratio with/without coadministered drug) No effect=1.0 AUC † C max * All metformin and coadministered drugs were given as single doses † AUC = AUC (INF) ≠ Metformin HCl extended-release tablets 500 mg ‡ Ratio of arithmetic means **At steady-state with topiramate 100 mg every 12 hours and metformin 500 mg every 12 hours; AUC = AUC (0-12 hours) Glyburide 5 mg 500 mg≠ metformin 0.98‡ 0.99‡ Furosemide 40 mg 850 mg metformin 1.09‡ 1.22‡ Nifedipine 10 mg 850 mg metformin 1.16 1.21 Propranolol 40 mg 850 mg metformin 0.90 0.94 Ibuprofen 400 mg 850 mg metformin 1.05‡ 1.07‡ Cationic drugs eliminated by renal tubular secretion may reduce metformin elimination [see Drug Interactions (7) ]."
empagliflozin,nifedipine,Not stated in FDA label,"[clinical_pharmacology] Figure 2 Effect of Empagliflozin on the Pharmacokinetics of Various Medications as Displayed as 90% Confidence Interval of Geometric Mean AUC and C max Ratios [reference lines indicate 100% (80% - 125%)] a empagliflozin, 50 mg, once daily; b empagliflozin, 25 mg, once daily; c empagliflozin, 25 mg, single dose; d administered as simvastatin; e administered as warfarin racemic mixture; f administered as Microgynon ® ; g administered as ramipril Figure 1 Figure 2 Metformin HCl Table 5 Effect of Coadministered Drug on Plasma Metformin Systemic Exposure Coadministered Drug Dose of Coadministered Drug* Dose of Metformin HCl* Geometric Mean Ratio (ratio with/without coadministered drug) No effect=1.0 AUC † C max * All metformin and coadministered drugs were given as single doses † AUC = AUC (INF) ≠ Metformin HCl extended-release tablets 500 mg ‡ Ratio of arithmetic means **At steady-state with topiramate 100 mg every 12 hours and metformin 500 mg every 12 hours; AUC = AUC (0-12 hours) Glyburide 5 mg 500 mg≠ metformin 0.98‡ 0.99‡ Furosemide 40 mg 850 mg metformin 1.09‡ 1.22‡ Nifedipine 10 mg 850 mg metformin 1.16 1.21 Propranolol 40 mg 850 mg metformin 0.90 0.94 Ibuprofen 400 mg 850 mg metformin 1.05‡ 1.07‡ Cationic drugs eliminated by renal tubular secretion may reduce metformin elimination [see Drug Interactions (7) ]. [clinical_pharmacology] Topiramate** 100 mg 500 mg metformin 1.25 1.17 Table 6 Effect of Metformin on Coadministered Drug Systemic Exposure Coadministered Drug Dose of Coadministered Drug* Dose of Metformin HCl* Geometric Mean Ratio (ratio with/without metformin) No effect=1.0 AUC † C max * All metformin and coadministered drugs were given as single doses † AUC = AUC (INF) unless otherwise noted ‡ Ratio of arithmetic means, p-value of difference <0.05 § AUC (0-24 hours) reported ¶ Ratio of arithmetic means Glyburide 5 mg 500 mg§ glyburide 0.78‡ 0.63‡ Furosemide 40 mg 850 mg furosemide 0.87‡ 0.69‡ Nifedipine 10 mg 850 mg nifedipine 1.10§ 1.08 Propranolol 40 mg 850 mg propranolol 1.01§ 0.94 Ibuprofen 400 mg 850 mg ibuprofen 0.97¶ 1.01¶ Cimetidine 400 mg 850 mg cimetidine 0.95§ 1.01",Follow the management information in the FDA label and verify with prescribing clinician.,https://api.fda.gov/drug/label.json?search=id:74e3dfbf-03de-4d8f-b900-955d45db5ab6,"[clinical_pharmacology] Figure 2 Effect of Empagliflozin on the Pharmacokinetics of Various Medications as Displayed as 90% Confidence Interval of Geometric Mean AUC and C max Ratios [reference lines indicate 100% (80% - 125%)] a empagliflozin, 50 mg, once daily; b empagliflozin, 25 mg, once daily; c empagliflozin, 25 mg, single dose; d administered as simvastatin; e administered as warfarin racemic mixture; f administered as Microgynon ® ; g administered as ramipril Figure 1 Figure 2 Metformin HCl Table 5 Effect of Coadministered Drug on Plasma Metformin Systemic Exposure Coadministered Drug Dose of Coadministered Drug* Dose of Metformin HCl* Geometric Mean Ratio (ratio with/without coadministered drug) No effect=1.0 AUC † C max * All metformin and coadministered drugs were given as single doses † AUC = AUC (INF) ≠ Metformin HCl extended-release tablets 500 mg ‡ Ratio of arithmetic means **At steady-state with topiramate 100 mg every 12 hours and metformin 500 mg every 12 hours; AUC = AUC (0-12 hours) Glyburide 5 mg 500 mg≠ metformin 0.98‡ 0.99‡ Furosemide 40 mg 850 mg metformin 1.09‡ 1.22‡ Nifedipine 10 mg 850 mg metformin 1.16 1.21 Propranolol 40 mg 850 mg metformin 0.90 0.94 Ibuprofen 400 mg 850 mg metformin 1.05‡ 1.07‡ Cationic drugs eliminated by renal tubular secretion may reduce metformin elimination [see Drug Interactions (7) ]. [clinical_pharmacology] Topiramate** 100 mg 500 mg metformin 1.25 1.17 Table 6 Effect of Metformin on Coadministered Drug Systemic Exposure Coadministered Drug Dose of Coadministered Drug* Dose of Metformin HCl* Geometric Mean Ratio (ratio with/without metformin) No effect=1.0 AUC † C max * All metformin and coadministered drugs were given as single doses † AUC = AUC (INF) unless otherwise noted ‡ Ratio of arithmetic means, p-value of difference <0.05 § AUC (0-24 hours) reported ¶ Ratio of arithmetic means Glyburide 5 mg 500 mg§ glyburide 0.78‡ 0.63‡ Furosemide 40 mg 850 mg furosemide 0.87‡ 0.69‡ Nifedipine 10 mg 850 mg nifedipine 1.10§ 1.08 Propranolol 40 mg 850 mg propranolol 1.01§ 0.94 Ibuprofen 400 mg 850 mg ibuprofen 0.97¶ 1.01¶ Cimetidine 400 mg 850 mg cimetidine 0.95§ 1.01"
empagliflozin,propranolol,Not stated in FDA label,"[clinical_pharmacology] Figure 2 Effect of Empagliflozin on the Pharmacokinetics of Various Medications as Displayed as 90% Confidence Interval of Geometric Mean AUC and C max Ratios [reference lines indicate 100% (80% - 125%)] a empagliflozin, 50 mg, once daily; b empagliflozin, 25 mg, once daily; c empagliflozin, 25 mg, single dose; d administered as simvastatin; e administered as warfarin racemic mixture; f administered as Microgynon ® ; g administered as ramipril Figure 1 Figure 2 Metformin HCl Table 5 Effect of Coadministered Drug on Plasma Metformin Systemic Exposure Coadministered Drug Dose of Coadministered Drug* Dose of Metformin HCl* Geometric Mean Ratio (ratio with/without coadministered drug) No effect=1.0 AUC † C max * All metformin and coadministered drugs were given as single doses † AUC = AUC (INF) ≠ Metformin HCl extended-release tablets 500 mg ‡ Ratio of arithmetic means **At steady-state with topiramate 100 mg every 12 hours and metformin 500 mg every 12 hours; AUC = AUC (0-12 hours) Glyburide 5 mg 500 mg≠ metformin 0.98‡ 0.99‡ Furosemide 40 mg 850 mg metformin 1.09‡ 1.22‡ Nifedipine 10 mg 850 mg metformin 1.16 1.21 Propranolol 40 mg 850 mg metformin 0.90 0.94 Ibuprofen 400 mg 850 mg metformin 1.05‡ 1.07‡ Cationic drugs eliminated by renal tubular secretion may reduce metformin elimination [see Drug Interactions (7) ]. [clinical_pharmacology] Topiramate** 100 mg 500 mg metformin 1.25 1.17 Table 6 Effect of Metformin on Coadministered Drug Systemic Exposure Coadministered Drug Dose of Coadministered Drug* Dose of Metformin HCl* Geometric Mean Ratio (ratio with/without metformin) No effect=1.0 AUC † C max * All metformin and coadministered drugs were given as single doses † AUC = AUC (INF) unless otherwise noted ‡ Ratio of arithmetic means, p-value of difference <0.05 § AUC (0-24 hours) reported ¶ Ratio of arithmetic means Glyburide 5 mg 500 mg§ glyburide 0.78‡ 0.63‡ Furosemide 40 mg 850 mg furosemide 0.87‡ 0.69‡ Nifedipine 10 mg 850 mg nifedipine 1.10§ 1.08 Propranolol 40 mg 850 mg propranolol 1.01§ 0.94 Ibuprofen 400 mg 850 mg ibuprofen 0.97¶ 1.01¶ Cimetidine 400 mg 850 mg cimetidine 0.95§ 1.01",Follow the management information in the FDA label and verify with prescribing clinician.,https://api.fda.gov/drug/label.json?search=id:74e3dfbf-03de-4d8f-b900-955d45db5ab6,"[clinical_pharmacology] Figure 2 Effect of Empagliflozin on the Pharmacokinetics of Various Medications as Displayed as 90% Confidence Interval of Geometric Mean AUC and C max Ratios [reference lines indicate 100% (80% - 125%)] a empagliflozin, 50 mg, once daily; b empagliflozin, 25 mg, once daily; c empagliflozin, 25 mg, single dose; d administered as simvastatin; e administered as warfarin racemic mixture; f administered as Microgynon ® ; g administered as ramipril Figure 1 Figure 2 Metformin HCl Table 5 Effect of Coadministered Drug on Plasma Metformin Systemic Exposure Coadministered Drug Dose of Coadministered Drug* Dose of Metformin HCl* Geometric Mean Ratio (ratio with/without coadministered drug) No effect=1.0 AUC † C max * All metformin and coadministered drugs were given as single doses † AUC = AUC (INF) ≠ Metformin HCl extended-release tablets 500 mg ‡ Ratio of arithmetic means **At steady-state with topiramate 100 mg every 12 hours and metformin 500 mg every 12 hours; AUC = AUC (0-12 hours) Glyburide 5 mg 500 mg≠ metformin 0.98‡ 0.99‡ Furosemide 40 mg 850 mg metformin 1.09‡ 1.22‡ Nifedipine 10 mg 850 mg metformin 1.16 1.21 Propranolol 40 mg 850 mg metformin 0.90 0.94 Ibuprofen 400 mg 850 mg metformin 1.05‡ 1.07‡ Cationic drugs eliminated by renal tubular secretion may reduce metformin elimination [see Drug Interactions (7) ]. [clinical_pharmacology] Topiramate** 100 mg 500 mg metformin 1.25 1.17 Table 6 Effect of Metformin on Coadministered Drug Systemic Exposure Coadministered Drug Dose of Coadministered Drug* Dose of Metformin HCl* Geometric Mean Ratio (ratio with/without metformin) No effect=1.0 AUC † C max * All metformin and coadministered drugs were given as single doses † AUC = AUC (INF) unless otherwise noted ‡ Ratio of arithmetic means, p-value of difference <0.05 § AUC (0-24 hours) reported ¶ Ratio of arithmetic means Glyburide 5 mg 500 mg§ glyburide 0.78‡ 0.63‡ Furosemide 40 mg 850 mg furosemide 0.87‡ 0.69‡ Nifedipine 10 mg 850 mg nifedipine 1.10§ 1.08 Propranolol 40 mg 850 mg propranolol 1.01§ 0.94 Ibuprofen 400 mg 850 mg ibuprofen 0.97¶ 1.01¶ Cimetidine 400 mg 850 mg cimetidine 0.95§ 1.01"
empagliflozin,hydrochlorothiazide,Not stated in FDA label,"[clinical_pharmacology] Figure 1 Effect of Various Medications on the Pharmacokinetics of Empagliflozin as Displayed as 90% Confidence Interval of Geometric Mean AUC and C max Ratios [reference lines indicate 100% (80% - 125%)] a empagliflozin, 50 mg, once daily; b empagliflozin, 25 mg, single dose; c empagliflozin, 25 mg, once daily; d empagliflozin, 10 mg, single dose Empagliflozin had no clinically relevant effect on the pharmacokinetics of metformin, glimepiride, pioglitazone, sitagliptin, linagliptin, warfarin, digoxin, ramipril, simvastatin, hydrochlorothiazide, torsemide, and oral contraceptives when coadministered in healthy volunteers (see Figure 2 ).",Follow the management information in the FDA label and verify with prescribing clinician.,https://api.fda.gov/drug/label.json?search=id:74e3dfbf-03de-4d8f-b900-955d45db5ab6,"[clinical_pharmacology] Figure 1 Effect of Various Medications on the Pharmacokinetics of Empagliflozin as Displayed as 90% Confidence Interval of Geometric Mean AUC and C max Ratios [reference lines indicate 100% (80% - 125%)] a empagliflozin, 50 mg, once daily; b empagliflozin, 25 mg, single dose; c empagliflozin, 25 mg, once daily; d empagliflozin, 10 mg, single dose Empagliflozin had no clinically relevant effect on the pharmacokinetics of metformin, glimepiride, pioglitazone, sitagliptin, linagliptin, warfarin, digoxin, ramipril, simvastatin, hydrochlorothiazide, torsemide, and oral contraceptives when coadministered in healthy volunteers (see Figure 2 )."
empagliflozin,furosemide,Not stated in FDA label,"[clinical_pharmacology] Figure 2 Effect of Empagliflozin on the Pharmacokinetics of Various Medications as Displayed as 90% Confidence Interval of Geometric Mean AUC and C max Ratios [reference lines indicate 100% (80% - 125%)] a empagliflozin, 50 mg, once daily; b empagliflozin, 25 mg, once daily; c empagliflozin, 25 mg, single dose; d administered as simvastatin; e administered as warfarin racemic mixture; f administered as Microgynon ® ; g administered as ramipril Figure 1 Figure 2 Metformin HCl Table 5 Effect of Coadministered Drug on Plasma Metformin Systemic Exposure Coadministered Drug Dose of Coadministered Drug* Dose of Metformin HCl* Geometric Mean Ratio (ratio with/without coadministered drug) No effect=1.0 AUC † C max * All metformin and coadministered drugs were given as single doses † AUC = AUC (INF) ≠ Metformin HCl extended-release tablets 500 mg ‡ Ratio of arithmetic means **At steady-state with topiramate 100 mg every 12 hours and metformin 500 mg every 12 hours; AUC = AUC (0-12 hours) Glyburide 5 mg 500 mg≠ metformin 0.98‡ 0.99‡ Furosemide 40 mg 850 mg metformin 1.09‡ 1.22‡ Nifedipine 10 mg 850 mg metformin 1.16 1.21 Propranolol 40 mg 850 mg metformin 0.90 0.94 Ibuprofen 400 mg 850 mg metformin 1.05‡ 1.07‡ Cationic drugs eliminated by renal tubular secretion may reduce metformin elimination [see Drug Interactions (7) ]. [clinical_pharmacology] Topiramate** 100 mg 500 mg metformin 1.25 1.17 Table 6 Effect of Metformin on Coadministered Drug Systemic Exposure Coadministered Drug Dose of Coadministered Drug* Dose of Metformin HCl* Geometric Mean Ratio (ratio with/without metformin) No effect=1.0 AUC † C max * All metformin and coadministered drugs were given as single doses † AUC = AUC (INF) unless otherwise noted ‡ Ratio of arithmetic means, p-value of difference <0.05 § AUC (0-24 hours) reported ¶ Ratio of arithmetic means Glyburide 5 mg 500 mg§ glyburide 0.78‡ 0.63‡ Furosemide 40 mg 850 mg furosemide 0.87‡ 0.69‡ Nifedipine 10 mg 850 mg nifedipine 1.10§ 1.08 Propranolol 40 mg 850 mg propranolol 1.01§ 0.94 Ibuprofen 400 mg 850 mg ibuprofen 0.97¶ 1.01¶ Cimetidine 400 mg 850 mg cimetidine 0.95§ 1.01",Follow the management information in the FDA label and verify with prescribing clinician.,https://api.fda.gov/drug/label.json?search=id:74e3dfbf-03de-4d8f-b900-955d45db5ab6,"[clinical_pharmacology] Figure 2 Effect of Empagliflozin on the Pharmacokinetics of Various Medications as Displayed as 90% Confidence Interval of Geometric Mean AUC and C max Ratios [reference lines indicate 100% (80% - 125%)] a empagliflozin, 50 mg, once daily; b empagliflozin, 25 mg, once daily; c empagliflozin, 25 mg, single dose; d administered as simvastatin; e administered as warfarin racemic mixture; f administered as Microgynon ® ; g administered as ramipril Figure 1 Figure 2 Metformin HCl Table 5 Effect of Coadministered Drug on Plasma Metformin Systemic Exposure Coadministered Drug Dose of Coadministered Drug* Dose of Metformin HCl* Geometric Mean Ratio (ratio with/without coadministered drug) No effect=1.0 AUC † C max * All metformin and coadministered drugs were given as single doses † AUC = AUC (INF) ≠ Metformin HCl extended-release tablets 500 mg ‡ Ratio of arithmetic means **At steady-state with topiramate 100 mg every 12 hours and metformin 500 mg every 12 hours; AUC = AUC (0-12 hours) Glyburide 5 mg 500 mg≠ metformin 0.98‡ 0.99‡ Furosemide 40 mg 850 mg metformin 1.09‡ 1.22‡ Nifedipine 10 mg 850 mg metformin 1.16 1.21 Propranolol 40 mg 850 mg metformin 0.90 0.94 Ibuprofen 400 mg 850 mg metformin 1.05‡ 1.07‡ Cationic drugs eliminated by renal tubular secretion may reduce metformin elimination [see Drug Interactions (7) ]. [clinical_pharmacology] Topiramate** 100 mg 500 mg metformin 1.25 1.17 Table 6 Effect of Metformin on Coadministered Drug Systemic Exposure Coadministered Drug Dose of Coadministered Drug* Dose of Metformin HCl* Geometric Mean Ratio (ratio with/without metformin) No effect=1.0 AUC † C max * All metformin and coadministered drugs were given as single doses † AUC = AUC (INF) unless otherwise noted ‡ Ratio of arithmetic means, p-value of difference <0.05 § AUC (0-24 hours) reported ¶ Ratio of arithmetic means Glyburide 5 mg 500 mg§ glyburide 0.78‡ 0.63‡ Furosemide 40 mg 850 mg furosemide 0.87‡ 0.69‡ Nifedipine 10 mg 850 mg nifedipine 1.10§ 1.08 Propranolol 40 mg 850 mg propranolol 1.01§ 0.94 Ibuprofen 400 mg 850 mg ibuprofen 0.97¶ 1.01¶ Cimetidine 400 mg 850 mg cimetidine 0.95§ 1.01"
empagliflozin,simvastatin,Not stated in FDA label,"[clinical_pharmacology] Figure 1 Effect of Various Medications on the Pharmacokinetics of Empagliflozin as Displayed as 90% Confidence Interval of Geometric Mean AUC and C max Ratios [reference lines indicate 100% (80% - 125%)] a empagliflozin, 50 mg, once daily; b empagliflozin, 25 mg, single dose; c empagliflozin, 25 mg, once daily; d empagliflozin, 10 mg, single dose Empagliflozin had no clinically relevant effect on the pharmacokinetics of metformin, glimepiride, pioglitazone, sitagliptin, linagliptin, warfarin, digoxin, ramipril, simvastatin, hydrochlorothiazide, torsemide, and oral contraceptives when coadministered in healthy volunteers (see Figure 2 ). [clinical_pharmacology] Figure 2 Effect of Empagliflozin on the Pharmacokinetics of Various Medications as Displayed as 90% Confidence Interval of Geometric Mean AUC and C max Ratios [reference lines indicate 100% (80% - 125%)] a empagliflozin, 50 mg, once daily; b empagliflozin, 25 mg, once daily; c empagliflozin, 25 mg, single dose; d administered as simvastatin; e administered as warfarin racemic mixture; f administered as Microgynon ® ; g administered as ramipril Figure 1 Figure 2 Metformin HCl Table 5 Effect of Coadministered Drug on Plasma Metformin Systemic Exposure Coadministered Drug Dose of Coadministered Drug* Dose of Metformin HCl* Geometric Mean Ratio (ratio with/without coadministered drug) No effect=1.0 AUC † C max * All metformin and coadministered drugs were given as single doses † AUC = AUC (INF) ≠ Metformin HCl extended-release tablets 500 mg ‡ Ratio of arithmetic means **At steady-state with topiramate 100 mg every 12 hours and metformin 500 mg every 12 hours; AUC = AUC (0-12 hours) Glyburide 5 mg 500 mg≠ metformin 0.98‡ 0.99‡ Furosemide 40 mg 850 mg metformin 1.09‡ 1.22‡ Nifedipine 10 mg 850 mg metformin 1.16 1.21 Propranolol 40 mg 850 mg metformin 0.90 0.94 Ibuprofen 400 mg 850 mg metformin 1.05‡ 1.07‡ Cationic drugs eliminated by renal tubular secretion may reduce metformin elimination [see Drug Interactions (7) ].",Follow the management information in the FDA label and verify with prescribing clinician.,https://api.fda.gov/drug/label.json?search=id:74e3dfbf-03de-4d8f-b900-955d45db5ab6,"[clinical_pharmacology] Figure 1 Effect of Various Medications on the Pharmacokinetics of Empagliflozin as Displayed as 90% Confidence Interval of Geometric Mean AUC and C max Ratios [reference lines indicate 100% (80% - 125%)] a empagliflozin, 50 mg, once daily; b empagliflozin, 25 mg, single dose; c empagliflozin, 25 mg, once daily; d empagliflozin, 10 mg, single dose Empagliflozin had no clinically relevant effect on the pharmacokinetics of metformin, glimepiride, pioglitazone, sitagliptin, linagliptin, warfarin, digoxin, ramipril, simvastatin, hydrochlorothiazide, torsemide, and oral contraceptives when coadministered in healthy volunteers (see Figure 2 ). [clinical_pharmacology] Figure 2 Effect of Empagliflozin on the Pharmacokinetics of Various Medications as Displayed as 90% Confidence Interval of Geometric Mean AUC and C max Ratios [reference lines indicate 100% (80% - 125%)] a empagliflozin, 50 mg, once daily; b empagliflozin, 25 mg, once daily; c empagliflozin, 25 mg, single dose; d administered as simvastatin; e administered as warfarin racemic mixture; f administered as Microgynon ® ; g administered as ramipril Figure 1 Figure 2 Metformin HCl Table 5 Effect of Coadministered Drug on Plasma Metformin Systemic Exposure Coadministered Drug Dose of Coadministered Drug* Dose of Metformin HCl* Geometric Mean Ratio (ratio with/without coadministered drug) No effect=1.0 AUC † C max * All metformin and coadministered drugs were given as single doses † AUC = AUC (INF) ≠ Metformin HCl extended-release tablets 500 mg ‡ Ratio of arithmetic means **At steady-state with topiramate 100 mg every 12 hours and metformin 500 mg every 12 hours; AUC = AUC (0-12 hours) Glyburide 5 mg 500 mg≠ metformin 0.98‡ 0.99‡ Furosemide 40 mg 850 mg metformin 1.09‡ 1.22‡ Nifedipine 10 mg 850 mg metformin 1.16 1.21 Propranolol 40 mg 850 mg metformin 0.90 0.94 Ibuprofen 400 mg 850 mg metformin 1.05‡ 1.07‡ Cationic drugs eliminated by renal tubular secretion may reduce metformin elimination [see Drug Interactions (7) ]."
empagliflozin,ibuprofen,Not stated in FDA label,"[clinical_pharmacology] Figure 2 Effect of Empagliflozin on the Pharmacokinetics of Various Medications as Displayed as 90% Confidence Interval of Geometric Mean AUC and C max Ratios [reference lines indicate 100% (80% - 125%)] a empagliflozin, 50 mg, once daily; b empagliflozin, 25 mg, once daily; c empagliflozin, 25 mg, single dose; d administered as simvastatin; e administered as warfarin racemic mixture; f administered as Microgynon ® ; g administered as ramipril Figure 1 Figure 2 Metformin HCl Table 5 Effect of Coadministered Drug on Plasma Metformin Systemic Exposure Coadministered Drug Dose of Coadministered Drug* Dose of Metformin HCl* Geometric Mean Ratio (ratio with/without coadministered drug) No effect=1.0 AUC † C max * All metformin and coadministered drugs were given as single doses † AUC = AUC (INF) ≠ Metformin HCl extended-release tablets 500 mg ‡ Ratio of arithmetic means **At steady-state with topiramate 100 mg every 12 hours and metformin 500 mg every 12 hours; AUC = AUC (0-12 hours) Glyburide 5 mg 500 mg≠ metformin 0.98‡ 0.99‡ Furosemide 40 mg 850 mg metformin 1.09‡ 1.22‡ Nifedipine 10 mg 850 mg metformin 1.16 1.21 Propranolol 40 mg 850 mg metformin 0.90 0.94 Ibuprofen 400 mg 850 mg metformin 1.05‡ 1.07‡ Cationic drugs eliminated by renal tubular secretion may reduce metformin elimination [see Drug Interactions (7) ]. [clinical_pharmacology] Topiramate** 100 mg 500 mg metformin 1.25 1.17 Table 6 Effect of Metformin on Coadministered Drug Systemic Exposure Coadministered Drug Dose of Coadministered Drug* Dose of Metformin HCl* Geometric Mean Ratio (ratio with/without metformin) No effect=1.0 AUC † C max * All metformin and coadministered drugs were given as single doses † AUC = AUC (INF) unless otherwise noted ‡ Ratio of arithmetic means, p-value of difference <0.05 § AUC (0-24 hours) reported ¶ Ratio of arithmetic means Glyburide 5 mg 500 mg§ glyburide 0.78‡ 0.63‡ Furosemide 40 mg 850 mg furosemide 0.87‡ 0.69‡ Nifedipine 10 mg 850 mg nifedipine 1.10§ 1.08 Propranolol 40 mg 850 mg propranolol 1.01§ 0.94 Ibuprofen 400 mg 850 mg ibuprofen 0.97¶ 1.01¶ Cimetidine 400 mg 850 mg cimetidine 0.95§ 1.01",Follow the management information in the FDA label and verify with prescribing clinician.,https://api.fda.gov/drug/label.json?search=id:74e3dfbf-03de-4d8f-b900-955d45db5ab6,"[clinical_pharmacology] Figure 2 Effect of Empagliflozin on the Pharmacokinetics of Various Medications as Displayed as 90% Confidence Interval of Geometric Mean AUC and C max Ratios [reference lines indicate 100% (80% - 125%)] a empagliflozin, 50 mg, once daily; b empagliflozin, 25 mg, once daily; c empagliflozin, 25 mg, single dose; d administered as simvastatin; e administered as warfarin racemic mixture; f administered as Microgynon ® ; g administered as ramipril Figure 1 Figure 2 Metformin HCl Table 5 Effect of Coadministered Drug on Plasma Metformin Systemic Exposure Coadministered Drug Dose of Coadministered Drug* Dose of Metformin HCl* Geometric Mean Ratio (ratio with/without coadministered drug) No effect=1.0 AUC † C max * All metformin and coadministered drugs were given as single doses † AUC = AUC (INF) ≠ Metformin HCl extended-release tablets 500 mg ‡ Ratio of arithmetic means **At steady-state with topiramate 100 mg every 12 hours and metformin 500 mg every 12 hours; AUC = AUC (0-12 hours) Glyburide 5 mg 500 mg≠ metformin 0.98‡ 0.99‡ Furosemide 40 mg 850 mg metformin 1.09‡ 1.22‡ Nifedipine 10 mg 850 mg metformin 1.16 1.21 Propranolol 40 mg 850 mg metformin 0.90 0.94 Ibuprofen 400 mg 850 mg metformin 1.05‡ 1.07‡ Cationic drugs eliminated by renal tubular secretion may reduce metformin elimination [see Drug Interactions (7) ]. [clinical_pharmacology] Topiramate** 100 mg 500 mg metformin 1.25 1.17 Table 6 Effect of Metformin on Coadministered Drug Systemic Exposure Coadministered Drug Dose of Coadministered Drug* Dose of Metformin HCl* Geometric Mean Ratio (ratio with/without metformin) No effect=1.0 AUC † C max * All metformin and coadministered drugs were given as single doses † AUC = AUC (INF) unless otherwise noted ‡ Ratio of arithmetic means, p-value of difference <0.05 § AUC (0-24 hours) reported ¶ Ratio of arithmetic means Glyburide 5 mg 500 mg§ glyburide 0.78‡ 0.63‡ Furosemide 40 mg 850 mg furosemide 0.87‡ 0.69‡ Nifedipine 10 mg 850 mg nifedipine 1.10§ 1.08 Propranolol 40 mg 850 mg propranolol 1.01§ 0.94 Ibuprofen 400 mg 850 mg ibuprofen 0.97¶ 1.01¶ Cimetidine 400 mg 850 mg cimetidine 0.95§ 1.01"
empagliflozin,warfarin,Not stated in FDA label,"[clinical_pharmacology] Figure 1 Effect of Various Medications on the Pharmacokinetics of Empagliflozin as Displayed as 90% Confidence Interval of Geometric Mean AUC and C max Ratios [reference lines indicate 100% (80% - 125%)] a empagliflozin, 50 mg, once daily; b empagliflozin, 25 mg, single dose; c empagliflozin, 25 mg, once daily; d empagliflozin, 10 mg, single dose Empagliflozin had no clinically relevant effect on the pharmacokinetics of metformin, glimepiride, pioglitazone, sitagliptin, linagliptin, warfarin, digoxin, ramipril, simvastatin, hydrochlorothiazide, torsemide, and oral contraceptives when coadministered in healthy volunteers (see Figure 2 ). [clinical_pharmacology] Figure 2 Effect of Empagliflozin on the Pharmacokinetics of Various Medications as Displayed as 90% Confidence Interval of Geometric Mean AUC and C max Ratios [reference lines indicate 100% (80% - 125%)] a empagliflozin, 50 mg, once daily; b empagliflozin, 25 mg, once daily; c empagliflozin, 25 mg, single dose; d administered as simvastatin; e administered as warfarin racemic mixture; f administered as Microgynon ® ; g administered as ramipril Figure 1 Figure 2 Metformin HCl Table 5 Effect of Coadministered Drug on Plasma Metformin Systemic Exposure Coadministered Drug Dose of Coadministered Drug* Dose of Metformin HCl* Geometric Mean Ratio (ratio with/without coadministered drug) No effect=1.0 AUC † C max * All metformin and coadministered drugs were given as single doses † AUC = AUC (INF) ≠ Metformin HCl extended-release tablets 500 mg ‡ Ratio of arithmetic means **At steady-state with topiramate 100 mg every 12 hours and metformin 500 mg every 12 hours; AUC = AUC (0-12 hours) Glyburide 5 mg 500 mg≠ metformin 0.98‡ 0.99‡ Furosemide 40 mg 850 mg metformin 1.09‡ 1.22‡ Nifedipine 10 mg 850 mg metformin 1.16 1.21 Propranolol 40 mg 850 mg metformin 0.90 0.94 Ibuprofen 400 mg 850 mg metformin 1.05‡ 1.07‡ Cationic drugs eliminated by renal tubular secretion may reduce metformin elimination [see Drug Interactions (7) ].",Follow the management information in the FDA label and verify with prescribing clinician.,https://api.fda.gov/drug/label.json?search=id:74e3dfbf-03de-4d8f-b900-955d45db5ab6,"[clinical_pharmacology] Figure 1 Effect of Various Medications on the Pharmacokinetics of Empagliflozin as Displayed as 90% Confidence Interval of Geometric Mean AUC and C max Ratios [reference lines indicate 100% (80% - 125%)] a empagliflozin, 50 mg, once daily; b empagliflozin, 25 mg, single dose; c empagliflozin, 25 mg, once daily; d empagliflozin, 10 mg, single dose Empagliflozin had no clinically relevant effect on the pharmacokinetics of metformin, glimepiride, pioglitazone, sitagliptin, linagliptin, warfarin, digoxin, ramipril, simvastatin, hydrochlorothiazide, torsemide, and oral contraceptives when coadministered in healthy volunteers (see Figure 2 ). [clinical_pharmacology] Figure 2 Effect of Empagliflozin on the Pharmacokinetics of Various Medications as Displayed as 90% Confidence Interval of Geometric Mean AUC and C max Ratios [reference lines indicate 100% (80% - 125%)] a empagliflozin, 50 mg, once daily; b empagliflozin, 25 mg, once daily; c empagliflozin, 25 mg, single dose; d administered as simvastatin; e administered as warfarin racemic mixture; f administered as Microgynon ® ; g administered as ramipril Figure 1 Figure 2 Metformin HCl Table 5 Effect of Coadministered Drug on Plasma Metformin Systemic Exposure Coadministered Drug Dose of Coadministered Drug* Dose of Metformin HCl* Geometric Mean Ratio (ratio with/without coadministered drug) No effect=1.0 AUC † C max * All metformin and coadministered drugs were given as single doses † AUC = AUC (INF) ≠ Metformin HCl extended-release tablets 500 mg ‡ Ratio of arithmetic means **At steady-state with topiramate 100 mg every 12 hours and metformin 500 mg every 12 hours; AUC = AUC (0-12 hours) Glyburide 5 mg 500 mg≠ metformin 0.98‡ 0.99‡ Furosemide 40 mg 850 mg metformin 1.09‡ 1.22‡ Nifedipine 10 mg 850 mg metformin 1.16 1.21 Propranolol 40 mg 850 mg metformin 0.90 0.94 Ibuprofen 400 mg 850 mg metformin 1.05‡ 1.07‡ Cationic drugs eliminated by renal tubular secretion may reduce metformin elimination [see Drug Interactions (7) ]."
empagliflozin,digoxin,Not stated in FDA label,"[clinical_pharmacology] Figure 1 Effect of Various Medications on the Pharmacokinetics of Empagliflozin as Displayed as 90% Confidence Interval of Geometric Mean AUC and C max Ratios [reference lines indicate 100% (80% - 125%)] a empagliflozin, 50 mg, once daily; b empagliflozin, 25 mg, single dose; c empagliflozin, 25 mg, once daily; d empagliflozin, 10 mg, single dose Empagliflozin had no clinically relevant effect on the pharmacokinetics of metformin, glimepiride, pioglitazone, sitagliptin, linagliptin, warfarin, digoxin, ramipril, simvastatin, hydrochlorothiazide, torsemide, and oral contraceptives when coadministered in healthy volunteers (see Figure 2 ).",Follow the management information in the FDA label and verify with prescribing clinician.,https://api.fda.gov/drug/label.json?search=id:74e3dfbf-03de-4d8f-b900-955d45db5ab6,"[clinical_pharmacology] Figure 1 Effect of Various Medications on the Pharmacokinetics of Empagliflozin as Displayed as 90% Confidence Interval of Geometric Mean AUC and C max Ratios [reference lines indicate 100% (80% - 125%)] a empagliflozin, 50 mg, once daily; b empagliflozin, 25 mg, single dose; c empagliflozin, 25 mg, once daily; d empagliflozin, 10 mg, single dose Empagliflozin had no clinically relevant effect on the pharmacokinetics of metformin, glimepiride, pioglitazone, sitagliptin, linagliptin, warfarin, digoxin, ramipril, simvastatin, hydrochlorothiazide, torsemide, and oral contraceptives when coadministered in healthy volunteers (see Figure 2 )."
dapagliflozin,pioglitazone,Not stated in FDA label,"[drug_interactions] No dosing adjustments required for the following: Oral Antidiabetic Agents Metformin (1000 mg) 20 mg ↔ ↔ Pioglitazone (45 mg) 50 mg ↔ ↔ Sitagliptin (100 mg) 20 mg ↔ ↔ Glimepiride (4 mg) 20 mg ↔ ↔ Voglibose (0.2 mg three times daily) 10 mg ↔ ↔ Other Medications Hydrochlorothiazide (25 mg) 50 mg ↔ ↔ Bumetanide (1 mg) 10 mg once daily for 7 days ↔ ↔ Valsartan (320 mg) 20 mg ↓12% [↓3%, ↓20%] ↔ Simvastatin (40 mg) 20 mg ↔ ↔ Anti-infective Agent Rifampin (600 mg once daily for 6 days) 10 mg ↓7% [↓22%, ↑11%] ↓22% [↓27%, ↓17%] Nonsteroidal Anti-inflammatory Agent Mefenamic Acid (loading dose of 500 mg followed by 14 doses of 250 mg every 6 hours) 10 mg ↑13% [↑3%, ↑24%] ↑51% [↑44%, ↑58%] ↔ = no change (geometric mean ratio of test: reference within 0.80 to 1.25); ↓ or ↑ = parameter was lower or higher, respectively, with coadministration compared to dapagliflozin administered alone (geometric mean ratio of test: reference was lower than 0.80 or higher than 1.25). [drug_interactions] No dosing adjustments required for the following: Oral Antidiabetic Agents Metformin (1000 mg) 20 mg ↔ ↔ Pioglitazone (45 mg) 50 mg ↓7% [↓25%, ↑15%] ↔ Sitagliptin (100 mg) 20 mg ↔ ↔ Glimepiride (4 mg) 20 mg ↔ ↑13% [0%, ↑29%] Other Medications Hydrochlorothiazide (25 mg) 50 mg ↔ ↔ Bumetanide (1 mg) 10 mg once daily for 7 days ↑13% [↓2%, ↑31%] ↑13% [↓1%, ↑30%] Valsartan (320 mg) 20 mg ↓6% [↓24%, ↑16%] ↑5% [↓15%, ↑29%] Simvastatin (40 mg) 20 mg ↔ ↑19% Digoxin (0.25 mg) 20 mg loading dose then 10 mg once daily for 7 days ↔ ↔ Warfarin (25 mg) 20 mg loading dose then 10 mg once daily for 7 days ↔ ↔ ↔ = no change (geometric mean ratio of test: reference within 0.80 to 1.25); ↓ or ↑ = parameter was lower or higher, respectively, with coadministration compared to the other medicine administered alone (geometric mean ratio of test: reference was lower than 0.80 or higher than 1.25). [clinical_pharmacology] No dosing adjustments required for the following: Oral Antidiabetic Agents Metformin (1000 mg) 20 mg ↔ ↔ Pioglitazone (45 mg) 50 mg ↔ ↔ Sitagliptin (100 mg) 20 mg ↔ ↔ Glimepiride (4 mg) 20 mg ↔ ↔ Voglibose (0.2 mg three times daily) 10 mg ↔ ↔ Other Medications Hydrochlorothiazide (25 mg) 50 mg ↔ ↔ Bumetanide (1 mg) 10 mg once daily for 7 days ↔ ↔ Valsartan (320 mg) 20 mg ↓12% [↓3%, ↓20%] ↔ Simvastatin (40 mg) 20 mg ↔ ↔ Anti-infective Agent Rifampin (600 mg once daily for 6 days) 10 mg ↓7% [↓22%, ↑11%] ↓22% [↓27%, ↓17%] Nonsteroidal Anti-inflammatory Agent Mefenamic Acid (loading dose of 500 mg followed by 14 doses of 250 mg every 6 hours) 10 mg ↑13% [↑3%, ↑24%] ↑51% [↑44%, ↑58%] ↔ = no change (geometric mean ratio of test: reference within 0.80 to 1.25); ↓ or ↑ = parameter was lower or higher, respectively, with coadministration compared to dapagliflozin administered alone (geometric mean ratio of test: reference was lower than 0.80 or higher than 1.25).",Follow the management information in the FDA label and verify with prescribing clinician.,https://api.fda.gov/drug/label.json?search=id:03e8f7a3-552c-4b8e-94df-8668108baeea,"[drug_interactions] No dosing adjustments required for the following: Oral Antidiabetic Agents Metformin (1000 mg) 20 mg ↔ ↔ Pioglitazone (45 mg) 50 mg ↔ ↔ Sitagliptin (100 mg) 20 mg ↔ ↔ Glimepiride (4 mg) 20 mg ↔ ↔ Voglibose (0.2 mg three times daily) 10 mg ↔ ↔ Other Medications Hydrochlorothiazide (25 mg) 50 mg ↔ ↔ Bumetanide (1 mg) 10 mg once daily for 7 days ↔ ↔ Valsartan (320 mg) 20 mg ↓12% [↓3%, ↓20%] ↔ Simvastatin (40 mg) 20 mg ↔ ↔ Anti-infective Agent Rifampin (600 mg once daily for 6 days) 10 mg ↓7% [↓22%, ↑11%] ↓22% [↓27%, ↓17%] Nonsteroidal Anti-inflammatory Agent Mefenamic Acid (loading dose of 500 mg followed by 14 doses of 250 mg every 6 hours) 10 mg ↑13% [↑3%, ↑24%] ↑51% [↑44%, ↑58%] ↔ = no change (geometric mean ratio of test: reference within 0.80 to 1.25); ↓ or ↑ = parameter was lower or higher, respectively, with coadministration compared to dapagliflozin administered alone (geometric mean ratio of test: reference was lower than 0.80 or higher than 1.25). [drug_interactions] No dosing adjustments required for the following: Oral Antidiabetic Agents Metformin (1000 mg) 20 mg ↔ ↔ Pioglitazone (45 mg) 50 mg ↓7% [↓25%, ↑15%] ↔ Sitagliptin (100 mg) 20 mg ↔ ↔ Glimepiride (4 mg) 20 mg ↔ ↑13% [0%, ↑29%] Other Medications Hydrochlorothiazide (25 mg) 50 mg ↔ ↔ Bumetanide (1 mg) 10 mg once daily for 7 days ↑13% [↓2%, ↑31%] ↑13% [↓1%, ↑30%] Valsartan (320 mg) 20 mg ↓6% [↓24%, ↑16%] ↑5% [↓15%, ↑29%] Simvastatin (40 mg) 20 mg ↔ ↑19% Digoxin (0.25 mg) 20 mg loading dose then 10 mg once daily for 7 days ↔ ↔ Warfarin (25 mg) 20 mg loading dose then 10 mg once daily for 7 days ↔ ↔ ↔ = no change (geometric mean ratio of test: reference within 0.80 to 1.25); ↓ or ↑ = parameter was lower or higher, respectively, with coadministration compared to the other medicine administered alone (geometric mean ratio of test: reference was lower than 0.80 or higher than 1.25). [clinical_pharmacology] No dosing adjustments required for the following: Oral Antidiabetic Agents Metformin (1000 mg) 20 mg ↔ ↔ Pioglitazone (45 mg) 50 mg ↔ ↔ Sitagliptin (100 mg) 20 mg ↔ ↔ Glimepiride (4 mg) 20 mg ↔ ↔ Voglibose (0.2 mg three times daily) 10 mg ↔ ↔ Other Medications Hydrochlorothiazide (25 mg) 50 mg ↔ ↔ Bumetanide (1 mg) 10 mg once daily for 7 days ↔ ↔ Valsartan (320 mg) 20 mg ↓12% [↓3%, ↓20%] ↔ Simvastatin (40 mg) 20 mg ↔ ↔ Anti-infective Agent Rifampin (600 mg once daily for 6 days) 10 mg ↓7% [↓22%, ↑11%] ↓22% [↓27%, ↓17%] Nonsteroidal Anti-inflammatory Agent Mefenamic Acid (loading dose of 500 mg followed by 14 doses of 250 mg every 6 hours) 10 mg ↑13% [↑3%, ↑24%] ↑51% [↑44%, ↑58%] ↔ = no change (geometric mean ratio of test: reference within 0.80 to 1.25); ↓ or ↑ = parameter was lower or higher, respectively, with coadministration compared to dapagliflozin administered alone (geometric mean ratio of test: reference was lower than 0.80 or higher than 1.25)."
dapagliflozin,insulin,Not stated in FDA label,"[drug_interactions] 7 DRUG INTERACTIONS Table 4: Clinically Relevant Interactions with Dapagliflozin Tablets Insulin or Insulin Secretagogues Clinical Impact The risk of hypoglycemia may be increased when dapagliflozin tablets is used concomitantly with insulin or insulin secretagogues (e.g., sulfonylurea) [see Warnings and Precautions ( 5.4 )] . [drug_interactions] Intervention Concomitant use may require lower doses of insulin or the insulin secretagogue to reduce the risk of hypoglycemia. [warnings_and_cautions] Immediately evaluate patients presenting with pain or tenderness, erythema, or swelling in the genital or perineal area, along with fever or malaise, for necrotizing fasciitis and if suspected, discontinue dapagliflozin tablets, and promptly institute appropriate medical and/or surgical intervention ( 5.3 ) Hypoglycemia: Consider a lower dose of insulin or the insulin secretagogue to reduce the risk of hypoglycemia when used in combination with dapagliflozin tablets.",Follow the management information in the FDA label and verify with prescribing clinician.,https://api.fda.gov/drug/label.json?search=id:89e1cb01-a942-4afd-860c-9c53e8e1fc9f,"[drug_interactions] 7 DRUG INTERACTIONS Table 4: Clinically Relevant Interactions with Dapagliflozin Tablets Insulin or Insulin Secretagogues Clinical Impact The risk of hypoglycemia may be increased when dapagliflozin tablets is used concomitantly with insulin or insulin secretagogues (e.g., sulfonylurea) [see Warnings and Precautions ( 5.4 )] . [drug_interactions] Intervention Concomitant use may require lower doses of insulin or the insulin secretagogue to reduce the risk of hypoglycemia. [warnings_and_cautions] Immediately evaluate patients presenting with pain or tenderness, erythema, or swelling in the genital or perineal area, along with fever or malaise, for necrotizing fasciitis and if suspected, discontinue dapagliflozin tablets, and promptly institute appropriate medical and/or surgical intervention ( 5.3 ) Hypoglycemia: Consider a lower dose of insulin or the insulin secretagogue to reduce the risk of hypoglycemia when used in combination with dapagliflozin tablets."
dapagliflozin,valsartan,Not stated in FDA label,"[drug_interactions] No dosing adjustments required for the following: Oral Antidiabetic Agents Metformin (1000 mg) 20 mg ↔ ↔ Pioglitazone (45 mg) 50 mg ↔ ↔ Sitagliptin (100 mg) 20 mg ↔ ↔ Glimepiride (4 mg) 20 mg ↔ ↔ Voglibose (0.2 mg three times daily) 10 mg ↔ ↔ Other Medications Hydrochlorothiazide (25 mg) 50 mg ↔ ↔ Bumetanide (1 mg) 10 mg once daily for 7 days ↔ ↔ Valsartan (320 mg) 20 mg ↓12% [↓3%, ↓20%] ↔ Simvastatin (40 mg) 20 mg ↔ ↔ Anti-infective Agent Rifampin (600 mg once daily for 6 days) 10 mg ↓7% [↓22%, ↑11%] ↓22% [↓27%, ↓17%] Nonsteroidal Anti-inflammatory Agent Mefenamic Acid (loading dose of 500 mg followed by 14 doses of 250 mg every 6 hours) 10 mg ↑13% [↑3%, ↑24%] ↑51% [↑44%, ↑58%] ↔ = no change (geometric mean ratio of test: reference within 0.80 to 1.25); ↓ or ↑ = parameter was lower or higher, respectively, with coadministration compared to dapagliflozin administered alone (geometric mean ratio of test: reference was lower than 0.80 or higher than 1.25). [drug_interactions] No dosing adjustments required for the following: Oral Antidiabetic Agents Metformin (1000 mg) 20 mg ↔ ↔ Pioglitazone (45 mg) 50 mg ↓7% [↓25%, ↑15%] ↔ Sitagliptin (100 mg) 20 mg ↔ ↔ Glimepiride (4 mg) 20 mg ↔ ↑13% [0%, ↑29%] Other Medications Hydrochlorothiazide (25 mg) 50 mg ↔ ↔ Bumetanide (1 mg) 10 mg once daily for 7 days ↑13% [↓2%, ↑31%] ↑13% [↓1%, ↑30%] Valsartan (320 mg) 20 mg ↓6% [↓24%, ↑16%] ↑5% [↓15%, ↑29%] Simvastatin (40 mg) 20 mg ↔ ↑19% Digoxin (0.25 mg) 20 mg loading dose then 10 mg once daily for 7 days ↔ ↔ Warfarin (25 mg) 20 mg loading dose then 10 mg once daily for 7 days ↔ ↔ ↔ = no change (geometric mean ratio of test: reference within 0.80 to 1.25); ↓ or ↑ = parameter was lower or higher, respectively, with coadministration compared to the other medicine administered alone (geometric mean ratio of test: reference was lower than 0.80 or higher than 1.25). [clinical_pharmacology] No dosing adjustments required for the following: Oral Antidiabetic Agents Metformin (1000 mg) 20 mg ↔ ↔ Pioglitazone (45 mg) 50 mg ↔ ↔ Sitagliptin (100 mg) 20 mg ↔ ↔ Glimepiride (4 mg) 20 mg ↔ ↔ Voglibose (0.2 mg three times daily) 10 mg ↔ ↔ Other Medications Hydrochlorothiazide (25 mg) 50 mg ↔ ↔ Bumetanide (1 mg) 10 mg once daily for 7 days ↔ ↔ Valsartan (320 mg) 20 mg ↓12% [↓3%, ↓20%] ↔ Simvastatin (40 mg) 20 mg ↔ ↔ Anti-infective Agent Rifampin (600 mg once daily for 6 days) 10 mg ↓7% [↓22%, ↑11%] ↓22% [↓27%, ↓17%] Nonsteroidal Anti-inflammatory Agent Mefenamic Acid (loading dose of 500 mg followed by 14 doses of 250 mg every 6 hours) 10 mg ↑13% [↑3%, ↑24%] ↑51% [↑44%, ↑58%] ↔ = no change (geometric mean ratio of test: reference within 0.80 to 1.25); ↓ or ↑ = parameter was lower or higher, respectively, with coadministration compared to dapagliflozin administered alone (geometric mean ratio of test: reference was lower than 0.80 or higher than 1.25).",Follow the management information in the FDA label and verify with prescribing clinician.,https://api.fda.gov/drug/label.json?search=id:03e8f7a3-552c-4b8e-94df-8668108baeea,"[drug_interactions] No dosing adjustments required for the following: Oral Antidiabetic Agents Metformin (1000 mg) 20 mg ↔ ↔ Pioglitazone (45 mg) 50 mg ↔ ↔ Sitagliptin (100 mg) 20 mg ↔ ↔ Glimepiride (4 mg) 20 mg ↔ ↔ Voglibose (0.2 mg three times daily) 10 mg ↔ ↔ Other Medications Hydrochlorothiazide (25 mg) 50 mg ↔ ↔ Bumetanide (1 mg) 10 mg once daily for 7 days ↔ ↔ Valsartan (320 mg) 20 mg ↓12% [↓3%, ↓20%] ↔ Simvastatin (40 mg) 20 mg ↔ ↔ Anti-infective Agent Rifampin (600 mg once daily for 6 days) 10 mg ↓7% [↓22%, ↑11%] ↓22% [↓27%, ↓17%] Nonsteroidal Anti-inflammatory Agent Mefenamic Acid (loading dose of 500 mg followed by 14 doses of 250 mg every 6 hours) 10 mg ↑13% [↑3%, ↑24%] ↑51% [↑44%, ↑58%] ↔ = no change (geometric mean ratio of test: reference within 0.80 to 1.25); ↓ or ↑ = parameter was lower or higher, respectively, with coadministration compared to dapagliflozin administered alone (geometric mean ratio of test: reference was lower than 0.80 or higher than 1.25). [drug_interactions] No dosing adjustments required for the following: Oral Antidiabetic Agents Metformin (1000 mg) 20 mg ↔ ↔ Pioglitazone (45 mg) 50 mg ↓7% [↓25%, ↑15%] ↔ Sitagliptin (100 mg) 20 mg ↔ ↔ Glimepiride (4 mg) 20 mg ↔ ↑13% [0%, ↑29%] Other Medications Hydrochlorothiazide (25 mg) 50 mg ↔ ↔ Bumetanide (1 mg) 10 mg once daily for 7 days ↑13% [↓2%, ↑31%] ↑13% [↓1%, ↑30%] Valsartan (320 mg) 20 mg ↓6% [↓24%, ↑16%] ↑5% [↓15%, ↑29%] Simvastatin (40 mg) 20 mg ↔ ↑19% Digoxin (0.25 mg) 20 mg loading dose then 10 mg once daily for 7 days ↔ ↔ Warfarin (25 mg) 20 mg loading dose then 10 mg once daily for 7 days ↔ ↔ ↔ = no change (geometric mean ratio of test: reference within 0.80 to 1.25); ↓ or ↑ = parameter was lower or higher, respectively, with coadministration compared to the other medicine administered alone (geometric mean ratio of test: reference was lower than 0.80 or higher than 1.25). [clinical_pharmacology] No dosing adjustments required for the following: Oral Antidiabetic Agents Metformin (1000 mg) 20 mg ↔ ↔ Pioglitazone (45 mg) 50 mg ↔ ↔ Sitagliptin (100 mg) 20 mg ↔ ↔ Glimepiride (4 mg) 20 mg ↔ ↔ Voglibose (0.2 mg three times daily) 10 mg ↔ ↔ Other Medications Hydrochlorothiazide (25 mg) 50 mg ↔ ↔ Bumetanide (1 mg) 10 mg once daily for 7 days ↔ ↔ Valsartan (320 mg) 20 mg ↓12% [↓3%, ↓20%] ↔ Simvastatin (40 mg) 20 mg ↔ ↔ Anti-infective Agent Rifampin (600 mg once daily for 6 days) 10 mg ↓7% [↓22%, ↑11%] ↓22% [↓27%, ↓17%] Nonsteroidal Anti-inflammatory Agent Mefenamic Acid (loading dose of 500 mg followed by 14 doses of 250 mg every 6 hours) 10 mg ↑13% [↑3%, ↑24%] ↑51% [↑44%, ↑58%] ↔ = no change (geometric mean ratio of test: reference within 0.80 to 1.25); ↓ or ↑ = parameter was lower or higher, respectively, with coadministration compared to dapagliflozin administered alone (geometric mean ratio of test: reference was lower than 0.80 or higher than 1.25)."
dapagliflozin,hydrochlorothiazide,Not stated in FDA label,"[drug_interactions] No dosing adjustments required for the following: Oral Antidiabetic Agents Metformin (1000 mg) 20 mg ↔ ↔ Pioglitazone (45 mg) 50 mg ↔ ↔ Sitagliptin (100 mg) 20 mg ↔ ↔ Glimepiride (4 mg) 20 mg ↔ ↔ Voglibose (0.2 mg three times daily) 10 mg ↔ ↔ Other Medications Hydrochlorothiazide (25 mg) 50 mg ↔ ↔ Bumetanide (1 mg) 10 mg once daily for 7 days ↔ ↔ Valsartan (320 mg) 20 mg ↓12% [↓3%, ↓20%] ↔ Simvastatin (40 mg) 20 mg ↔ ↔ Anti-infective Agent Rifampin (600 mg once daily for 6 days) 10 mg ↓7% [↓22%, ↑11%] ↓22% [↓27%, ↓17%] Nonsteroidal Anti-inflammatory Agent Mefenamic Acid (loading dose of 500 mg followed by 14 doses of 250 mg every 6 hours) 10 mg ↑13% [↑3%, ↑24%] ↑51% [↑44%, ↑58%] ↔ = no change (geometric mean ratio of test: reference within 0.80 to 1.25); ↓ or ↑ = parameter was lower or higher, respectively, with coadministration compared to dapagliflozin administered alone (geometric mean ratio of test: reference was lower than 0.80 or higher than 1.25). [drug_interactions] No dosing adjustments required for the following: Oral Antidiabetic Agents Metformin (1000 mg) 20 mg ↔ ↔ Pioglitazone (45 mg) 50 mg ↓7% [↓25%, ↑15%] ↔ Sitagliptin (100 mg) 20 mg ↔ ↔ Glimepiride (4 mg) 20 mg ↔ ↑13% [0%, ↑29%] Other Medications Hydrochlorothiazide (25 mg) 50 mg ↔ ↔ Bumetanide (1 mg) 10 mg once daily for 7 days ↑13% [↓2%, ↑31%] ↑13% [↓1%, ↑30%] Valsartan (320 mg) 20 mg ↓6% [↓24%, ↑16%] ↑5% [↓15%, ↑29%] Simvastatin (40 mg) 20 mg ↔ ↑19% Digoxin (0.25 mg) 20 mg loading dose then 10 mg once daily for 7 days ↔ ↔ Warfarin (25 mg) 20 mg loading dose then 10 mg once daily for 7 days ↔ ↔ ↔ = no change (geometric mean ratio of test: reference within 0.80 to 1.25); ↓ or ↑ = parameter was lower or higher, respectively, with coadministration compared to the other medicine administered alone (geometric mean ratio of test: reference was lower than 0.80 or higher than 1.25). [clinical_pharmacology] No dosing adjustments required for the following: Oral Antidiabetic Agents Metformin (1000 mg) 20 mg ↔ ↔ Pioglitazone (45 mg) 50 mg ↔ ↔ Sitagliptin (100 mg) 20 mg ↔ ↔ Glimepiride (4 mg) 20 mg ↔ ↔ Voglibose (0.2 mg three times daily) 10 mg ↔ ↔ Other Medications Hydrochlorothiazide (25 mg) 50 mg ↔ ↔ Bumetanide (1 mg) 10 mg once daily for 7 days ↔ ↔ Valsartan (320 mg) 20 mg ↓12% [↓3%, ↓20%] ↔ Simvastatin (40 mg) 20 mg ↔ ↔ Anti-infective Agent Rifampin (600 mg once daily for 6 days) 10 mg ↓7% [↓22%, ↑11%] ↓22% [↓27%, ↓17%] Nonsteroidal Anti-inflammatory Agent Mefenamic Acid (loading dose of 500 mg followed by 14 doses of 250 mg every 6 hours) 10 mg ↑13% [↑3%, ↑24%] ↑51% [↑44%, ↑58%] ↔ = no change (geometric mean ratio of test: reference within 0.80 to 1.25); ↓ or ↑ = parameter was lower or higher, respectively, with coadministration compared to dapagliflozin administered alone (geometric mean ratio of test: reference was lower than 0.80 or higher than 1.25).",Follow the management information in the FDA label and verify with prescribing clinician.,https://api.fda.gov/drug/label.json?search=id:03e8f7a3-552c-4b8e-94df-8668108baeea,"[drug_interactions] No dosing adjustments required for the following: Oral Antidiabetic Agents Metformin (1000 mg) 20 mg ↔ ↔ Pioglitazone (45 mg) 50 mg ↔ ↔ Sitagliptin (100 mg) 20 mg ↔ ↔ Glimepiride (4 mg) 20 mg ↔ ↔ Voglibose (0.2 mg three times daily) 10 mg ↔ ↔ Other Medications Hydrochlorothiazide (25 mg) 50 mg ↔ ↔ Bumetanide (1 mg) 10 mg once daily for 7 days ↔ ↔ Valsartan (320 mg) 20 mg ↓12% [↓3%, ↓20%] ↔ Simvastatin (40 mg) 20 mg ↔ ↔ Anti-infective Agent Rifampin (600 mg once daily for 6 days) 10 mg ↓7% [↓22%, ↑11%] ↓22% [↓27%, ↓17%] Nonsteroidal Anti-inflammatory Agent Mefenamic Acid (loading dose of 500 mg followed by 14 doses of 250 mg every 6 hours) 10 mg ↑13% [↑3%, ↑24%] ↑51% [↑44%, ↑58%] ↔ = no change (geometric mean ratio of test: reference within 0.80 to 1.25); ↓ or ↑ = parameter was lower or higher, respectively, with coadministration compared to dapagliflozin administered alone (geometric mean ratio of test: reference was lower than 0.80 or higher than 1.25). [drug_interactions] No dosing adjustments required for the following: Oral Antidiabetic Agents Metformin (1000 mg) 20 mg ↔ ↔ Pioglitazone (45 mg) 50 mg ↓7% [↓25%, ↑15%] ↔ Sitagliptin (100 mg) 20 mg ↔ ↔ Glimepiride (4 mg) 20 mg ↔ ↑13% [0%, ↑29%] Other Medications Hydrochlorothiazide (25 mg) 50 mg ↔ ↔ Bumetanide (1 mg) 10 mg once daily for 7 days ↑13% [↓2%, ↑31%] ↑13% [↓1%, ↑30%] Valsartan (320 mg) 20 mg ↓6% [↓24%, ↑16%] ↑5% [↓15%, ↑29%] Simvastatin (40 mg) 20 mg ↔ ↑19% Digoxin (0.25 mg) 20 mg loading dose then 10 mg once daily for 7 days ↔ ↔ Warfarin (25 mg) 20 mg loading dose then 10 mg once daily for 7 days ↔ ↔ ↔ = no change (geometric mean ratio of test: reference within 0.80 to 1.25); ↓ or ↑ = parameter was lower or higher, respectively, with coadministration compared to the other medicine administered alone (geometric mean ratio of test: reference was lower than 0.80 or higher than 1.25). [clinical_pharmacology] No dosing adjustments required for the following: Oral Antidiabetic Agents Metformin (1000 mg) 20 mg ↔ ↔ Pioglitazone (45 mg) 50 mg ↔ ↔ Sitagliptin (100 mg) 20 mg ↔ ↔ Glimepiride (4 mg) 20 mg ↔ ↔ Voglibose (0.2 mg three times daily) 10 mg ↔ ↔ Other Medications Hydrochlorothiazide (25 mg) 50 mg ↔ ↔ Bumetanide (1 mg) 10 mg once daily for 7 days ↔ ↔ Valsartan (320 mg) 20 mg ↓12% [↓3%, ↓20%] ↔ Simvastatin (40 mg) 20 mg ↔ ↔ Anti-infective Agent Rifampin (600 mg once daily for 6 days) 10 mg ↓7% [↓22%, ↑11%] ↓22% [↓27%, ↓17%] Nonsteroidal Anti-inflammatory Agent Mefenamic Acid (loading dose of 500 mg followed by 14 doses of 250 mg every 6 hours) 10 mg ↑13% [↑3%, ↑24%] ↑51% [↑44%, ↑58%] ↔ = no change (geometric mean ratio of test: reference within 0.80 to 1.25); ↓ or ↑ = parameter was lower or higher, respectively, with coadministration compared to dapagliflozin administered alone (geometric mean ratio of test: reference was lower than 0.80 or higher than 1.25)."
dapagliflozin,simvastatin,Not stated in FDA label,"[drug_interactions] No dosing adjustments required for the following: Oral Antidiabetic Agents Metformin (1000 mg) 20 mg ↔ ↔ Pioglitazone (45 mg) 50 mg ↔ ↔ Sitagliptin (100 mg) 20 mg ↔ ↔ Glimepiride (4 mg) 20 mg ↔ ↔ Voglibose (0.2 mg three times daily) 10 mg ↔ ↔ Other Medications Hydrochlorothiazide (25 mg) 50 mg ↔ ↔ Bumetanide (1 mg) 10 mg once daily for 7 days ↔ ↔ Valsartan (320 mg) 20 mg ↓12% [↓3%, ↓20%] ↔ Simvastatin (40 mg) 20 mg ↔ ↔ Anti-infective Agent Rifampin (600 mg once daily for 6 days) 10 mg ↓7% [↓22%, ↑11%] ↓22% [↓27%, ↓17%] Nonsteroidal Anti-inflammatory Agent Mefenamic Acid (loading dose of 500 mg followed by 14 doses of 250 mg every 6 hours) 10 mg ↑13% [↑3%, ↑24%] ↑51% [↑44%, ↑58%] ↔ = no change (geometric mean ratio of test: reference within 0.80 to 1.25); ↓ or ↑ = parameter was lower or higher, respectively, with coadministration compared to dapagliflozin administered alone (geometric mean ratio of test: reference was lower than 0.80 or higher than 1.25). [drug_interactions] No dosing adjustments required for the following: Oral Antidiabetic Agents Metformin (1000 mg) 20 mg ↔ ↔ Pioglitazone (45 mg) 50 mg ↓7% [↓25%, ↑15%] ↔ Sitagliptin (100 mg) 20 mg ↔ ↔ Glimepiride (4 mg) 20 mg ↔ ↑13% [0%, ↑29%] Other Medications Hydrochlorothiazide (25 mg) 50 mg ↔ ↔ Bumetanide (1 mg) 10 mg once daily for 7 days ↑13% [↓2%, ↑31%] ↑13% [↓1%, ↑30%] Valsartan (320 mg) 20 mg ↓6% [↓24%, ↑16%] ↑5% [↓15%, ↑29%] Simvastatin (40 mg) 20 mg ↔ ↑19% Digoxin (0.25 mg) 20 mg loading dose then 10 mg once daily for 7 days ↔ ↔ Warfarin (25 mg) 20 mg loading dose then 10 mg once daily for 7 days ↔ ↔ ↔ = no change (geometric mean ratio of test: reference within 0.80 to 1.25); ↓ or ↑ = parameter was lower or higher, respectively, with coadministration compared to the other medicine administered alone (geometric mean ratio of test: reference was lower than 0.80 or higher than 1.25). [clinical_pharmacology] No dosing adjustments required for the following: Oral Antidiabetic Agents Metformin (1000 mg) 20 mg ↔ ↔ Pioglitazone (45 mg) 50 mg ↔ ↔ Sitagliptin (100 mg) 20 mg ↔ ↔ Glimepiride (4 mg) 20 mg ↔ ↔ Voglibose (0.2 mg three times daily) 10 mg ↔ ↔ Other Medications Hydrochlorothiazide (25 mg) 50 mg ↔ ↔ Bumetanide (1 mg) 10 mg once daily for 7 days ↔ ↔ Valsartan (320 mg) 20 mg ↓12% [↓3%, ↓20%] ↔ Simvastatin (40 mg) 20 mg ↔ ↔ Anti-infective Agent Rifampin (600 mg once daily for 6 days) 10 mg ↓7% [↓22%, ↑11%] ↓22% [↓27%, ↓17%] Nonsteroidal Anti-inflammatory Agent Mefenamic Acid (loading dose of 500 mg followed by 14 doses of 250 mg every 6 hours) 10 mg ↑13% [↑3%, ↑24%] ↑51% [↑44%, ↑58%] ↔ = no change (geometric mean ratio of test: reference within 0.80 to 1.25); ↓ or ↑ = parameter was lower or higher, respectively, with coadministration compared to dapagliflozin administered alone (geometric mean ratio of test: reference was lower than 0.80 or higher than 1.25).",Follow the management information in the FDA label and verify with prescribing clinician.,https://api.fda.gov/drug/label.json?search=id:03e8f7a3-552c-4b8e-94df-8668108baeea,"[drug_interactions] No dosing adjustments required for the following: Oral Antidiabetic Agents Metformin (1000 mg) 20 mg ↔ ↔ Pioglitazone (45 mg) 50 mg ↔ ↔ Sitagliptin (100 mg) 20 mg ↔ ↔ Glimepiride (4 mg) 20 mg ↔ ↔ Voglibose (0.2 mg three times daily) 10 mg ↔ ↔ Other Medications Hydrochlorothiazide (25 mg) 50 mg ↔ ↔ Bumetanide (1 mg) 10 mg once daily for 7 days ↔ ↔ Valsartan (320 mg) 20 mg ↓12% [↓3%, ↓20%] ↔ Simvastatin (40 mg) 20 mg ↔ ↔ Anti-infective Agent Rifampin (600 mg once daily for 6 days) 10 mg ↓7% [↓22%, ↑11%] ↓22% [↓27%, ↓17%] Nonsteroidal Anti-inflammatory Agent Mefenamic Acid (loading dose of 500 mg followed by 14 doses of 250 mg every 6 hours) 10 mg ↑13% [↑3%, ↑24%] ↑51% [↑44%, ↑58%] ↔ = no change (geometric mean ratio of test: reference within 0.80 to 1.25); ↓ or ↑ = parameter was lower or higher, respectively, with coadministration compared to dapagliflozin administered alone (geometric mean ratio of test: reference was lower than 0.80 or higher than 1.25). [drug_interactions] No dosing adjustments required for the following: Oral Antidiabetic Agents Metformin (1000 mg) 20 mg ↔ ↔ Pioglitazone (45 mg) 50 mg ↓7% [↓25%, ↑15%] ↔ Sitagliptin (100 mg) 20 mg ↔ ↔ Glimepiride (4 mg) 20 mg ↔ ↑13% [0%, ↑29%] Other Medications Hydrochlorothiazide (25 mg) 50 mg ↔ ↔ Bumetanide (1 mg) 10 mg once daily for 7 days ↑13% [↓2%, ↑31%] ↑13% [↓1%, ↑30%] Valsartan (320 mg) 20 mg ↓6% [↓24%, ↑16%] ↑5% [↓15%, ↑29%] Simvastatin (40 mg) 20 mg ↔ ↑19% Digoxin (0.25 mg) 20 mg loading dose then 10 mg once daily for 7 days ↔ ↔ Warfarin (25 mg) 20 mg loading dose then 10 mg once daily for 7 days ↔ ↔ ↔ = no change (geometric mean ratio of test: reference within 0.80 to 1.25); ↓ or ↑ = parameter was lower or higher, respectively, with coadministration compared to the other medicine administered alone (geometric mean ratio of test: reference was lower than 0.80 or higher than 1.25). [clinical_pharmacology] No dosing adjustments required for the following: Oral Antidiabetic Agents Metformin (1000 mg) 20 mg ↔ ↔ Pioglitazone (45 mg) 50 mg ↔ ↔ Sitagliptin (100 mg) 20 mg ↔ ↔ Glimepiride (4 mg) 20 mg ↔ ↔ Voglibose (0.2 mg three times daily) 10 mg ↔ ↔ Other Medications Hydrochlorothiazide (25 mg) 50 mg ↔ ↔ Bumetanide (1 mg) 10 mg once daily for 7 days ↔ ↔ Valsartan (320 mg) 20 mg ↓12% [↓3%, ↓20%] ↔ Simvastatin (40 mg) 20 mg ↔ ↔ Anti-infective Agent Rifampin (600 mg once daily for 6 days) 10 mg ↓7% [↓22%, ↑11%] ↓22% [↓27%, ↓17%] Nonsteroidal Anti-inflammatory Agent Mefenamic Acid (loading dose of 500 mg followed by 14 doses of 250 mg every 6 hours) 10 mg ↑13% [↑3%, ↑24%] ↑51% [↑44%, ↑58%] ↔ = no change (geometric mean ratio of test: reference within 0.80 to 1.25); ↓ or ↑ = parameter was lower or higher, respectively, with coadministration compared to dapagliflozin administered alone (geometric mean ratio of test: reference was lower than 0.80 or higher than 1.25)."
dapagliflozin,warfarin,Not stated in FDA label,"[drug_interactions] No dosing adjustments required for the following: Oral Antidiabetic Agents Metformin (1000 mg) 20 mg ↔ ↔ Pioglitazone (45 mg) 50 mg ↓7% [↓25%, ↑15%] ↔ Sitagliptin (100 mg) 20 mg ↔ ↔ Glimepiride (4 mg) 20 mg ↔ ↑13% [0%, ↑29%] Other Medications Hydrochlorothiazide (25 mg) 50 mg ↔ ↔ Bumetanide (1 mg) 10 mg once daily for 7 days ↑13% [↓2%, ↑31%] ↑13% [↓1%, ↑30%] Valsartan (320 mg) 20 mg ↓6% [↓24%, ↑16%] ↑5% [↓15%, ↑29%] Simvastatin (40 mg) 20 mg ↔ ↑19% Digoxin (0.25 mg) 20 mg loading dose then 10 mg once daily for 7 days ↔ ↔ Warfarin (25 mg) 20 mg loading dose then 10 mg once daily for 7 days ↔ ↔ ↔ = no change (geometric mean ratio of test: reference within 0.80 to 1.25); ↓ or ↑ = parameter was lower or higher, respectively, with coadministration compared to the other medicine administered alone (geometric mean ratio of test: reference was lower than 0.80 or higher than 1.25). [clinical_pharmacology] No dosing adjustments required for the following: Oral Antidiabetic Agents Metformin (1000 mg) 20 mg ↔ ↔ Pioglitazone (45 mg) 50 mg ↓7% [↓25%, ↑15%] ↔ Sitagliptin (100 mg) 20 mg ↔ ↔ Glimepiride (4 mg) 20 mg ↔ ↑13% [0%, ↑29%] Other Medications Hydrochlorothiazide (25 mg) 50 mg ↔ ↔ Bumetanide (1 mg) 10 mg once daily for 7 days ↑13% [↓2%, ↑31%] ↑13% [↓1%, ↑30%] Valsartan (320 mg) 20 mg ↓6% [↓24%, ↑16%] ↑5% [↓15%, ↑29%] Simvastatin (40 mg) 20 mg ↔ ↑19% Digoxin (0.25 mg) 20 mg loading dose then 10 mg once daily for 7 days ↔ ↔ Warfarin (25 mg) 20 mg loading dose then 10 mg once daily for 7 days ↔ ↔ ↔ = no change (geometric mean ratio of test: reference within 0.80 to 1.25); ↓ or ↑ = parameter was lower or higher, respectively, with coadministration compared to the other medicine administered alone (geometric mean ratio of test: reference was lower than 0.80 or higher than 1.25).",Follow the management information in the FDA label and verify with prescribing clinician.,https://api.fda.gov/drug/label.json?search=id:03e8f7a3-552c-4b8e-94df-8668108baeea,"[drug_interactions] No dosing adjustments required for the following: Oral Antidiabetic Agents Metformin (1000 mg) 20 mg ↔ ↔ Pioglitazone (45 mg) 50 mg ↓7% [↓25%, ↑15%] ↔ Sitagliptin (100 mg) 20 mg ↔ ↔ Glimepiride (4 mg) 20 mg ↔ ↑13% [0%, ↑29%] Other Medications Hydrochlorothiazide (25 mg) 50 mg ↔ ↔ Bumetanide (1 mg) 10 mg once daily for 7 days ↑13% [↓2%, ↑31%] ↑13% [↓1%, ↑30%] Valsartan (320 mg) 20 mg ↓6% [↓24%, ↑16%] ↑5% [↓15%, ↑29%] Simvastatin (40 mg) 20 mg ↔ ↑19% Digoxin (0.25 mg) 20 mg loading dose then 10 mg once daily for 7 days ↔ ↔ Warfarin (25 mg) 20 mg loading dose then 10 mg once daily for 7 days ↔ ↔ ↔ = no change (geometric mean ratio of test: reference within 0.80 to 1.25); ↓ or ↑ = parameter was lower or higher, respectively, with coadministration compared to the other medicine administered alone (geometric mean ratio of test: reference was lower than 0.80 or higher than 1.25). [clinical_pharmacology] No dosing adjustments required for the following: Oral Antidiabetic Agents Metformin (1000 mg) 20 mg ↔ ↔ Pioglitazone (45 mg) 50 mg ↓7% [↓25%, ↑15%] ↔ Sitagliptin (100 mg) 20 mg ↔ ↔ Glimepiride (4 mg) 20 mg ↔ ↑13% [0%, ↑29%] Other Medications Hydrochlorothiazide (25 mg) 50 mg ↔ ↔ Bumetanide (1 mg) 10 mg once daily for 7 days ↑13% [↓2%, ↑31%] ↑13% [↓1%, ↑30%] Valsartan (320 mg) 20 mg ↓6% [↓24%, ↑16%] ↑5% [↓15%, ↑29%] Simvastatin (40 mg) 20 mg ↔ ↑19% Digoxin (0.25 mg) 20 mg loading dose then 10 mg once daily for 7 days ↔ ↔ Warfarin (25 mg) 20 mg loading dose then 10 mg once daily for 7 days ↔ ↔ ↔ = no change (geometric mean ratio of test: reference within 0.80 to 1.25); ↓ or ↑ = parameter was lower or higher, respectively, with coadministration compared to the other medicine administered alone (geometric mean ratio of test: reference was lower than 0.80 or higher than 1.25)."
dapagliflozin,digoxin,Not stated in FDA label,"[drug_interactions] No dosing adjustments required for the following: Oral Antidiabetic Agents Metformin (1000 mg) 20 mg ↔ ↔ Pioglitazone (45 mg) 50 mg ↓7% [↓25%, ↑15%] ↔ Sitagliptin (100 mg) 20 mg ↔ ↔ Glimepiride (4 mg) 20 mg ↔ ↑13% [0%, ↑29%] Other Medications Hydrochlorothiazide (25 mg) 50 mg ↔ ↔ Bumetanide (1 mg) 10 mg once daily for 7 days ↑13% [↓2%, ↑31%] ↑13% [↓1%, ↑30%] Valsartan (320 mg) 20 mg ↓6% [↓24%, ↑16%] ↑5% [↓15%, ↑29%] Simvastatin (40 mg) 20 mg ↔ ↑19% Digoxin (0.25 mg) 20 mg loading dose then 10 mg once daily for 7 days ↔ ↔ Warfarin (25 mg) 20 mg loading dose then 10 mg once daily for 7 days ↔ ↔ ↔ = no change (geometric mean ratio of test: reference within 0.80 to 1.25); ↓ or ↑ = parameter was lower or higher, respectively, with coadministration compared to the other medicine administered alone (geometric mean ratio of test: reference was lower than 0.80 or higher than 1.25). [clinical_pharmacology] No dosing adjustments required for the following: Oral Antidiabetic Agents Metformin (1000 mg) 20 mg ↔ ↔ Pioglitazone (45 mg) 50 mg ↓7% [↓25%, ↑15%] ↔ Sitagliptin (100 mg) 20 mg ↔ ↔ Glimepiride (4 mg) 20 mg ↔ ↑13% [0%, ↑29%] Other Medications Hydrochlorothiazide (25 mg) 50 mg ↔ ↔ Bumetanide (1 mg) 10 mg once daily for 7 days ↑13% [↓2%, ↑31%] ↑13% [↓1%, ↑30%] Valsartan (320 mg) 20 mg ↓6% [↓24%, ↑16%] ↑5% [↓15%, ↑29%] Simvastatin (40 mg) 20 mg ↔ ↑19% Digoxin (0.25 mg) 20 mg loading dose then 10 mg once daily for 7 days ↔ ↔ Warfarin (25 mg) 20 mg loading dose then 10 mg once daily for 7 days ↔ ↔ ↔ = no change (geometric mean ratio of test: reference within 0.80 to 1.25); ↓ or ↑ = parameter was lower or higher, respectively, with coadministration compared to the other medicine administered alone (geometric mean ratio of test: reference was lower than 0.80 or higher than 1.25).",Follow the management information in the FDA label and verify with prescribing clinician.,https://api.fda.gov/drug/label.json?search=id:03e8f7a3-552c-4b8e-94df-8668108baeea,"[drug_interactions] No dosing adjustments required for the following: Oral Antidiabetic Agents Metformin (1000 mg) 20 mg ↔ ↔ Pioglitazone (45 mg) 50 mg ↓7% [↓25%, ↑15%] ↔ Sitagliptin (100 mg) 20 mg ↔ ↔ Glimepiride (4 mg) 20 mg ↔ ↑13% [0%, ↑29%] Other Medications Hydrochlorothiazide (25 mg) 50 mg ↔ ↔ Bumetanide (1 mg) 10 mg once daily for 7 days ↑13% [↓2%, ↑31%] ↑13% [↓1%, ↑30%] Valsartan (320 mg) 20 mg ↓6% [↓24%, ↑16%] ↑5% [↓15%, ↑29%] Simvastatin (40 mg) 20 mg ↔ ↑19% Digoxin (0.25 mg) 20 mg loading dose then 10 mg once daily for 7 days ↔ ↔ Warfarin (25 mg) 20 mg loading dose then 10 mg once daily for 7 days ↔ ↔ ↔ = no change (geometric mean ratio of test: reference within 0.80 to 1.25); ↓ or ↑ = parameter was lower or higher, respectively, with coadministration compared to the other medicine administered alone (geometric mean ratio of test: reference was lower than 0.80 or higher than 1.25). [clinical_pharmacology] No dosing adjustments required for the following: Oral Antidiabetic Agents Metformin (1000 mg) 20 mg ↔ ↔ Pioglitazone (45 mg) 50 mg ↓7% [↓25%, ↑15%] ↔ Sitagliptin (100 mg) 20 mg ↔ ↔ Glimepiride (4 mg) 20 mg ↔ ↑13% [0%, ↑29%] Other Medications Hydrochlorothiazide (25 mg) 50 mg ↔ ↔ Bumetanide (1 mg) 10 mg once daily for 7 days ↑13% [↓2%, ↑31%] ↑13% [↓1%, ↑30%] Valsartan (320 mg) 20 mg ↓6% [↓24%, ↑16%] ↑5% [↓15%, ↑29%] Simvastatin (40 mg) 20 mg ↔ ↑19% Digoxin (0.25 mg) 20 mg loading dose then 10 mg once daily for 7 days ↔ ↔ Warfarin (25 mg) 20 mg loading dose then 10 mg once daily for 7 days ↔ ↔ ↔ = no change (geometric mean ratio of test: reference within 0.80 to 1.25); ↓ or ↑ = parameter was lower or higher, respectively, with coadministration compared to the other medicine administered alone (geometric mean ratio of test: reference was lower than 0.80 or higher than 1.25)."
canagliflozin,insulin,Not stated in FDA label,"[drug_interactions] Examples: Rifampin, phenytoin, phenobarbital, ritonavir Insulin or Insulin Secretagogues Clinical Impact: The risk of hypoglycemia is increased when INVOKANA is used concomitantly with insulin secretagogues (e.g., sulfonylurea) or insulin. [drug_interactions] Intervention: Concomitant use may require a lower dosage of the insulin secretagogue or insulin to reduce the risk of hypoglycemia. [warnings_and_cautions] Monitor for signs and symptoms during therapy ( 5.3 ) Urosepsis and pyelonephritis : Evaluate patients for signs and symptoms of urinary tract infections and treat promptly, if indicated ( 5.4 ) Hypoglycemia : Consider a lower dose of insulin or the insulin secretagogue to reduce the risk of hypoglycemia when used in combination with INVOKANA ( 5.5 ) Necrotizing fasciitis of the perineum (Fournier's gangrene) : Serious, life-threatening cases have occurred in both females and males.",Follow the management information in the FDA label and verify with prescribing clinician.,https://api.fda.gov/drug/label.json?search=id:f8148180-4b45-4670-a46c-94171161f367,"[drug_interactions] Examples: Rifampin, phenytoin, phenobarbital, ritonavir Insulin or Insulin Secretagogues Clinical Impact: The risk of hypoglycemia is increased when INVOKANA is used concomitantly with insulin secretagogues (e.g., sulfonylurea) or insulin. [drug_interactions] Intervention: Concomitant use may require a lower dosage of the insulin secretagogue or insulin to reduce the risk of hypoglycemia. [warnings_and_cautions] Monitor for signs and symptoms during therapy ( 5.3 ) Urosepsis and pyelonephritis : Evaluate patients for signs and symptoms of urinary tract infections and treat promptly, if indicated ( 5.4 ) Hypoglycemia : Consider a lower dose of insulin or the insulin secretagogue to reduce the risk of hypoglycemia when used in combination with INVOKANA ( 5.5 ) Necrotizing fasciitis of the perineum (Fournier's gangrene) : Serious, life-threatening cases have occurred in both females and males."
canagliflozin,nifedipine,Not stated in FDA label,"[clinical_pharmacology] In Vivo Assessment of Drug Interactions Table 9: Effect of Co-Administered Drugs on Systemic Exposures of Canagliflozin Co-Administered Drug Dose of Co-Administered Drug Single dose unless otherwise noted Dose of Canagliflozin Geometric Mean Ratio (Ratio With/Without Co-Administered Drug) No Effect = 1.0 AUC AUC inf for drugs given as a single dose and AUC 24h for drugs given as multiple doses (90% CI) C max (90% CI) QD = once daily; BID = twice daily See Drug Interactions (7) for the clinical relevance of the following: Rifampin 600 mg QD for 8 days 300 mg 0.49 (0.44; 0.54) 0.72 (0.61; 0.84) No dose adjustments of canagliflozin required for the following: Cyclosporine 400 mg 300 mg QD for 8 days 1.23 (1.19; 1.27) 1.01 (0.91; 1.11) Ethinyl estradiol and levonorgestrel 0.03 mg ethinyl estradiol and 0.15 mg levonorgestrel 200 mg QD for 6 days 0.91 (0.88; 0.94) 0.92 (0.84; 0.99) Hydrochlorothiazide 25 mg QD for 35 days 300 mg QD for 7 days 1.12 (1.08; 1.17) 1.15 (1.06; 1.25) Metformin HCl 2,000 mg 300 mg QD for 8 days 1.10 (1.05; 1.15) 1.05 (0.96; 1.16) Probenecid 500 mg BID for 3 days 300 mg QD for 17 days 1.21 (1.16; 1.25) 1.13 (1.00; 1.28) Table 10: Effect of Canagliflozin on Systemic Exposure of Co-Administered Drugs Co-Administered Drug Dose of Co-Administered Drug Single dose unless otherwise noted Dose of Canagliflozin Geometric Mean Ratio (Ratio With/Without Co-Administered Drug) No Effect = 1.0 AUC AUC inf for drugs given as a single dose and AUC 24h for drugs given as multiple doses (90% CI) C max (90% CI) QD = once daily; BID = twice daily; INR = International Normalized Ratio See Drug Interactions (7) for the clinical relevance of the following: Digoxin 0.5 mg QD first day followed by 0.25 mg QD for 6 days 300 mg QD for 7 days Digoxin 1.20 (1.12; 1.28) 1.36 (1.21; 1.53) No dose adjustments of co-administered drug required for the following: Acetaminophen 1,000 mg 300 mg BID for 25 days Acetaminophen 1.06 AUC 0–12h (0.98; 1.14) 1.00 (0.92; 1.09) Ethinyl estradiol and levonorgestrel 0.03 mg ethinyl estradiol and 0.15 mg levonorgestrel 200 mg QD for 6 days ethinyl estradiol 1.07 (0.99; 1.15) 1.22 (1.10; 1.35) Levonorgestrel 1.06 (1.00; 1.13) 1.22 (1.11; 1.35) Glyburide 1.25 mg 200 mg QD for 6 days Glyburide 1.02 (0.98; 1.07) 0.93 (0.85; 1.01) 3-cis-hydroxy-glyburide 1.01 (0.96; 1.07) 0.99 (0.91; 1.08) 4-trans-hydroxy-glyburide 1.03 (0.97; 1.09) 0.96 (0.88; 1.04) Hydrochlorothiazide 25 mg QD for 35 days 300 mg QD for 7 days Hydrochlorothiazide 0.99 (0.95; 1.04) 0.94 (0.87; 1.01) Metformin HCl 2,000 mg 300 mg QD for 8 days Metformin 1.20 (1.08; 1.34) 1.06 (0.93; 1.20) Simvastatin 40 mg 300 mg QD for 7 days Simvastatin 1.12 (0.94; 1.33) 1.09 (0.91; 1.31) simvastatin acid 1.18 (1.03; 1.35) 1.26 (1.10; 1.45) Warfarin 30 mg 300 mg QD for 12 days (R)-warfarin 1.01 (0.96; 1.06) 1.03 (0.94; 1.13) (S)-warfarin 1.06 (1.00; 1.12) 1.01 (0.90; 1.13) INR 1.00 (0.98; 1.03) 1.05 (0.99; 1.12) Metformin HCl Table 11: Effect of Co-Administered Drugs on Plasma Metformin Systemic Exposures Co-Administered Drug Dose of Co-Administered Drug Single dose unless otherwise noted Dose of Metformin HCl Geometric Mean Ratio (Ratio With/Without Co-Administered Drug) No Effect = 1.00 AUC AUC = AUC 0–∞ C max No dose adjustments required for the following: Glyburide 5 mg 500 mg Metformin HCl extended-release tablets 500 mg 0.98 Ratio of arithmetic means 0.99 Furosemide 40 mg 850 mg 1.09 1.22 Nifedipine 10 mg 850 mg 1.16 1.21 Propranolol 40 mg 850 mg 0.90 0.94 Ibuprofen 400 mg 850 mg 1.05 1.07 Drugs that are eliminated by renal tubular secretion increase the accumulation of metformin [see Warnings and Precautions (5) and Drug Interactions (7) ] Cimetidine 400 mg 850 mg 1.40 1.61 Carbonic anhydrase inhibitors may cause metabolic acidosis [see Warnings and Precautions (5) and Drug Interactions (7) ] Topiramate Healthy volunteer study at steady state with topiramate 100 mg every 12 hours and metformin 500 mg every 12 hours for 7 days. [clinical_pharmacology] 1.18 Table 12: Effect of Metformin HCl on Co-Administered Drug Systemic Exposures Co-Administered Drug Dose of Co-Administered Drug Single dose unless otherwise noted Dose of Metformin HCl Geometric Mean Ratio (Ratio With/Without Co-Administered Drug) No Effect = 1.00 AUC AUC = AUC 0–∞ C max No dose adjustments required for the following: Glyburide 5 mg 500 mg AUC 0–24 hr reported 0.78 Ratio of arithmetic means, p-value of difference <0.05 0.63 Furosemide 40 mg 850 mg 0.87 0.69 Nifedipine 10 mg 850 mg 1.10 1.08 Propranolol 40 mg 850 mg 1.01 0.94 Ibuprofen 400 mg 850 mg 0.97 Ratio of arithmetic means.",Follow the management information in the FDA label and verify with prescribing clinician.,https://api.fda.gov/drug/label.json?search=id:95b8c81c-dfe3-4dd4-be06-8dd1d935f07e,"[clinical_pharmacology] In Vivo Assessment of Drug Interactions Table 9: Effect of Co-Administered Drugs on Systemic Exposures of Canagliflozin Co-Administered Drug Dose of Co-Administered Drug Single dose unless otherwise noted Dose of Canagliflozin Geometric Mean Ratio (Ratio With/Without Co-Administered Drug) No Effect = 1.0 AUC AUC inf for drugs given as a single dose and AUC 24h for drugs given as multiple doses (90% CI) C max (90% CI) QD = once daily; BID = twice daily See Drug Interactions (7) for the clinical relevance of the following: Rifampin 600 mg QD for 8 days 300 mg 0.49 (0.44; 0.54) 0.72 (0.61; 0.84) No dose adjustments of canagliflozin required for the following: Cyclosporine 400 mg 300 mg QD for 8 days 1.23 (1.19; 1.27) 1.01 (0.91; 1.11) Ethinyl estradiol and levonorgestrel 0.03 mg ethinyl estradiol and 0.15 mg levonorgestrel 200 mg QD for 6 days 0.91 (0.88; 0.94) 0.92 (0.84; 0.99) Hydrochlorothiazide 25 mg QD for 35 days 300 mg QD for 7 days 1.12 (1.08; 1.17) 1.15 (1.06; 1.25) Metformin HCl 2,000 mg 300 mg QD for 8 days 1.10 (1.05; 1.15) 1.05 (0.96; 1.16) Probenecid 500 mg BID for 3 days 300 mg QD for 17 days 1.21 (1.16; 1.25) 1.13 (1.00; 1.28) Table 10: Effect of Canagliflozin on Systemic Exposure of Co-Administered Drugs Co-Administered Drug Dose of Co-Administered Drug Single dose unless otherwise noted Dose of Canagliflozin Geometric Mean Ratio (Ratio With/Without Co-Administered Drug) No Effect = 1.0 AUC AUC inf for drugs given as a single dose and AUC 24h for drugs given as multiple doses (90% CI) C max (90% CI) QD = once daily; BID = twice daily; INR = International Normalized Ratio See Drug Interactions (7) for the clinical relevance of the following: Digoxin 0.5 mg QD first day followed by 0.25 mg QD for 6 days 300 mg QD for 7 days Digoxin 1.20 (1.12; 1.28) 1.36 (1.21; 1.53) No dose adjustments of co-administered drug required for the following: Acetaminophen 1,000 mg 300 mg BID for 25 days Acetaminophen 1.06 AUC 0–12h (0.98; 1.14) 1.00 (0.92; 1.09) Ethinyl estradiol and levonorgestrel 0.03 mg ethinyl estradiol and 0.15 mg levonorgestrel 200 mg QD for 6 days ethinyl estradiol 1.07 (0.99; 1.15) 1.22 (1.10; 1.35) Levonorgestrel 1.06 (1.00; 1.13) 1.22 (1.11; 1.35) Glyburide 1.25 mg 200 mg QD for 6 days Glyburide 1.02 (0.98; 1.07) 0.93 (0.85; 1.01) 3-cis-hydroxy-glyburide 1.01 (0.96; 1.07) 0.99 (0.91; 1.08) 4-trans-hydroxy-glyburide 1.03 (0.97; 1.09) 0.96 (0.88; 1.04) Hydrochlorothiazide 25 mg QD for 35 days 300 mg QD for 7 days Hydrochlorothiazide 0.99 (0.95; 1.04) 0.94 (0.87; 1.01) Metformin HCl 2,000 mg 300 mg QD for 8 days Metformin 1.20 (1.08; 1.34) 1.06 (0.93; 1.20) Simvastatin 40 mg 300 mg QD for 7 days Simvastatin 1.12 (0.94; 1.33) 1.09 (0.91; 1.31) simvastatin acid 1.18 (1.03; 1.35) 1.26 (1.10; 1.45) Warfarin 30 mg 300 mg QD for 12 days (R)-warfarin 1.01 (0.96; 1.06) 1.03 (0.94; 1.13) (S)-warfarin 1.06 (1.00; 1.12) 1.01 (0.90; 1.13) INR 1.00 (0.98; 1.03) 1.05 (0.99; 1.12) Metformin HCl Table 11: Effect of Co-Administered Drugs on Plasma Metformin Systemic Exposures Co-Administered Drug Dose of Co-Administered Drug Single dose unless otherwise noted Dose of Metformin HCl Geometric Mean Ratio (Ratio With/Without Co-Administered Drug) No Effect = 1.00 AUC AUC = AUC 0–∞ C max No dose adjustments required for the following: Glyburide 5 mg 500 mg Metformin HCl extended-release tablets 500 mg 0.98 Ratio of arithmetic means 0.99 Furosemide 40 mg 850 mg 1.09 1.22 Nifedipine 10 mg 850 mg 1.16 1.21 Propranolol 40 mg 850 mg 0.90 0.94 Ibuprofen 400 mg 850 mg 1.05 1.07 Drugs that are eliminated by renal tubular secretion increase the accumulation of metformin [see Warnings and Precautions (5) and Drug Interactions (7) ] Cimetidine 400 mg 850 mg 1.40 1.61 Carbonic anhydrase inhibitors may cause metabolic acidosis [see Warnings and Precautions (5) and Drug Interactions (7) ] Topiramate Healthy volunteer study at steady state with topiramate 100 mg every 12 hours and metformin 500 mg every 12 hours for 7 days. [clinical_pharmacology] 1.18 Table 12: Effect of Metformin HCl on Co-Administered Drug Systemic Exposures Co-Administered Drug Dose of Co-Administered Drug Single dose unless otherwise noted Dose of Metformin HCl Geometric Mean Ratio (Ratio With/Without Co-Administered Drug) No Effect = 1.00 AUC AUC = AUC 0–∞ C max No dose adjustments required for the following: Glyburide 5 mg 500 mg AUC 0–24 hr reported 0.78 Ratio of arithmetic means, p-value of difference <0.05 0.63 Furosemide 40 mg 850 mg 0.87 0.69 Nifedipine 10 mg 850 mg 1.10 1.08 Propranolol 40 mg 850 mg 1.01 0.94 Ibuprofen 400 mg 850 mg 0.97 Ratio of arithmetic means."
canagliflozin,propranolol,Not stated in FDA label,"[clinical_pharmacology] In Vivo Assessment of Drug Interactions Table 9: Effect of Co-Administered Drugs on Systemic Exposures of Canagliflozin Co-Administered Drug Dose of Co-Administered Drug Single dose unless otherwise noted Dose of Canagliflozin Geometric Mean Ratio (Ratio With/Without Co-Administered Drug) No Effect = 1.0 AUC AUC inf for drugs given as a single dose and AUC 24h for drugs given as multiple doses (90% CI) C max (90% CI) QD = once daily; BID = twice daily See Drug Interactions (7) for the clinical relevance of the following: Rifampin 600 mg QD for 8 days 300 mg 0.49 (0.44; 0.54) 0.72 (0.61; 0.84) No dose adjustments of canagliflozin required for the following: Cyclosporine 400 mg 300 mg QD for 8 days 1.23 (1.19; 1.27) 1.01 (0.91; 1.11) Ethinyl estradiol and levonorgestrel 0.03 mg ethinyl estradiol and 0.15 mg levonorgestrel 200 mg QD for 6 days 0.91 (0.88; 0.94) 0.92 (0.84; 0.99) Hydrochlorothiazide 25 mg QD for 35 days 300 mg QD for 7 days 1.12 (1.08; 1.17) 1.15 (1.06; 1.25) Metformin HCl 2,000 mg 300 mg QD for 8 days 1.10 (1.05; 1.15) 1.05 (0.96; 1.16) Probenecid 500 mg BID for 3 days 300 mg QD for 17 days 1.21 (1.16; 1.25) 1.13 (1.00; 1.28) Table 10: Effect of Canagliflozin on Systemic Exposure of Co-Administered Drugs Co-Administered Drug Dose of Co-Administered Drug Single dose unless otherwise noted Dose of Canagliflozin Geometric Mean Ratio (Ratio With/Without Co-Administered Drug) No Effect = 1.0 AUC AUC inf for drugs given as a single dose and AUC 24h for drugs given as multiple doses (90% CI) C max (90% CI) QD = once daily; BID = twice daily; INR = International Normalized Ratio See Drug Interactions (7) for the clinical relevance of the following: Digoxin 0.5 mg QD first day followed by 0.25 mg QD for 6 days 300 mg QD for 7 days Digoxin 1.20 (1.12; 1.28) 1.36 (1.21; 1.53) No dose adjustments of co-administered drug required for the following: Acetaminophen 1,000 mg 300 mg BID for 25 days Acetaminophen 1.06 AUC 0–12h (0.98; 1.14) 1.00 (0.92; 1.09) Ethinyl estradiol and levonorgestrel 0.03 mg ethinyl estradiol and 0.15 mg levonorgestrel 200 mg QD for 6 days ethinyl estradiol 1.07 (0.99; 1.15) 1.22 (1.10; 1.35) Levonorgestrel 1.06 (1.00; 1.13) 1.22 (1.11; 1.35) Glyburide 1.25 mg 200 mg QD for 6 days Glyburide 1.02 (0.98; 1.07) 0.93 (0.85; 1.01) 3-cis-hydroxy-glyburide 1.01 (0.96; 1.07) 0.99 (0.91; 1.08) 4-trans-hydroxy-glyburide 1.03 (0.97; 1.09) 0.96 (0.88; 1.04) Hydrochlorothiazide 25 mg QD for 35 days 300 mg QD for 7 days Hydrochlorothiazide 0.99 (0.95; 1.04) 0.94 (0.87; 1.01) Metformin HCl 2,000 mg 300 mg QD for 8 days Metformin 1.20 (1.08; 1.34) 1.06 (0.93; 1.20) Simvastatin 40 mg 300 mg QD for 7 days Simvastatin 1.12 (0.94; 1.33) 1.09 (0.91; 1.31) simvastatin acid 1.18 (1.03; 1.35) 1.26 (1.10; 1.45) Warfarin 30 mg 300 mg QD for 12 days (R)-warfarin 1.01 (0.96; 1.06) 1.03 (0.94; 1.13) (S)-warfarin 1.06 (1.00; 1.12) 1.01 (0.90; 1.13) INR 1.00 (0.98; 1.03) 1.05 (0.99; 1.12) Metformin HCl Table 11: Effect of Co-Administered Drugs on Plasma Metformin Systemic Exposures Co-Administered Drug Dose of Co-Administered Drug Single dose unless otherwise noted Dose of Metformin HCl Geometric Mean Ratio (Ratio With/Without Co-Administered Drug) No Effect = 1.00 AUC AUC = AUC 0–∞ C max No dose adjustments required for the following: Glyburide 5 mg 500 mg Metformin HCl extended-release tablets 500 mg 0.98 Ratio of arithmetic means 0.99 Furosemide 40 mg 850 mg 1.09 1.22 Nifedipine 10 mg 850 mg 1.16 1.21 Propranolol 40 mg 850 mg 0.90 0.94 Ibuprofen 400 mg 850 mg 1.05 1.07 Drugs that are eliminated by renal tubular secretion increase the accumulation of metformin [see Warnings and Precautions (5) and Drug Interactions (7) ] Cimetidine 400 mg 850 mg 1.40 1.61 Carbonic anhydrase inhibitors may cause metabolic acidosis [see Warnings and Precautions (5) and Drug Interactions (7) ] Topiramate Healthy volunteer study at steady state with topiramate 100 mg every 12 hours and metformin 500 mg every 12 hours for 7 days. [clinical_pharmacology] 1.18 Table 12: Effect of Metformin HCl on Co-Administered Drug Systemic Exposures Co-Administered Drug Dose of Co-Administered Drug Single dose unless otherwise noted Dose of Metformin HCl Geometric Mean Ratio (Ratio With/Without Co-Administered Drug) No Effect = 1.00 AUC AUC = AUC 0–∞ C max No dose adjustments required for the following: Glyburide 5 mg 500 mg AUC 0–24 hr reported 0.78 Ratio of arithmetic means, p-value of difference <0.05 0.63 Furosemide 40 mg 850 mg 0.87 0.69 Nifedipine 10 mg 850 mg 1.10 1.08 Propranolol 40 mg 850 mg 1.01 0.94 Ibuprofen 400 mg 850 mg 0.97 Ratio of arithmetic means.",Follow the management information in the FDA label and verify with prescribing clinician.,https://api.fda.gov/drug/label.json?search=id:95b8c81c-dfe3-4dd4-be06-8dd1d935f07e,"[clinical_pharmacology] In Vivo Assessment of Drug Interactions Table 9: Effect of Co-Administered Drugs on Systemic Exposures of Canagliflozin Co-Administered Drug Dose of Co-Administered Drug Single dose unless otherwise noted Dose of Canagliflozin Geometric Mean Ratio (Ratio With/Without Co-Administered Drug) No Effect = 1.0 AUC AUC inf for drugs given as a single dose and AUC 24h for drugs given as multiple doses (90% CI) C max (90% CI) QD = once daily; BID = twice daily See Drug Interactions (7) for the clinical relevance of the following: Rifampin 600 mg QD for 8 days 300 mg 0.49 (0.44; 0.54) 0.72 (0.61; 0.84) No dose adjustments of canagliflozin required for the following: Cyclosporine 400 mg 300 mg QD for 8 days 1.23 (1.19; 1.27) 1.01 (0.91; 1.11) Ethinyl estradiol and levonorgestrel 0.03 mg ethinyl estradiol and 0.15 mg levonorgestrel 200 mg QD for 6 days 0.91 (0.88; 0.94) 0.92 (0.84; 0.99) Hydrochlorothiazide 25 mg QD for 35 days 300 mg QD for 7 days 1.12 (1.08; 1.17) 1.15 (1.06; 1.25) Metformin HCl 2,000 mg 300 mg QD for 8 days 1.10 (1.05; 1.15) 1.05 (0.96; 1.16) Probenecid 500 mg BID for 3 days 300 mg QD for 17 days 1.21 (1.16; 1.25) 1.13 (1.00; 1.28) Table 10: Effect of Canagliflozin on Systemic Exposure of Co-Administered Drugs Co-Administered Drug Dose of Co-Administered Drug Single dose unless otherwise noted Dose of Canagliflozin Geometric Mean Ratio (Ratio With/Without Co-Administered Drug) No Effect = 1.0 AUC AUC inf for drugs given as a single dose and AUC 24h for drugs given as multiple doses (90% CI) C max (90% CI) QD = once daily; BID = twice daily; INR = International Normalized Ratio See Drug Interactions (7) for the clinical relevance of the following: Digoxin 0.5 mg QD first day followed by 0.25 mg QD for 6 days 300 mg QD for 7 days Digoxin 1.20 (1.12; 1.28) 1.36 (1.21; 1.53) No dose adjustments of co-administered drug required for the following: Acetaminophen 1,000 mg 300 mg BID for 25 days Acetaminophen 1.06 AUC 0–12h (0.98; 1.14) 1.00 (0.92; 1.09) Ethinyl estradiol and levonorgestrel 0.03 mg ethinyl estradiol and 0.15 mg levonorgestrel 200 mg QD for 6 days ethinyl estradiol 1.07 (0.99; 1.15) 1.22 (1.10; 1.35) Levonorgestrel 1.06 (1.00; 1.13) 1.22 (1.11; 1.35) Glyburide 1.25 mg 200 mg QD for 6 days Glyburide 1.02 (0.98; 1.07) 0.93 (0.85; 1.01) 3-cis-hydroxy-glyburide 1.01 (0.96; 1.07) 0.99 (0.91; 1.08) 4-trans-hydroxy-glyburide 1.03 (0.97; 1.09) 0.96 (0.88; 1.04) Hydrochlorothiazide 25 mg QD for 35 days 300 mg QD for 7 days Hydrochlorothiazide 0.99 (0.95; 1.04) 0.94 (0.87; 1.01) Metformin HCl 2,000 mg 300 mg QD for 8 days Metformin 1.20 (1.08; 1.34) 1.06 (0.93; 1.20) Simvastatin 40 mg 300 mg QD for 7 days Simvastatin 1.12 (0.94; 1.33) 1.09 (0.91; 1.31) simvastatin acid 1.18 (1.03; 1.35) 1.26 (1.10; 1.45) Warfarin 30 mg 300 mg QD for 12 days (R)-warfarin 1.01 (0.96; 1.06) 1.03 (0.94; 1.13) (S)-warfarin 1.06 (1.00; 1.12) 1.01 (0.90; 1.13) INR 1.00 (0.98; 1.03) 1.05 (0.99; 1.12) Metformin HCl Table 11: Effect of Co-Administered Drugs on Plasma Metformin Systemic Exposures Co-Administered Drug Dose of Co-Administered Drug Single dose unless otherwise noted Dose of Metformin HCl Geometric Mean Ratio (Ratio With/Without Co-Administered Drug) No Effect = 1.00 AUC AUC = AUC 0–∞ C max No dose adjustments required for the following: Glyburide 5 mg 500 mg Metformin HCl extended-release tablets 500 mg 0.98 Ratio of arithmetic means 0.99 Furosemide 40 mg 850 mg 1.09 1.22 Nifedipine 10 mg 850 mg 1.16 1.21 Propranolol 40 mg 850 mg 0.90 0.94 Ibuprofen 400 mg 850 mg 1.05 1.07 Drugs that are eliminated by renal tubular secretion increase the accumulation of metformin [see Warnings and Precautions (5) and Drug Interactions (7) ] Cimetidine 400 mg 850 mg 1.40 1.61 Carbonic anhydrase inhibitors may cause metabolic acidosis [see Warnings and Precautions (5) and Drug Interactions (7) ] Topiramate Healthy volunteer study at steady state with topiramate 100 mg every 12 hours and metformin 500 mg every 12 hours for 7 days. [clinical_pharmacology] 1.18 Table 12: Effect of Metformin HCl on Co-Administered Drug Systemic Exposures Co-Administered Drug Dose of Co-Administered Drug Single dose unless otherwise noted Dose of Metformin HCl Geometric Mean Ratio (Ratio With/Without Co-Administered Drug) No Effect = 1.00 AUC AUC = AUC 0–∞ C max No dose adjustments required for the following: Glyburide 5 mg 500 mg AUC 0–24 hr reported 0.78 Ratio of arithmetic means, p-value of difference <0.05 0.63 Furosemide 40 mg 850 mg 0.87 0.69 Nifedipine 10 mg 850 mg 1.10 1.08 Propranolol 40 mg 850 mg 1.01 0.94 Ibuprofen 400 mg 850 mg 0.97 Ratio of arithmetic means."
canagliflozin,hydrochlorothiazide,Not stated in FDA label,"[clinical_pharmacology] In Vivo Assessment of Drug Interactions Table 9: Effect of Co-Administered Drugs on Systemic Exposures of Canagliflozin Co-Administered Drug Dose of Co-Administered Drug Single dose unless otherwise noted Dose of Canagliflozin Geometric Mean Ratio (Ratio With/Without Co-Administered Drug) No Effect = 1.0 AUC AUC inf for drugs given as a single dose and AUC 24h for drugs given as multiple doses (90% CI) C max (90% CI) QD = once daily; BID = twice daily See Drug Interactions (7) for the clinical relevance of the following: Rifampin 600 mg QD for 8 days 300 mg 0.49 (0.44; 0.54) 0.72 (0.61; 0.84) No dose adjustments of canagliflozin required for the following: Cyclosporine 400 mg 300 mg QD for 8 days 1.23 (1.19; 1.27) 1.01 (0.91; 1.11) Ethinyl estradiol and levonorgestrel 0.03 mg ethinyl estradiol and 0.15 mg levonorgestrel 200 mg QD for 6 days 0.91 (0.88; 0.94) 0.92 (0.84; 0.99) Hydrochlorothiazide 25 mg QD for 35 days 300 mg QD for 7 days 1.12 (1.08; 1.17) 1.15 (1.06; 1.25) Metformin HCl 2,000 mg 300 mg QD for 8 days 1.10 (1.05; 1.15) 1.05 (0.96; 1.16) Probenecid 500 mg BID for 3 days 300 mg QD for 17 days 1.21 (1.16; 1.25) 1.13 (1.00; 1.28) Table 10: Effect of Canagliflozin on Systemic Exposure of Co-Administered Drugs Co-Administered Drug Dose of Co-Administered Drug Single dose unless otherwise noted Dose of Canagliflozin Geometric Mean Ratio (Ratio With/Without Co-Administered Drug) No Effect = 1.0 AUC AUC inf for drugs given as a single dose and AUC 24h for drugs given as multiple doses (90% CI) C max (90% CI) QD = once daily; BID = twice daily; INR = International Normalized Ratio See Drug Interactions (7) for the clinical relevance of the following: Digoxin 0.5 mg QD first day followed by 0.25 mg QD for 6 days 300 mg QD for 7 days Digoxin 1.20 (1.12; 1.28) 1.36 (1.21; 1.53) No dose adjustments of co-administered drug required for the following: Acetaminophen 1,000 mg 300 mg BID for 25 days Acetaminophen 1.06 AUC 0–12h (0.98; 1.14) 1.00 (0.92; 1.09) Ethinyl estradiol and levonorgestrel 0.03 mg ethinyl estradiol and 0.15 mg levonorgestrel 200 mg QD for 6 days ethinyl estradiol 1.07 (0.99; 1.15) 1.22 (1.10; 1.35) Levonorgestrel 1.06 (1.00; 1.13) 1.22 (1.11; 1.35) Glyburide 1.25 mg 200 mg QD for 6 days Glyburide 1.02 (0.98; 1.07) 0.93 (0.85; 1.01) 3-cis-hydroxy-glyburide 1.01 (0.96; 1.07) 0.99 (0.91; 1.08) 4-trans-hydroxy-glyburide 1.03 (0.97; 1.09) 0.96 (0.88; 1.04) Hydrochlorothiazide 25 mg QD for 35 days 300 mg QD for 7 days Hydrochlorothiazide 0.99 (0.95; 1.04) 0.94 (0.87; 1.01) Metformin HCl 2,000 mg 300 mg QD for 8 days Metformin 1.20 (1.08; 1.34) 1.06 (0.93; 1.20) Simvastatin 40 mg 300 mg QD for 7 days Simvastatin 1.12 (0.94; 1.33) 1.09 (0.91; 1.31) simvastatin acid 1.18 (1.03; 1.35) 1.26 (1.10; 1.45) Warfarin 30 mg 300 mg QD for 12 days (R)-warfarin 1.01 (0.96; 1.06) 1.03 (0.94; 1.13) (S)-warfarin 1.06 (1.00; 1.12) 1.01 (0.90; 1.13) INR 1.00 (0.98; 1.03) 1.05 (0.99; 1.12) Metformin HCl Table 11: Effect of Co-Administered Drugs on Plasma Metformin Systemic Exposures Co-Administered Drug Dose of Co-Administered Drug Single dose unless otherwise noted Dose of Metformin HCl Geometric Mean Ratio (Ratio With/Without Co-Administered Drug) No Effect = 1.00 AUC AUC = AUC 0–∞ C max No dose adjustments required for the following: Glyburide 5 mg 500 mg Metformin HCl extended-release tablets 500 mg 0.98 Ratio of arithmetic means 0.99 Furosemide 40 mg 850 mg 1.09 1.22 Nifedipine 10 mg 850 mg 1.16 1.21 Propranolol 40 mg 850 mg 0.90 0.94 Ibuprofen 400 mg 850 mg 1.05 1.07 Drugs that are eliminated by renal tubular secretion increase the accumulation of metformin [see Warnings and Precautions (5) and Drug Interactions (7) ] Cimetidine 400 mg 850 mg 1.40 1.61 Carbonic anhydrase inhibitors may cause metabolic acidosis [see Warnings and Precautions (5) and Drug Interactions (7) ] Topiramate Healthy volunteer study at steady state with topiramate 100 mg every 12 hours and metformin 500 mg every 12 hours for 7 days.",Follow the management information in the FDA label and verify with prescribing clinician.,https://api.fda.gov/drug/label.json?search=id:95b8c81c-dfe3-4dd4-be06-8dd1d935f07e,"[clinical_pharmacology] In Vivo Assessment of Drug Interactions Table 9: Effect of Co-Administered Drugs on Systemic Exposures of Canagliflozin Co-Administered Drug Dose of Co-Administered Drug Single dose unless otherwise noted Dose of Canagliflozin Geometric Mean Ratio (Ratio With/Without Co-Administered Drug) No Effect = 1.0 AUC AUC inf for drugs given as a single dose and AUC 24h for drugs given as multiple doses (90% CI) C max (90% CI) QD = once daily; BID = twice daily See Drug Interactions (7) for the clinical relevance of the following: Rifampin 600 mg QD for 8 days 300 mg 0.49 (0.44; 0.54) 0.72 (0.61; 0.84) No dose adjustments of canagliflozin required for the following: Cyclosporine 400 mg 300 mg QD for 8 days 1.23 (1.19; 1.27) 1.01 (0.91; 1.11) Ethinyl estradiol and levonorgestrel 0.03 mg ethinyl estradiol and 0.15 mg levonorgestrel 200 mg QD for 6 days 0.91 (0.88; 0.94) 0.92 (0.84; 0.99) Hydrochlorothiazide 25 mg QD for 35 days 300 mg QD for 7 days 1.12 (1.08; 1.17) 1.15 (1.06; 1.25) Metformin HCl 2,000 mg 300 mg QD for 8 days 1.10 (1.05; 1.15) 1.05 (0.96; 1.16) Probenecid 500 mg BID for 3 days 300 mg QD for 17 days 1.21 (1.16; 1.25) 1.13 (1.00; 1.28) Table 10: Effect of Canagliflozin on Systemic Exposure of Co-Administered Drugs Co-Administered Drug Dose of Co-Administered Drug Single dose unless otherwise noted Dose of Canagliflozin Geometric Mean Ratio (Ratio With/Without Co-Administered Drug) No Effect = 1.0 AUC AUC inf for drugs given as a single dose and AUC 24h for drugs given as multiple doses (90% CI) C max (90% CI) QD = once daily; BID = twice daily; INR = International Normalized Ratio See Drug Interactions (7) for the clinical relevance of the following: Digoxin 0.5 mg QD first day followed by 0.25 mg QD for 6 days 300 mg QD for 7 days Digoxin 1.20 (1.12; 1.28) 1.36 (1.21; 1.53) No dose adjustments of co-administered drug required for the following: Acetaminophen 1,000 mg 300 mg BID for 25 days Acetaminophen 1.06 AUC 0–12h (0.98; 1.14) 1.00 (0.92; 1.09) Ethinyl estradiol and levonorgestrel 0.03 mg ethinyl estradiol and 0.15 mg levonorgestrel 200 mg QD for 6 days ethinyl estradiol 1.07 (0.99; 1.15) 1.22 (1.10; 1.35) Levonorgestrel 1.06 (1.00; 1.13) 1.22 (1.11; 1.35) Glyburide 1.25 mg 200 mg QD for 6 days Glyburide 1.02 (0.98; 1.07) 0.93 (0.85; 1.01) 3-cis-hydroxy-glyburide 1.01 (0.96; 1.07) 0.99 (0.91; 1.08) 4-trans-hydroxy-glyburide 1.03 (0.97; 1.09) 0.96 (0.88; 1.04) Hydrochlorothiazide 25 mg QD for 35 days 300 mg QD for 7 days Hydrochlorothiazide 0.99 (0.95; 1.04) 0.94 (0.87; 1.01) Metformin HCl 2,000 mg 300 mg QD for 8 days Metformin 1.20 (1.08; 1.34) 1.06 (0.93; 1.20) Simvastatin 40 mg 300 mg QD for 7 days Simvastatin 1.12 (0.94; 1.33) 1.09 (0.91; 1.31) simvastatin acid 1.18 (1.03; 1.35) 1.26 (1.10; 1.45) Warfarin 30 mg 300 mg QD for 12 days (R)-warfarin 1.01 (0.96; 1.06) 1.03 (0.94; 1.13) (S)-warfarin 1.06 (1.00; 1.12) 1.01 (0.90; 1.13) INR 1.00 (0.98; 1.03) 1.05 (0.99; 1.12) Metformin HCl Table 11: Effect of Co-Administered Drugs on Plasma Metformin Systemic Exposures Co-Administered Drug Dose of Co-Administered Drug Single dose unless otherwise noted Dose of Metformin HCl Geometric Mean Ratio (Ratio With/Without Co-Administered Drug) No Effect = 1.00 AUC AUC = AUC 0–∞ C max No dose adjustments required for the following: Glyburide 5 mg 500 mg Metformin HCl extended-release tablets 500 mg 0.98 Ratio of arithmetic means 0.99 Furosemide 40 mg 850 mg 1.09 1.22 Nifedipine 10 mg 850 mg 1.16 1.21 Propranolol 40 mg 850 mg 0.90 0.94 Ibuprofen 400 mg 850 mg 1.05 1.07 Drugs that are eliminated by renal tubular secretion increase the accumulation of metformin [see Warnings and Precautions (5) and Drug Interactions (7) ] Cimetidine 400 mg 850 mg 1.40 1.61 Carbonic anhydrase inhibitors may cause metabolic acidosis [see Warnings and Precautions (5) and Drug Interactions (7) ] Topiramate Healthy volunteer study at steady state with topiramate 100 mg every 12 hours and metformin 500 mg every 12 hours for 7 days."
canagliflozin,furosemide,Not stated in FDA label,"[clinical_pharmacology] In Vivo Assessment of Drug Interactions Table 9: Effect of Co-Administered Drugs on Systemic Exposures of Canagliflozin Co-Administered Drug Dose of Co-Administered Drug Single dose unless otherwise noted Dose of Canagliflozin Geometric Mean Ratio (Ratio With/Without Co-Administered Drug) No Effect = 1.0 AUC AUC inf for drugs given as a single dose and AUC 24h for drugs given as multiple doses (90% CI) C max (90% CI) QD = once daily; BID = twice daily See Drug Interactions (7) for the clinical relevance of the following: Rifampin 600 mg QD for 8 days 300 mg 0.49 (0.44; 0.54) 0.72 (0.61; 0.84) No dose adjustments of canagliflozin required for the following: Cyclosporine 400 mg 300 mg QD for 8 days 1.23 (1.19; 1.27) 1.01 (0.91; 1.11) Ethinyl estradiol and levonorgestrel 0.03 mg ethinyl estradiol and 0.15 mg levonorgestrel 200 mg QD for 6 days 0.91 (0.88; 0.94) 0.92 (0.84; 0.99) Hydrochlorothiazide 25 mg QD for 35 days 300 mg QD for 7 days 1.12 (1.08; 1.17) 1.15 (1.06; 1.25) Metformin HCl 2,000 mg 300 mg QD for 8 days 1.10 (1.05; 1.15) 1.05 (0.96; 1.16) Probenecid 500 mg BID for 3 days 300 mg QD for 17 days 1.21 (1.16; 1.25) 1.13 (1.00; 1.28) Table 10: Effect of Canagliflozin on Systemic Exposure of Co-Administered Drugs Co-Administered Drug Dose of Co-Administered Drug Single dose unless otherwise noted Dose of Canagliflozin Geometric Mean Ratio (Ratio With/Without Co-Administered Drug) No Effect = 1.0 AUC AUC inf for drugs given as a single dose and AUC 24h for drugs given as multiple doses (90% CI) C max (90% CI) QD = once daily; BID = twice daily; INR = International Normalized Ratio See Drug Interactions (7) for the clinical relevance of the following: Digoxin 0.5 mg QD first day followed by 0.25 mg QD for 6 days 300 mg QD for 7 days Digoxin 1.20 (1.12; 1.28) 1.36 (1.21; 1.53) No dose adjustments of co-administered drug required for the following: Acetaminophen 1,000 mg 300 mg BID for 25 days Acetaminophen 1.06 AUC 0–12h (0.98; 1.14) 1.00 (0.92; 1.09) Ethinyl estradiol and levonorgestrel 0.03 mg ethinyl estradiol and 0.15 mg levonorgestrel 200 mg QD for 6 days ethinyl estradiol 1.07 (0.99; 1.15) 1.22 (1.10; 1.35) Levonorgestrel 1.06 (1.00; 1.13) 1.22 (1.11; 1.35) Glyburide 1.25 mg 200 mg QD for 6 days Glyburide 1.02 (0.98; 1.07) 0.93 (0.85; 1.01) 3-cis-hydroxy-glyburide 1.01 (0.96; 1.07) 0.99 (0.91; 1.08) 4-trans-hydroxy-glyburide 1.03 (0.97; 1.09) 0.96 (0.88; 1.04) Hydrochlorothiazide 25 mg QD for 35 days 300 mg QD for 7 days Hydrochlorothiazide 0.99 (0.95; 1.04) 0.94 (0.87; 1.01) Metformin HCl 2,000 mg 300 mg QD for 8 days Metformin 1.20 (1.08; 1.34) 1.06 (0.93; 1.20) Simvastatin 40 mg 300 mg QD for 7 days Simvastatin 1.12 (0.94; 1.33) 1.09 (0.91; 1.31) simvastatin acid 1.18 (1.03; 1.35) 1.26 (1.10; 1.45) Warfarin 30 mg 300 mg QD for 12 days (R)-warfarin 1.01 (0.96; 1.06) 1.03 (0.94; 1.13) (S)-warfarin 1.06 (1.00; 1.12) 1.01 (0.90; 1.13) INR 1.00 (0.98; 1.03) 1.05 (0.99; 1.12) Metformin HCl Table 11: Effect of Co-Administered Drugs on Plasma Metformin Systemic Exposures Co-Administered Drug Dose of Co-Administered Drug Single dose unless otherwise noted Dose of Metformin HCl Geometric Mean Ratio (Ratio With/Without Co-Administered Drug) No Effect = 1.00 AUC AUC = AUC 0–∞ C max No dose adjustments required for the following: Glyburide 5 mg 500 mg Metformin HCl extended-release tablets 500 mg 0.98 Ratio of arithmetic means 0.99 Furosemide 40 mg 850 mg 1.09 1.22 Nifedipine 10 mg 850 mg 1.16 1.21 Propranolol 40 mg 850 mg 0.90 0.94 Ibuprofen 400 mg 850 mg 1.05 1.07 Drugs that are eliminated by renal tubular secretion increase the accumulation of metformin [see Warnings and Precautions (5) and Drug Interactions (7) ] Cimetidine 400 mg 850 mg 1.40 1.61 Carbonic anhydrase inhibitors may cause metabolic acidosis [see Warnings and Precautions (5) and Drug Interactions (7) ] Topiramate Healthy volunteer study at steady state with topiramate 100 mg every 12 hours and metformin 500 mg every 12 hours for 7 days. [clinical_pharmacology] 1.18 Table 12: Effect of Metformin HCl on Co-Administered Drug Systemic Exposures Co-Administered Drug Dose of Co-Administered Drug Single dose unless otherwise noted Dose of Metformin HCl Geometric Mean Ratio (Ratio With/Without Co-Administered Drug) No Effect = 1.00 AUC AUC = AUC 0–∞ C max No dose adjustments required for the following: Glyburide 5 mg 500 mg AUC 0–24 hr reported 0.78 Ratio of arithmetic means, p-value of difference <0.05 0.63 Furosemide 40 mg 850 mg 0.87 0.69 Nifedipine 10 mg 850 mg 1.10 1.08 Propranolol 40 mg 850 mg 1.01 0.94 Ibuprofen 400 mg 850 mg 0.97 Ratio of arithmetic means.",Follow the management information in the FDA label and verify with prescribing clinician.,https://api.fda.gov/drug/label.json?search=id:95b8c81c-dfe3-4dd4-be06-8dd1d935f07e,"[clinical_pharmacology] In Vivo Assessment of Drug Interactions Table 9: Effect of Co-Administered Drugs on Systemic Exposures of Canagliflozin Co-Administered Drug Dose of Co-Administered Drug Single dose unless otherwise noted Dose of Canagliflozin Geometric Mean Ratio (Ratio With/Without Co-Administered Drug) No Effect = 1.0 AUC AUC inf for drugs given as a single dose and AUC 24h for drugs given as multiple doses (90% CI) C max (90% CI) QD = once daily; BID = twice daily See Drug Interactions (7) for the clinical relevance of the following: Rifampin 600 mg QD for 8 days 300 mg 0.49 (0.44; 0.54) 0.72 (0.61; 0.84) No dose adjustments of canagliflozin required for the following: Cyclosporine 400 mg 300 mg QD for 8 days 1.23 (1.19; 1.27) 1.01 (0.91; 1.11) Ethinyl estradiol and levonorgestrel 0.03 mg ethinyl estradiol and 0.15 mg levonorgestrel 200 mg QD for 6 days 0.91 (0.88; 0.94) 0.92 (0.84; 0.99) Hydrochlorothiazide 25 mg QD for 35 days 300 mg QD for 7 days 1.12 (1.08; 1.17) 1.15 (1.06; 1.25) Metformin HCl 2,000 mg 300 mg QD for 8 days 1.10 (1.05; 1.15) 1.05 (0.96; 1.16) Probenecid 500 mg BID for 3 days 300 mg QD for 17 days 1.21 (1.16; 1.25) 1.13 (1.00; 1.28) Table 10: Effect of Canagliflozin on Systemic Exposure of Co-Administered Drugs Co-Administered Drug Dose of Co-Administered Drug Single dose unless otherwise noted Dose of Canagliflozin Geometric Mean Ratio (Ratio With/Without Co-Administered Drug) No Effect = 1.0 AUC AUC inf for drugs given as a single dose and AUC 24h for drugs given as multiple doses (90% CI) C max (90% CI) QD = once daily; BID = twice daily; INR = International Normalized Ratio See Drug Interactions (7) for the clinical relevance of the following: Digoxin 0.5 mg QD first day followed by 0.25 mg QD for 6 days 300 mg QD for 7 days Digoxin 1.20 (1.12; 1.28) 1.36 (1.21; 1.53) No dose adjustments of co-administered drug required for the following: Acetaminophen 1,000 mg 300 mg BID for 25 days Acetaminophen 1.06 AUC 0–12h (0.98; 1.14) 1.00 (0.92; 1.09) Ethinyl estradiol and levonorgestrel 0.03 mg ethinyl estradiol and 0.15 mg levonorgestrel 200 mg QD for 6 days ethinyl estradiol 1.07 (0.99; 1.15) 1.22 (1.10; 1.35) Levonorgestrel 1.06 (1.00; 1.13) 1.22 (1.11; 1.35) Glyburide 1.25 mg 200 mg QD for 6 days Glyburide 1.02 (0.98; 1.07) 0.93 (0.85; 1.01) 3-cis-hydroxy-glyburide 1.01 (0.96; 1.07) 0.99 (0.91; 1.08) 4-trans-hydroxy-glyburide 1.03 (0.97; 1.09) 0.96 (0.88; 1.04) Hydrochlorothiazide 25 mg QD for 35 days 300 mg QD for 7 days Hydrochlorothiazide 0.99 (0.95; 1.04) 0.94 (0.87; 1.01) Metformin HCl 2,000 mg 300 mg QD for 8 days Metformin 1.20 (1.08; 1.34) 1.06 (0.93; 1.20) Simvastatin 40 mg 300 mg QD for 7 days Simvastatin 1.12 (0.94; 1.33) 1.09 (0.91; 1.31) simvastatin acid 1.18 (1.03; 1.35) 1.26 (1.10; 1.45) Warfarin 30 mg 300 mg QD for 12 days (R)-warfarin 1.01 (0.96; 1.06) 1.03 (0.94; 1.13) (S)-warfarin 1.06 (1.00; 1.12) 1.01 (0.90; 1.13) INR 1.00 (0.98; 1.03) 1.05 (0.99; 1.12) Metformin HCl Table 11: Effect of Co-Administered Drugs on Plasma Metformin Systemic Exposures Co-Administered Drug Dose of Co-Administered Drug Single dose unless otherwise noted Dose of Metformin HCl Geometric Mean Ratio (Ratio With/Without Co-Administered Drug) No Effect = 1.00 AUC AUC = AUC 0–∞ C max No dose adjustments required for the following: Glyburide 5 mg 500 mg Metformin HCl extended-release tablets 500 mg 0.98 Ratio of arithmetic means 0.99 Furosemide 40 mg 850 mg 1.09 1.22 Nifedipine 10 mg 850 mg 1.16 1.21 Propranolol 40 mg 850 mg 0.90 0.94 Ibuprofen 400 mg 850 mg 1.05 1.07 Drugs that are eliminated by renal tubular secretion increase the accumulation of metformin [see Warnings and Precautions (5) and Drug Interactions (7) ] Cimetidine 400 mg 850 mg 1.40 1.61 Carbonic anhydrase inhibitors may cause metabolic acidosis [see Warnings and Precautions (5) and Drug Interactions (7) ] Topiramate Healthy volunteer study at steady state with topiramate 100 mg every 12 hours and metformin 500 mg every 12 hours for 7 days. [clinical_pharmacology] 1.18 Table 12: Effect of Metformin HCl on Co-Administered Drug Systemic Exposures Co-Administered Drug Dose of Co-Administered Drug Single dose unless otherwise noted Dose of Metformin HCl Geometric Mean Ratio (Ratio With/Without Co-Administered Drug) No Effect = 1.00 AUC AUC = AUC 0–∞ C max No dose adjustments required for the following: Glyburide 5 mg 500 mg AUC 0–24 hr reported 0.78 Ratio of arithmetic means, p-value of difference <0.05 0.63 Furosemide 40 mg 850 mg 0.87 0.69 Nifedipine 10 mg 850 mg 1.10 1.08 Propranolol 40 mg 850 mg 1.01 0.94 Ibuprofen 400 mg 850 mg 0.97 Ratio of arithmetic means."
canagliflozin,simvastatin,Not stated in FDA label,"[clinical_pharmacology] In Vivo Assessment of Drug Interactions Table 9: Effect of Co-Administered Drugs on Systemic Exposures of Canagliflozin Co-Administered Drug Dose of Co-Administered Drug Single dose unless otherwise noted Dose of Canagliflozin Geometric Mean Ratio (Ratio With/Without Co-Administered Drug) No Effect = 1.0 AUC AUC inf for drugs given as a single dose and AUC 24h for drugs given as multiple doses (90% CI) C max (90% CI) QD = once daily; BID = twice daily See Drug Interactions (7) for the clinical relevance of the following: Rifampin 600 mg QD for 8 days 300 mg 0.49 (0.44; 0.54) 0.72 (0.61; 0.84) No dose adjustments of canagliflozin required for the following: Cyclosporine 400 mg 300 mg QD for 8 days 1.23 (1.19; 1.27) 1.01 (0.91; 1.11) Ethinyl estradiol and levonorgestrel 0.03 mg ethinyl estradiol and 0.15 mg levonorgestrel 200 mg QD for 6 days 0.91 (0.88; 0.94) 0.92 (0.84; 0.99) Hydrochlorothiazide 25 mg QD for 35 days 300 mg QD for 7 days 1.12 (1.08; 1.17) 1.15 (1.06; 1.25) Metformin HCl 2,000 mg 300 mg QD for 8 days 1.10 (1.05; 1.15) 1.05 (0.96; 1.16) Probenecid 500 mg BID for 3 days 300 mg QD for 17 days 1.21 (1.16; 1.25) 1.13 (1.00; 1.28) Table 10: Effect of Canagliflozin on Systemic Exposure of Co-Administered Drugs Co-Administered Drug Dose of Co-Administered Drug Single dose unless otherwise noted Dose of Canagliflozin Geometric Mean Ratio (Ratio With/Without Co-Administered Drug) No Effect = 1.0 AUC AUC inf for drugs given as a single dose and AUC 24h for drugs given as multiple doses (90% CI) C max (90% CI) QD = once daily; BID = twice daily; INR = International Normalized Ratio See Drug Interactions (7) for the clinical relevance of the following: Digoxin 0.5 mg QD first day followed by 0.25 mg QD for 6 days 300 mg QD for 7 days Digoxin 1.20 (1.12; 1.28) 1.36 (1.21; 1.53) No dose adjustments of co-administered drug required for the following: Acetaminophen 1,000 mg 300 mg BID for 25 days Acetaminophen 1.06 AUC 0–12h (0.98; 1.14) 1.00 (0.92; 1.09) Ethinyl estradiol and levonorgestrel 0.03 mg ethinyl estradiol and 0.15 mg levonorgestrel 200 mg QD for 6 days ethinyl estradiol 1.07 (0.99; 1.15) 1.22 (1.10; 1.35) Levonorgestrel 1.06 (1.00; 1.13) 1.22 (1.11; 1.35) Glyburide 1.25 mg 200 mg QD for 6 days Glyburide 1.02 (0.98; 1.07) 0.93 (0.85; 1.01) 3-cis-hydroxy-glyburide 1.01 (0.96; 1.07) 0.99 (0.91; 1.08) 4-trans-hydroxy-glyburide 1.03 (0.97; 1.09) 0.96 (0.88; 1.04) Hydrochlorothiazide 25 mg QD for 35 days 300 mg QD for 7 days Hydrochlorothiazide 0.99 (0.95; 1.04) 0.94 (0.87; 1.01) Metformin HCl 2,000 mg 300 mg QD for 8 days Metformin 1.20 (1.08; 1.34) 1.06 (0.93; 1.20) Simvastatin 40 mg 300 mg QD for 7 days Simvastatin 1.12 (0.94; 1.33) 1.09 (0.91; 1.31) simvastatin acid 1.18 (1.03; 1.35) 1.26 (1.10; 1.45) Warfarin 30 mg 300 mg QD for 12 days (R)-warfarin 1.01 (0.96; 1.06) 1.03 (0.94; 1.13) (S)-warfarin 1.06 (1.00; 1.12) 1.01 (0.90; 1.13) INR 1.00 (0.98; 1.03) 1.05 (0.99; 1.12) Metformin HCl Table 11: Effect of Co-Administered Drugs on Plasma Metformin Systemic Exposures Co-Administered Drug Dose of Co-Administered Drug Single dose unless otherwise noted Dose of Metformin HCl Geometric Mean Ratio (Ratio With/Without Co-Administered Drug) No Effect = 1.00 AUC AUC = AUC 0–∞ C max No dose adjustments required for the following: Glyburide 5 mg 500 mg Metformin HCl extended-release tablets 500 mg 0.98 Ratio of arithmetic means 0.99 Furosemide 40 mg 850 mg 1.09 1.22 Nifedipine 10 mg 850 mg 1.16 1.21 Propranolol 40 mg 850 mg 0.90 0.94 Ibuprofen 400 mg 850 mg 1.05 1.07 Drugs that are eliminated by renal tubular secretion increase the accumulation of metformin [see Warnings and Precautions (5) and Drug Interactions (7) ] Cimetidine 400 mg 850 mg 1.40 1.61 Carbonic anhydrase inhibitors may cause metabolic acidosis [see Warnings and Precautions (5) and Drug Interactions (7) ] Topiramate Healthy volunteer study at steady state with topiramate 100 mg every 12 hours and metformin 500 mg every 12 hours for 7 days.",Follow the management information in the FDA label and verify with prescribing clinician.,https://api.fda.gov/drug/label.json?search=id:95b8c81c-dfe3-4dd4-be06-8dd1d935f07e,"[clinical_pharmacology] In Vivo Assessment of Drug Interactions Table 9: Effect of Co-Administered Drugs on Systemic Exposures of Canagliflozin Co-Administered Drug Dose of Co-Administered Drug Single dose unless otherwise noted Dose of Canagliflozin Geometric Mean Ratio (Ratio With/Without Co-Administered Drug) No Effect = 1.0 AUC AUC inf for drugs given as a single dose and AUC 24h for drugs given as multiple doses (90% CI) C max (90% CI) QD = once daily; BID = twice daily See Drug Interactions (7) for the clinical relevance of the following: Rifampin 600 mg QD for 8 days 300 mg 0.49 (0.44; 0.54) 0.72 (0.61; 0.84) No dose adjustments of canagliflozin required for the following: Cyclosporine 400 mg 300 mg QD for 8 days 1.23 (1.19; 1.27) 1.01 (0.91; 1.11) Ethinyl estradiol and levonorgestrel 0.03 mg ethinyl estradiol and 0.15 mg levonorgestrel 200 mg QD for 6 days 0.91 (0.88; 0.94) 0.92 (0.84; 0.99) Hydrochlorothiazide 25 mg QD for 35 days 300 mg QD for 7 days 1.12 (1.08; 1.17) 1.15 (1.06; 1.25) Metformin HCl 2,000 mg 300 mg QD for 8 days 1.10 (1.05; 1.15) 1.05 (0.96; 1.16) Probenecid 500 mg BID for 3 days 300 mg QD for 17 days 1.21 (1.16; 1.25) 1.13 (1.00; 1.28) Table 10: Effect of Canagliflozin on Systemic Exposure of Co-Administered Drugs Co-Administered Drug Dose of Co-Administered Drug Single dose unless otherwise noted Dose of Canagliflozin Geometric Mean Ratio (Ratio With/Without Co-Administered Drug) No Effect = 1.0 AUC AUC inf for drugs given as a single dose and AUC 24h for drugs given as multiple doses (90% CI) C max (90% CI) QD = once daily; BID = twice daily; INR = International Normalized Ratio See Drug Interactions (7) for the clinical relevance of the following: Digoxin 0.5 mg QD first day followed by 0.25 mg QD for 6 days 300 mg QD for 7 days Digoxin 1.20 (1.12; 1.28) 1.36 (1.21; 1.53) No dose adjustments of co-administered drug required for the following: Acetaminophen 1,000 mg 300 mg BID for 25 days Acetaminophen 1.06 AUC 0–12h (0.98; 1.14) 1.00 (0.92; 1.09) Ethinyl estradiol and levonorgestrel 0.03 mg ethinyl estradiol and 0.15 mg levonorgestrel 200 mg QD for 6 days ethinyl estradiol 1.07 (0.99; 1.15) 1.22 (1.10; 1.35) Levonorgestrel 1.06 (1.00; 1.13) 1.22 (1.11; 1.35) Glyburide 1.25 mg 200 mg QD for 6 days Glyburide 1.02 (0.98; 1.07) 0.93 (0.85; 1.01) 3-cis-hydroxy-glyburide 1.01 (0.96; 1.07) 0.99 (0.91; 1.08) 4-trans-hydroxy-glyburide 1.03 (0.97; 1.09) 0.96 (0.88; 1.04) Hydrochlorothiazide 25 mg QD for 35 days 300 mg QD for 7 days Hydrochlorothiazide 0.99 (0.95; 1.04) 0.94 (0.87; 1.01) Metformin HCl 2,000 mg 300 mg QD for 8 days Metformin 1.20 (1.08; 1.34) 1.06 (0.93; 1.20) Simvastatin 40 mg 300 mg QD for 7 days Simvastatin 1.12 (0.94; 1.33) 1.09 (0.91; 1.31) simvastatin acid 1.18 (1.03; 1.35) 1.26 (1.10; 1.45) Warfarin 30 mg 300 mg QD for 12 days (R)-warfarin 1.01 (0.96; 1.06) 1.03 (0.94; 1.13) (S)-warfarin 1.06 (1.00; 1.12) 1.01 (0.90; 1.13) INR 1.00 (0.98; 1.03) 1.05 (0.99; 1.12) Metformin HCl Table 11: Effect of Co-Administered Drugs on Plasma Metformin Systemic Exposures Co-Administered Drug Dose of Co-Administered Drug Single dose unless otherwise noted Dose of Metformin HCl Geometric Mean Ratio (Ratio With/Without Co-Administered Drug) No Effect = 1.00 AUC AUC = AUC 0–∞ C max No dose adjustments required for the following: Glyburide 5 mg 500 mg Metformin HCl extended-release tablets 500 mg 0.98 Ratio of arithmetic means 0.99 Furosemide 40 mg 850 mg 1.09 1.22 Nifedipine 10 mg 850 mg 1.16 1.21 Propranolol 40 mg 850 mg 0.90 0.94 Ibuprofen 400 mg 850 mg 1.05 1.07 Drugs that are eliminated by renal tubular secretion increase the accumulation of metformin [see Warnings and Precautions (5) and Drug Interactions (7) ] Cimetidine 400 mg 850 mg 1.40 1.61 Carbonic anhydrase inhibitors may cause metabolic acidosis [see Warnings and Precautions (5) and Drug Interactions (7) ] Topiramate Healthy volunteer study at steady state with topiramate 100 mg every 12 hours and metformin 500 mg every 12 hours for 7 days."
canagliflozin,ibuprofen,Not stated in FDA label,"[clinical_pharmacology] In Vivo Assessment of Drug Interactions Table 9: Effect of Co-Administered Drugs on Systemic Exposures of Canagliflozin Co-Administered Drug Dose of Co-Administered Drug Single dose unless otherwise noted Dose of Canagliflozin Geometric Mean Ratio (Ratio With/Without Co-Administered Drug) No Effect = 1.0 AUC AUC inf for drugs given as a single dose and AUC 24h for drugs given as multiple doses (90% CI) C max (90% CI) QD = once daily; BID = twice daily See Drug Interactions (7) for the clinical relevance of the following: Rifampin 600 mg QD for 8 days 300 mg 0.49 (0.44; 0.54) 0.72 (0.61; 0.84) No dose adjustments of canagliflozin required for the following: Cyclosporine 400 mg 300 mg QD for 8 days 1.23 (1.19; 1.27) 1.01 (0.91; 1.11) Ethinyl estradiol and levonorgestrel 0.03 mg ethinyl estradiol and 0.15 mg levonorgestrel 200 mg QD for 6 days 0.91 (0.88; 0.94) 0.92 (0.84; 0.99) Hydrochlorothiazide 25 mg QD for 35 days 300 mg QD for 7 days 1.12 (1.08; 1.17) 1.15 (1.06; 1.25) Metformin HCl 2,000 mg 300 mg QD for 8 days 1.10 (1.05; 1.15) 1.05 (0.96; 1.16) Probenecid 500 mg BID for 3 days 300 mg QD for 17 days 1.21 (1.16; 1.25) 1.13 (1.00; 1.28) Table 10: Effect of Canagliflozin on Systemic Exposure of Co-Administered Drugs Co-Administered Drug Dose of Co-Administered Drug Single dose unless otherwise noted Dose of Canagliflozin Geometric Mean Ratio (Ratio With/Without Co-Administered Drug) No Effect = 1.0 AUC AUC inf for drugs given as a single dose and AUC 24h for drugs given as multiple doses (90% CI) C max (90% CI) QD = once daily; BID = twice daily; INR = International Normalized Ratio See Drug Interactions (7) for the clinical relevance of the following: Digoxin 0.5 mg QD first day followed by 0.25 mg QD for 6 days 300 mg QD for 7 days Digoxin 1.20 (1.12; 1.28) 1.36 (1.21; 1.53) No dose adjustments of co-administered drug required for the following: Acetaminophen 1,000 mg 300 mg BID for 25 days Acetaminophen 1.06 AUC 0–12h (0.98; 1.14) 1.00 (0.92; 1.09) Ethinyl estradiol and levonorgestrel 0.03 mg ethinyl estradiol and 0.15 mg levonorgestrel 200 mg QD for 6 days ethinyl estradiol 1.07 (0.99; 1.15) 1.22 (1.10; 1.35) Levonorgestrel 1.06 (1.00; 1.13) 1.22 (1.11; 1.35) Glyburide 1.25 mg 200 mg QD for 6 days Glyburide 1.02 (0.98; 1.07) 0.93 (0.85; 1.01) 3-cis-hydroxy-glyburide 1.01 (0.96; 1.07) 0.99 (0.91; 1.08) 4-trans-hydroxy-glyburide 1.03 (0.97; 1.09) 0.96 (0.88; 1.04) Hydrochlorothiazide 25 mg QD for 35 days 300 mg QD for 7 days Hydrochlorothiazide 0.99 (0.95; 1.04) 0.94 (0.87; 1.01) Metformin HCl 2,000 mg 300 mg QD for 8 days Metformin 1.20 (1.08; 1.34) 1.06 (0.93; 1.20) Simvastatin 40 mg 300 mg QD for 7 days Simvastatin 1.12 (0.94; 1.33) 1.09 (0.91; 1.31) simvastatin acid 1.18 (1.03; 1.35) 1.26 (1.10; 1.45) Warfarin 30 mg 300 mg QD for 12 days (R)-warfarin 1.01 (0.96; 1.06) 1.03 (0.94; 1.13) (S)-warfarin 1.06 (1.00; 1.12) 1.01 (0.90; 1.13) INR 1.00 (0.98; 1.03) 1.05 (0.99; 1.12) Metformin HCl Table 11: Effect of Co-Administered Drugs on Plasma Metformin Systemic Exposures Co-Administered Drug Dose of Co-Administered Drug Single dose unless otherwise noted Dose of Metformin HCl Geometric Mean Ratio (Ratio With/Without Co-Administered Drug) No Effect = 1.00 AUC AUC = AUC 0–∞ C max No dose adjustments required for the following: Glyburide 5 mg 500 mg Metformin HCl extended-release tablets 500 mg 0.98 Ratio of arithmetic means 0.99 Furosemide 40 mg 850 mg 1.09 1.22 Nifedipine 10 mg 850 mg 1.16 1.21 Propranolol 40 mg 850 mg 0.90 0.94 Ibuprofen 400 mg 850 mg 1.05 1.07 Drugs that are eliminated by renal tubular secretion increase the accumulation of metformin [see Warnings and Precautions (5) and Drug Interactions (7) ] Cimetidine 400 mg 850 mg 1.40 1.61 Carbonic anhydrase inhibitors may cause metabolic acidosis [see Warnings and Precautions (5) and Drug Interactions (7) ] Topiramate Healthy volunteer study at steady state with topiramate 100 mg every 12 hours and metformin 500 mg every 12 hours for 7 days. [clinical_pharmacology] 1.18 Table 12: Effect of Metformin HCl on Co-Administered Drug Systemic Exposures Co-Administered Drug Dose of Co-Administered Drug Single dose unless otherwise noted Dose of Metformin HCl Geometric Mean Ratio (Ratio With/Without Co-Administered Drug) No Effect = 1.00 AUC AUC = AUC 0–∞ C max No dose adjustments required for the following: Glyburide 5 mg 500 mg AUC 0–24 hr reported 0.78 Ratio of arithmetic means, p-value of difference <0.05 0.63 Furosemide 40 mg 850 mg 0.87 0.69 Nifedipine 10 mg 850 mg 1.10 1.08 Propranolol 40 mg 850 mg 1.01 0.94 Ibuprofen 400 mg 850 mg 0.97 Ratio of arithmetic means.",Follow the management information in the FDA label and verify with prescribing clinician.,https://api.fda.gov/drug/label.json?search=id:95b8c81c-dfe3-4dd4-be06-8dd1d935f07e,"[clinical_pharmacology] In Vivo Assessment of Drug Interactions Table 9: Effect of Co-Administered Drugs on Systemic Exposures of Canagliflozin Co-Administered Drug Dose of Co-Administered Drug Single dose unless otherwise noted Dose of Canagliflozin Geometric Mean Ratio (Ratio With/Without Co-Administered Drug) No Effect = 1.0 AUC AUC inf for drugs given as a single dose and AUC 24h for drugs given as multiple doses (90% CI) C max (90% CI) QD = once daily; BID = twice daily See Drug Interactions (7) for the clinical relevance of the following: Rifampin 600 mg QD for 8 days 300 mg 0.49 (0.44; 0.54) 0.72 (0.61; 0.84) No dose adjustments of canagliflozin required for the following: Cyclosporine 400 mg 300 mg QD for 8 days 1.23 (1.19; 1.27) 1.01 (0.91; 1.11) Ethinyl estradiol and levonorgestrel 0.03 mg ethinyl estradiol and 0.15 mg levonorgestrel 200 mg QD for 6 days 0.91 (0.88; 0.94) 0.92 (0.84; 0.99) Hydrochlorothiazide 25 mg QD for 35 days 300 mg QD for 7 days 1.12 (1.08; 1.17) 1.15 (1.06; 1.25) Metformin HCl 2,000 mg 300 mg QD for 8 days 1.10 (1.05; 1.15) 1.05 (0.96; 1.16) Probenecid 500 mg BID for 3 days 300 mg QD for 17 days 1.21 (1.16; 1.25) 1.13 (1.00; 1.28) Table 10: Effect of Canagliflozin on Systemic Exposure of Co-Administered Drugs Co-Administered Drug Dose of Co-Administered Drug Single dose unless otherwise noted Dose of Canagliflozin Geometric Mean Ratio (Ratio With/Without Co-Administered Drug) No Effect = 1.0 AUC AUC inf for drugs given as a single dose and AUC 24h for drugs given as multiple doses (90% CI) C max (90% CI) QD = once daily; BID = twice daily; INR = International Normalized Ratio See Drug Interactions (7) for the clinical relevance of the following: Digoxin 0.5 mg QD first day followed by 0.25 mg QD for 6 days 300 mg QD for 7 days Digoxin 1.20 (1.12; 1.28) 1.36 (1.21; 1.53) No dose adjustments of co-administered drug required for the following: Acetaminophen 1,000 mg 300 mg BID for 25 days Acetaminophen 1.06 AUC 0–12h (0.98; 1.14) 1.00 (0.92; 1.09) Ethinyl estradiol and levonorgestrel 0.03 mg ethinyl estradiol and 0.15 mg levonorgestrel 200 mg QD for 6 days ethinyl estradiol 1.07 (0.99; 1.15) 1.22 (1.10; 1.35) Levonorgestrel 1.06 (1.00; 1.13) 1.22 (1.11; 1.35) Glyburide 1.25 mg 200 mg QD for 6 days Glyburide 1.02 (0.98; 1.07) 0.93 (0.85; 1.01) 3-cis-hydroxy-glyburide 1.01 (0.96; 1.07) 0.99 (0.91; 1.08) 4-trans-hydroxy-glyburide 1.03 (0.97; 1.09) 0.96 (0.88; 1.04) Hydrochlorothiazide 25 mg QD for 35 days 300 mg QD for 7 days Hydrochlorothiazide 0.99 (0.95; 1.04) 0.94 (0.87; 1.01) Metformin HCl 2,000 mg 300 mg QD for 8 days Metformin 1.20 (1.08; 1.34) 1.06 (0.93; 1.20) Simvastatin 40 mg 300 mg QD for 7 days Simvastatin 1.12 (0.94; 1.33) 1.09 (0.91; 1.31) simvastatin acid 1.18 (1.03; 1.35) 1.26 (1.10; 1.45) Warfarin 30 mg 300 mg QD for 12 days (R)-warfarin 1.01 (0.96; 1.06) 1.03 (0.94; 1.13) (S)-warfarin 1.06 (1.00; 1.12) 1.01 (0.90; 1.13) INR 1.00 (0.98; 1.03) 1.05 (0.99; 1.12) Metformin HCl Table 11: Effect of Co-Administered Drugs on Plasma Metformin Systemic Exposures Co-Administered Drug Dose of Co-Administered Drug Single dose unless otherwise noted Dose of Metformin HCl Geometric Mean Ratio (Ratio With/Without Co-Administered Drug) No Effect = 1.00 AUC AUC = AUC 0–∞ C max No dose adjustments required for the following: Glyburide 5 mg 500 mg Metformin HCl extended-release tablets 500 mg 0.98 Ratio of arithmetic means 0.99 Furosemide 40 mg 850 mg 1.09 1.22 Nifedipine 10 mg 850 mg 1.16 1.21 Propranolol 40 mg 850 mg 0.90 0.94 Ibuprofen 400 mg 850 mg 1.05 1.07 Drugs that are eliminated by renal tubular secretion increase the accumulation of metformin [see Warnings and Precautions (5) and Drug Interactions (7) ] Cimetidine 400 mg 850 mg 1.40 1.61 Carbonic anhydrase inhibitors may cause metabolic acidosis [see Warnings and Precautions (5) and Drug Interactions (7) ] Topiramate Healthy volunteer study at steady state with topiramate 100 mg every 12 hours and metformin 500 mg every 12 hours for 7 days. [clinical_pharmacology] 1.18 Table 12: Effect of Metformin HCl on Co-Administered Drug Systemic Exposures Co-Administered Drug Dose of Co-Administered Drug Single dose unless otherwise noted Dose of Metformin HCl Geometric Mean Ratio (Ratio With/Without Co-Administered Drug) No Effect = 1.00 AUC AUC = AUC 0–∞ C max No dose adjustments required for the following: Glyburide 5 mg 500 mg AUC 0–24 hr reported 0.78 Ratio of arithmetic means, p-value of difference <0.05 0.63 Furosemide 40 mg 850 mg 0.87 0.69 Nifedipine 10 mg 850 mg 1.10 1.08 Propranolol 40 mg 850 mg 1.01 0.94 Ibuprofen 400 mg 850 mg 0.97 Ratio of arithmetic means."
canagliflozin,warfarin,Not stated in FDA label,"[clinical_pharmacology] In Vivo Assessment of Drug Interactions Table 9: Effect of Co-Administered Drugs on Systemic Exposures of Canagliflozin Co-Administered Drug Dose of Co-Administered Drug Single dose unless otherwise noted Dose of Canagliflozin Geometric Mean Ratio (Ratio With/Without Co-Administered Drug) No Effect = 1.0 AUC AUC inf for drugs given as a single dose and AUC 24h for drugs given as multiple doses (90% CI) C max (90% CI) QD = once daily; BID = twice daily See Drug Interactions (7) for the clinical relevance of the following: Rifampin 600 mg QD for 8 days 300 mg 0.49 (0.44; 0.54) 0.72 (0.61; 0.84) No dose adjustments of canagliflozin required for the following: Cyclosporine 400 mg 300 mg QD for 8 days 1.23 (1.19; 1.27) 1.01 (0.91; 1.11) Ethinyl estradiol and levonorgestrel 0.03 mg ethinyl estradiol and 0.15 mg levonorgestrel 200 mg QD for 6 days 0.91 (0.88; 0.94) 0.92 (0.84; 0.99) Hydrochlorothiazide 25 mg QD for 35 days 300 mg QD for 7 days 1.12 (1.08; 1.17) 1.15 (1.06; 1.25) Metformin HCl 2,000 mg 300 mg QD for 8 days 1.10 (1.05; 1.15) 1.05 (0.96; 1.16) Probenecid 500 mg BID for 3 days 300 mg QD for 17 days 1.21 (1.16; 1.25) 1.13 (1.00; 1.28) Table 10: Effect of Canagliflozin on Systemic Exposure of Co-Administered Drugs Co-Administered Drug Dose of Co-Administered Drug Single dose unless otherwise noted Dose of Canagliflozin Geometric Mean Ratio (Ratio With/Without Co-Administered Drug) No Effect = 1.0 AUC AUC inf for drugs given as a single dose and AUC 24h for drugs given as multiple doses (90% CI) C max (90% CI) QD = once daily; BID = twice daily; INR = International Normalized Ratio See Drug Interactions (7) for the clinical relevance of the following: Digoxin 0.5 mg QD first day followed by 0.25 mg QD for 6 days 300 mg QD for 7 days Digoxin 1.20 (1.12; 1.28) 1.36 (1.21; 1.53) No dose adjustments of co-administered drug required for the following: Acetaminophen 1,000 mg 300 mg BID for 25 days Acetaminophen 1.06 AUC 0–12h (0.98; 1.14) 1.00 (0.92; 1.09) Ethinyl estradiol and levonorgestrel 0.03 mg ethinyl estradiol and 0.15 mg levonorgestrel 200 mg QD for 6 days ethinyl estradiol 1.07 (0.99; 1.15) 1.22 (1.10; 1.35) Levonorgestrel 1.06 (1.00; 1.13) 1.22 (1.11; 1.35) Glyburide 1.25 mg 200 mg QD for 6 days Glyburide 1.02 (0.98; 1.07) 0.93 (0.85; 1.01) 3-cis-hydroxy-glyburide 1.01 (0.96; 1.07) 0.99 (0.91; 1.08) 4-trans-hydroxy-glyburide 1.03 (0.97; 1.09) 0.96 (0.88; 1.04) Hydrochlorothiazide 25 mg QD for 35 days 300 mg QD for 7 days Hydrochlorothiazide 0.99 (0.95; 1.04) 0.94 (0.87; 1.01) Metformin HCl 2,000 mg 300 mg QD for 8 days Metformin 1.20 (1.08; 1.34) 1.06 (0.93; 1.20) Simvastatin 40 mg 300 mg QD for 7 days Simvastatin 1.12 (0.94; 1.33) 1.09 (0.91; 1.31) simvastatin acid 1.18 (1.03; 1.35) 1.26 (1.10; 1.45) Warfarin 30 mg 300 mg QD for 12 days (R)-warfarin 1.01 (0.96; 1.06) 1.03 (0.94; 1.13) (S)-warfarin 1.06 (1.00; 1.12) 1.01 (0.90; 1.13) INR 1.00 (0.98; 1.03) 1.05 (0.99; 1.12) Metformin HCl Table 11: Effect of Co-Administered Drugs on Plasma Metformin Systemic Exposures Co-Administered Drug Dose of Co-Administered Drug Single dose unless otherwise noted Dose of Metformin HCl Geometric Mean Ratio (Ratio With/Without Co-Administered Drug) No Effect = 1.00 AUC AUC = AUC 0–∞ C max No dose adjustments required for the following: Glyburide 5 mg 500 mg Metformin HCl extended-release tablets 500 mg 0.98 Ratio of arithmetic means 0.99 Furosemide 40 mg 850 mg 1.09 1.22 Nifedipine 10 mg 850 mg 1.16 1.21 Propranolol 40 mg 850 mg 0.90 0.94 Ibuprofen 400 mg 850 mg 1.05 1.07 Drugs that are eliminated by renal tubular secretion increase the accumulation of metformin [see Warnings and Precautions (5) and Drug Interactions (7) ] Cimetidine 400 mg 850 mg 1.40 1.61 Carbonic anhydrase inhibitors may cause metabolic acidosis [see Warnings and Precautions (5) and Drug Interactions (7) ] Topiramate Healthy volunteer study at steady state with topiramate 100 mg every 12 hours and metformin 500 mg every 12 hours for 7 days.",Follow the management information in the FDA label and verify with prescribing clinician.,https://api.fda.gov/drug/label.json?search=id:95b8c81c-dfe3-4dd4-be06-8dd1d935f07e,"[clinical_pharmacology] In Vivo Assessment of Drug Interactions Table 9: Effect of Co-Administered Drugs on Systemic Exposures of Canagliflozin Co-Administered Drug Dose of Co-Administered Drug Single dose unless otherwise noted Dose of Canagliflozin Geometric Mean Ratio (Ratio With/Without Co-Administered Drug) No Effect = 1.0 AUC AUC inf for drugs given as a single dose and AUC 24h for drugs given as multiple doses (90% CI) C max (90% CI) QD = once daily; BID = twice daily See Drug Interactions (7) for the clinical relevance of the following: Rifampin 600 mg QD for 8 days 300 mg 0.49 (0.44; 0.54) 0.72 (0.61; 0.84) No dose adjustments of canagliflozin required for the following: Cyclosporine 400 mg 300 mg QD for 8 days 1.23 (1.19; 1.27) 1.01 (0.91; 1.11) Ethinyl estradiol and levonorgestrel 0.03 mg ethinyl estradiol and 0.15 mg levonorgestrel 200 mg QD for 6 days 0.91 (0.88; 0.94) 0.92 (0.84; 0.99) Hydrochlorothiazide 25 mg QD for 35 days 300 mg QD for 7 days 1.12 (1.08; 1.17) 1.15 (1.06; 1.25) Metformin HCl 2,000 mg 300 mg QD for 8 days 1.10 (1.05; 1.15) 1.05 (0.96; 1.16) Probenecid 500 mg BID for 3 days 300 mg QD for 17 days 1.21 (1.16; 1.25) 1.13 (1.00; 1.28) Table 10: Effect of Canagliflozin on Systemic Exposure of Co-Administered Drugs Co-Administered Drug Dose of Co-Administered Drug Single dose unless otherwise noted Dose of Canagliflozin Geometric Mean Ratio (Ratio With/Without Co-Administered Drug) No Effect = 1.0 AUC AUC inf for drugs given as a single dose and AUC 24h for drugs given as multiple doses (90% CI) C max (90% CI) QD = once daily; BID = twice daily; INR = International Normalized Ratio See Drug Interactions (7) for the clinical relevance of the following: Digoxin 0.5 mg QD first day followed by 0.25 mg QD for 6 days 300 mg QD for 7 days Digoxin 1.20 (1.12; 1.28) 1.36 (1.21; 1.53) No dose adjustments of co-administered drug required for the following: Acetaminophen 1,000 mg 300 mg BID for 25 days Acetaminophen 1.06 AUC 0–12h (0.98; 1.14) 1.00 (0.92; 1.09) Ethinyl estradiol and levonorgestrel 0.03 mg ethinyl estradiol and 0.15 mg levonorgestrel 200 mg QD for 6 days ethinyl estradiol 1.07 (0.99; 1.15) 1.22 (1.10; 1.35) Levonorgestrel 1.06 (1.00; 1.13) 1.22 (1.11; 1.35) Glyburide 1.25 mg 200 mg QD for 6 days Glyburide 1.02 (0.98; 1.07) 0.93 (0.85; 1.01) 3-cis-hydroxy-glyburide 1.01 (0.96; 1.07) 0.99 (0.91; 1.08) 4-trans-hydroxy-glyburide 1.03 (0.97; 1.09) 0.96 (0.88; 1.04) Hydrochlorothiazide 25 mg QD for 35 days 300 mg QD for 7 days Hydrochlorothiazide 0.99 (0.95; 1.04) 0.94 (0.87; 1.01) Metformin HCl 2,000 mg 300 mg QD for 8 days Metformin 1.20 (1.08; 1.34) 1.06 (0.93; 1.20) Simvastatin 40 mg 300 mg QD for 7 days Simvastatin 1.12 (0.94; 1.33) 1.09 (0.91; 1.31) simvastatin acid 1.18 (1.03; 1.35) 1.26 (1.10; 1.45) Warfarin 30 mg 300 mg QD for 12 days (R)-warfarin 1.01 (0.96; 1.06) 1.03 (0.94; 1.13) (S)-warfarin 1.06 (1.00; 1.12) 1.01 (0.90; 1.13) INR 1.00 (0.98; 1.03) 1.05 (0.99; 1.12) Metformin HCl Table 11: Effect of Co-Administered Drugs on Plasma Metformin Systemic Exposures Co-Administered Drug Dose of Co-Administered Drug Single dose unless otherwise noted Dose of Metformin HCl Geometric Mean Ratio (Ratio With/Without Co-Administered Drug) No Effect = 1.00 AUC AUC = AUC 0–∞ C max No dose adjustments required for the following: Glyburide 5 mg 500 mg Metformin HCl extended-release tablets 500 mg 0.98 Ratio of arithmetic means 0.99 Furosemide 40 mg 850 mg 1.09 1.22 Nifedipine 10 mg 850 mg 1.16 1.21 Propranolol 40 mg 850 mg 0.90 0.94 Ibuprofen 400 mg 850 mg 1.05 1.07 Drugs that are eliminated by renal tubular secretion increase the accumulation of metformin [see Warnings and Precautions (5) and Drug Interactions (7) ] Cimetidine 400 mg 850 mg 1.40 1.61 Carbonic anhydrase inhibitors may cause metabolic acidosis [see Warnings and Precautions (5) and Drug Interactions (7) ] Topiramate Healthy volunteer study at steady state with topiramate 100 mg every 12 hours and metformin 500 mg every 12 hours for 7 days."
canagliflozin,digoxin,Not stated in FDA label,"[drug_interactions] Intervention: Monitor patients taking INVOKAMET or INVOKAMET XR with concomitant digoxin for a need to adjust the dosage of digoxin. [clinical_pharmacology] In Vivo Assessment of Drug Interactions Table 9: Effect of Co-Administered Drugs on Systemic Exposures of Canagliflozin Co-Administered Drug Dose of Co-Administered Drug Single dose unless otherwise noted Dose of Canagliflozin Geometric Mean Ratio (Ratio With/Without Co-Administered Drug) No Effect = 1.0 AUC AUC inf for drugs given as a single dose and AUC 24h for drugs given as multiple doses (90% CI) C max (90% CI) QD = once daily; BID = twice daily See Drug Interactions (7) for the clinical relevance of the following: Rifampin 600 mg QD for 8 days 300 mg 0.49 (0.44; 0.54) 0.72 (0.61; 0.84) No dose adjustments of canagliflozin required for the following: Cyclosporine 400 mg 300 mg QD for 8 days 1.23 (1.19; 1.27) 1.01 (0.91; 1.11) Ethinyl estradiol and levonorgestrel 0.03 mg ethinyl estradiol and 0.15 mg levonorgestrel 200 mg QD for 6 days 0.91 (0.88; 0.94) 0.92 (0.84; 0.99) Hydrochlorothiazide 25 mg QD for 35 days 300 mg QD for 7 days 1.12 (1.08; 1.17) 1.15 (1.06; 1.25) Metformin HCl 2,000 mg 300 mg QD for 8 days 1.10 (1.05; 1.15) 1.05 (0.96; 1.16) Probenecid 500 mg BID for 3 days 300 mg QD for 17 days 1.21 (1.16; 1.25) 1.13 (1.00; 1.28) Table 10: Effect of Canagliflozin on Systemic Exposure of Co-Administered Drugs Co-Administered Drug Dose of Co-Administered Drug Single dose unless otherwise noted Dose of Canagliflozin Geometric Mean Ratio (Ratio With/Without Co-Administered Drug) No Effect = 1.0 AUC AUC inf for drugs given as a single dose and AUC 24h for drugs given as multiple doses (90% CI) C max (90% CI) QD = once daily; BID = twice daily; INR = International Normalized Ratio See Drug Interactions (7) for the clinical relevance of the following: Digoxin 0.5 mg QD first day followed by 0.25 mg QD for 6 days 300 mg QD for 7 days Digoxin 1.20 (1.12; 1.28) 1.36 (1.21; 1.53) No dose adjustments of co-administered drug required for the following: Acetaminophen 1,000 mg 300 mg BID for 25 days Acetaminophen 1.06 AUC 0–12h (0.98; 1.14) 1.00 (0.92; 1.09) Ethinyl estradiol and levonorgestrel 0.03 mg ethinyl estradiol and 0.15 mg levonorgestrel 200 mg QD for 6 days ethinyl estradiol 1.07 (0.99; 1.15) 1.22 (1.10; 1.35) Levonorgestrel 1.06 (1.00; 1.13) 1.22 (1.11; 1.35) Glyburide 1.25 mg 200 mg QD for 6 days Glyburide 1.02 (0.98; 1.07) 0.93 (0.85; 1.01) 3-cis-hydroxy-glyburide 1.01 (0.96; 1.07) 0.99 (0.91; 1.08) 4-trans-hydroxy-glyburide 1.03 (0.97; 1.09) 0.96 (0.88; 1.04) Hydrochlorothiazide 25 mg QD for 35 days 300 mg QD for 7 days Hydrochlorothiazide 0.99 (0.95; 1.04) 0.94 (0.87; 1.01) Metformin HCl 2,000 mg 300 mg QD for 8 days Metformin 1.20 (1.08; 1.34) 1.06 (0.93; 1.20) Simvastatin 40 mg 300 mg QD for 7 days Simvastatin 1.12 (0.94; 1.33) 1.09 (0.91; 1.31) simvastatin acid 1.18 (1.03; 1.35) 1.26 (1.10; 1.45) Warfarin 30 mg 300 mg QD for 12 days (R)-warfarin 1.01 (0.96; 1.06) 1.03 (0.94; 1.13) (S)-warfarin 1.06 (1.00; 1.12) 1.01 (0.90; 1.13) INR 1.00 (0.98; 1.03) 1.05 (0.99; 1.12) Metformin HCl Table 11: Effect of Co-Administered Drugs on Plasma Metformin Systemic Exposures Co-Administered Drug Dose of Co-Administered Drug Single dose unless otherwise noted Dose of Metformin HCl Geometric Mean Ratio (Ratio With/Without Co-Administered Drug) No Effect = 1.00 AUC AUC = AUC 0–∞ C max No dose adjustments required for the following: Glyburide 5 mg 500 mg Metformin HCl extended-release tablets 500 mg 0.98 Ratio of arithmetic means 0.99 Furosemide 40 mg 850 mg 1.09 1.22 Nifedipine 10 mg 850 mg 1.16 1.21 Propranolol 40 mg 850 mg 0.90 0.94 Ibuprofen 400 mg 850 mg 1.05 1.07 Drugs that are eliminated by renal tubular secretion increase the accumulation of metformin [see Warnings and Precautions (5) and Drug Interactions (7) ] Cimetidine 400 mg 850 mg 1.40 1.61 Carbonic anhydrase inhibitors may cause metabolic acidosis [see Warnings and Precautions (5) and Drug Interactions (7) ] Topiramate Healthy volunteer study at steady state with topiramate 100 mg every 12 hours and metformin 500 mg every 12 hours for 7 days.",Follow the management information in the FDA label and verify with prescribing clinician.,https://api.fda.gov/drug/label.json?search=id:95b8c81c-dfe3-4dd4-be06-8dd1d935f07e,"[drug_interactions] Intervention: Monitor patients taking INVOKAMET or INVOKAMET XR with concomitant digoxin for a need to adjust the dosage of digoxin. [clinical_pharmacology] In Vivo Assessment of Drug Interactions Table 9: Effect of Co-Administered Drugs on Systemic Exposures of Canagliflozin Co-Administered Drug Dose of Co-Administered Drug Single dose unless otherwise noted Dose of Canagliflozin Geometric Mean Ratio (Ratio With/Without Co-Administered Drug) No Effect = 1.0 AUC AUC inf for drugs given as a single dose and AUC 24h for drugs given as multiple doses (90% CI) C max (90% CI) QD = once daily; BID = twice daily See Drug Interactions (7) for the clinical relevance of the following: Rifampin 600 mg QD for 8 days 300 mg 0.49 (0.44; 0.54) 0.72 (0.61; 0.84) No dose adjustments of canagliflozin required for the following: Cyclosporine 400 mg 300 mg QD for 8 days 1.23 (1.19; 1.27) 1.01 (0.91; 1.11) Ethinyl estradiol and levonorgestrel 0.03 mg ethinyl estradiol and 0.15 mg levonorgestrel 200 mg QD for 6 days 0.91 (0.88; 0.94) 0.92 (0.84; 0.99) Hydrochlorothiazide 25 mg QD for 35 days 300 mg QD for 7 days 1.12 (1.08; 1.17) 1.15 (1.06; 1.25) Metformin HCl 2,000 mg 300 mg QD for 8 days 1.10 (1.05; 1.15) 1.05 (0.96; 1.16) Probenecid 500 mg BID for 3 days 300 mg QD for 17 days 1.21 (1.16; 1.25) 1.13 (1.00; 1.28) Table 10: Effect of Canagliflozin on Systemic Exposure of Co-Administered Drugs Co-Administered Drug Dose of Co-Administered Drug Single dose unless otherwise noted Dose of Canagliflozin Geometric Mean Ratio (Ratio With/Without Co-Administered Drug) No Effect = 1.0 AUC AUC inf for drugs given as a single dose and AUC 24h for drugs given as multiple doses (90% CI) C max (90% CI) QD = once daily; BID = twice daily; INR = International Normalized Ratio See Drug Interactions (7) for the clinical relevance of the following: Digoxin 0.5 mg QD first day followed by 0.25 mg QD for 6 days 300 mg QD for 7 days Digoxin 1.20 (1.12; 1.28) 1.36 (1.21; 1.53) No dose adjustments of co-administered drug required for the following: Acetaminophen 1,000 mg 300 mg BID for 25 days Acetaminophen 1.06 AUC 0–12h (0.98; 1.14) 1.00 (0.92; 1.09) Ethinyl estradiol and levonorgestrel 0.03 mg ethinyl estradiol and 0.15 mg levonorgestrel 200 mg QD for 6 days ethinyl estradiol 1.07 (0.99; 1.15) 1.22 (1.10; 1.35) Levonorgestrel 1.06 (1.00; 1.13) 1.22 (1.11; 1.35) Glyburide 1.25 mg 200 mg QD for 6 days Glyburide 1.02 (0.98; 1.07) 0.93 (0.85; 1.01) 3-cis-hydroxy-glyburide 1.01 (0.96; 1.07) 0.99 (0.91; 1.08) 4-trans-hydroxy-glyburide 1.03 (0.97; 1.09) 0.96 (0.88; 1.04) Hydrochlorothiazide 25 mg QD for 35 days 300 mg QD for 7 days Hydrochlorothiazide 0.99 (0.95; 1.04) 0.94 (0.87; 1.01) Metformin HCl 2,000 mg 300 mg QD for 8 days Metformin 1.20 (1.08; 1.34) 1.06 (0.93; 1.20) Simvastatin 40 mg 300 mg QD for 7 days Simvastatin 1.12 (0.94; 1.33) 1.09 (0.91; 1.31) simvastatin acid 1.18 (1.03; 1.35) 1.26 (1.10; 1.45) Warfarin 30 mg 300 mg QD for 12 days (R)-warfarin 1.01 (0.96; 1.06) 1.03 (0.94; 1.13) (S)-warfarin 1.06 (1.00; 1.12) 1.01 (0.90; 1.13) INR 1.00 (0.98; 1.03) 1.05 (0.99; 1.12) Metformin HCl Table 11: Effect of Co-Administered Drugs on Plasma Metformin Systemic Exposures Co-Administered Drug Dose of Co-Administered Drug Single dose unless otherwise noted Dose of Metformin HCl Geometric Mean Ratio (Ratio With/Without Co-Administered Drug) No Effect = 1.00 AUC AUC = AUC 0–∞ C max No dose adjustments required for the following: Glyburide 5 mg 500 mg Metformin HCl extended-release tablets 500 mg 0.98 Ratio of arithmetic means 0.99 Furosemide 40 mg 850 mg 1.09 1.22 Nifedipine 10 mg 850 mg 1.16 1.21 Propranolol 40 mg 850 mg 0.90 0.94 Ibuprofen 400 mg 850 mg 1.05 1.07 Drugs that are eliminated by renal tubular secretion increase the accumulation of metformin [see Warnings and Precautions (5) and Drug Interactions (7) ] Cimetidine 400 mg 850 mg 1.40 1.61 Carbonic anhydrase inhibitors may cause metabolic acidosis [see Warnings and Precautions (5) and Drug Interactions (7) ] Topiramate Healthy volunteer study at steady state with topiramate 100 mg every 12 hours and metformin 500 mg every 12 hours for 7 days."
pioglitazone,insulin,Not stated in FDA label,"[warnings_and_cautions] (5.1) • Hypoglycemia: When used with insulin or an insulin secretagogue, a lower dose of the insulin or insulin secretagogue may be needed to reduce the risk of hypoglycemia. [warnings_and_cautions] (5.8) 5.1 Congestive Heart Failure Pioglitazone tablets, like other thiazolidinediones, can cause dose-related fluid retention when used alone or in combination with other antidiabetic medications and is most common when pioglitazone tablets are used in combination with insulin. [warnings_and_cautions] 5.2 Hypoglycemia Patients receiving pioglitazone tablets in combination with insulin or other antidiabetic medications (particularly insulin secretagogues such as sulfonylureas) may be at risk for hypoglycemia.",Follow the management information in the FDA label and verify with prescribing clinician.,https://api.fda.gov/drug/label.json?search=id:258c9ca5-41a1-44dc-8d3a-958bf6613e40,"[warnings_and_cautions] (5.1) • Hypoglycemia: When used with insulin or an insulin secretagogue, a lower dose of the insulin or insulin secretagogue may be needed to reduce the risk of hypoglycemia. [warnings_and_cautions] (5.8) 5.1 Congestive Heart Failure Pioglitazone tablets, like other thiazolidinediones, can cause dose-related fluid retention when used alone or in combination with other antidiabetic medications and is most common when pioglitazone tablets are used in combination with insulin. [warnings_and_cautions] 5.2 Hypoglycemia Patients receiving pioglitazone tablets in combination with insulin or other antidiabetic medications (particularly insulin secretagogues such as sulfonylureas) may be at risk for hypoglycemia."
pioglitazone,nifedipine,Not stated in FDA label,"[clinical_pharmacology] Effect of Pioglitazone Coadministration on Systemic Exposure of Other Drugs Coadministered Drug * Daily for 7 days unless otherwise noted † % change (with/without coadministered drug and no change = 0%); symbols of ↑ and ↓ indicate the exposure increase and decrease, respectively ‡ Pioglitazone had no clinically significant effect on prothrombin time Pioglitazone Dosage Regimen (mg) * Name and Dose Regimens Change in AUC † Change in C max † Warfarin ‡ 45 mg Daily loading then maintenance doses based PT and INR values Quick's Value = 35 ± 5% R-Warfarin ↓ 3% R-Warfarin ↓ 2% (N = 12) S-Warfarin ↓ 1% S-Warfarin ↑ 1% 45 mg Digoxin (N = 12) 0.200 mg twice daily (loading dose) then 0.250 mg daily (maintenance dose, 7 days) ↑ 15% ↑ 17% 45 mg daily for 21 days Oral Contraceptive (N = 35) [Ethinyl Estradiol (EE) 0.035 mg plus Norethindrone (NE) 1 mg] for 21 days EE ↓ 11% EE ↓ 13% NE ↑ 3% NE ↓ 7% 45 mg Fexofenadine (N = 23) 60 mg twice daily for 7 days ↑ 30% ↑ 37% 45 mg Glipizide (N = 14) 5 mg daily for 7 days ↓ 3% ↓ 8% 45 mg daily for 8 days Metformin (N = 16) 1000 mg single dose on Day 8 ↓ 3% ↓ 5% 45 mg Midazolam (N = 21) 7.5 mg single dose on Day 15 ↓ 26% ↓ 26% 45 mg Ranitidine (N = 24) 150 mg twice daily for 7 days ↑ 1% ↓ 1% 45 mg daily for 4 days Nifedipine ER (N = 24) 30 mg daily for 4 days ↓ 13% ↓ 17% 45 mg Atorvastatin Ca (N = 25) 80 mg daily for 7 days ↓ 14% ↓ 23% 45 mg Theophylline (N = 22) 400 mg twice daily for 7 days ↑ 2% ↑ 5% Table 16. [clinical_pharmacology] Effect of Coadministered Drugs on Pioglitazone Systemic Exposure Coadministered Drug and Dosage Regimen Pioglitazone Dose Regimen (mg) * Change in AUC † Change in C max † * Daily for 7 days unless otherwise noted † Mean ratio (with/without coadministered drug and no change = 1-fold) % change (with/without coadministered drug and no change = 0%); symbols of ↑ and ↓ indicate the exposure increase and decrease, respectively ‡ The half-life of pioglitazone increased from 8.3 hours to 22.7 hours in the presence of gemfibrozil [see Dosage and Administration ( 2.3 ) and Drug Interactions ( 7.1 )] § Indicates duration of concomitant administration with highest twice-daily dose of topiramate from Day 14 onwards over the 22 days of study ¶ Additional decrease in active metabolites; 60% for M-III and 16% for M-IV Gemfibrozil 600 mg twice daily for 2 days 15 mg single dose ↑ 3.2-fold ‡ ↑ 6% (N = 12) Ketoconazole 200 mg twice daily for 7 days 45 mg ↑34% ↑14% (N = 28) Rifampin 600 mg daily for 5 days 30 mg single dose ↓ 54% ↓ 5% (N = 10) Fexofenadine 60 mg twice daily for 7 days 45 mg ↑1% 0% (N = 23) Ranitidine 150 mg twice daily for 4 days 45 mg ↓ 13% ↓ 16% (N = 23) Nifedipine ER 30 mg daily for 7 days 45 mg ↑5% ↑4% (N = 23) Atorvastatin Ca 80 mg daily for 7 days 45 mg ↓ 24% ↓ 31% (N = 24) Theophylline 400 mg twice daily for 7 days (N = 22) 45 mg ↓ 4% ↓ 2% Topiramate 96 mg twice daily for 7 days § (N = 26) 30 mg § ↓15% ¶ 0%",Follow the management information in the FDA label and verify with prescribing clinician.,https://api.fda.gov/drug/label.json?search=id:258c9ca5-41a1-44dc-8d3a-958bf6613e40,"[clinical_pharmacology] Effect of Pioglitazone Coadministration on Systemic Exposure of Other Drugs Coadministered Drug * Daily for 7 days unless otherwise noted † % change (with/without coadministered drug and no change = 0%); symbols of ↑ and ↓ indicate the exposure increase and decrease, respectively ‡ Pioglitazone had no clinically significant effect on prothrombin time Pioglitazone Dosage Regimen (mg) * Name and Dose Regimens Change in AUC † Change in C max † Warfarin ‡ 45 mg Daily loading then maintenance doses based PT and INR values Quick's Value = 35 ± 5% R-Warfarin ↓ 3% R-Warfarin ↓ 2% (N = 12) S-Warfarin ↓ 1% S-Warfarin ↑ 1% 45 mg Digoxin (N = 12) 0.200 mg twice daily (loading dose) then 0.250 mg daily (maintenance dose, 7 days) ↑ 15% ↑ 17% 45 mg daily for 21 days Oral Contraceptive (N = 35) [Ethinyl Estradiol (EE) 0.035 mg plus Norethindrone (NE) 1 mg] for 21 days EE ↓ 11% EE ↓ 13% NE ↑ 3% NE ↓ 7% 45 mg Fexofenadine (N = 23) 60 mg twice daily for 7 days ↑ 30% ↑ 37% 45 mg Glipizide (N = 14) 5 mg daily for 7 days ↓ 3% ↓ 8% 45 mg daily for 8 days Metformin (N = 16) 1000 mg single dose on Day 8 ↓ 3% ↓ 5% 45 mg Midazolam (N = 21) 7.5 mg single dose on Day 15 ↓ 26% ↓ 26% 45 mg Ranitidine (N = 24) 150 mg twice daily for 7 days ↑ 1% ↓ 1% 45 mg daily for 4 days Nifedipine ER (N = 24) 30 mg daily for 4 days ↓ 13% ↓ 17% 45 mg Atorvastatin Ca (N = 25) 80 mg daily for 7 days ↓ 14% ↓ 23% 45 mg Theophylline (N = 22) 400 mg twice daily for 7 days ↑ 2% ↑ 5% Table 16. [clinical_pharmacology] Effect of Coadministered Drugs on Pioglitazone Systemic Exposure Coadministered Drug and Dosage Regimen Pioglitazone Dose Regimen (mg) * Change in AUC † Change in C max † * Daily for 7 days unless otherwise noted † Mean ratio (with/without coadministered drug and no change = 1-fold) % change (with/without coadministered drug and no change = 0%); symbols of ↑ and ↓ indicate the exposure increase and decrease, respectively ‡ The half-life of pioglitazone increased from 8.3 hours to 22.7 hours in the presence of gemfibrozil [see Dosage and Administration ( 2.3 ) and Drug Interactions ( 7.1 )] § Indicates duration of concomitant administration with highest twice-daily dose of topiramate from Day 14 onwards over the 22 days of study ¶ Additional decrease in active metabolites; 60% for M-III and 16% for M-IV Gemfibrozil 600 mg twice daily for 2 days 15 mg single dose ↑ 3.2-fold ‡ ↑ 6% (N = 12) Ketoconazole 200 mg twice daily for 7 days 45 mg ↑34% ↑14% (N = 28) Rifampin 600 mg daily for 5 days 30 mg single dose ↓ 54% ↓ 5% (N = 10) Fexofenadine 60 mg twice daily for 7 days 45 mg ↑1% 0% (N = 23) Ranitidine 150 mg twice daily for 4 days 45 mg ↓ 13% ↓ 16% (N = 23) Nifedipine ER 30 mg daily for 7 days 45 mg ↑5% ↑4% (N = 23) Atorvastatin Ca 80 mg daily for 7 days 45 mg ↓ 24% ↓ 31% (N = 24) Theophylline 400 mg twice daily for 7 days (N = 22) 45 mg ↓ 4% ↓ 2% Topiramate 96 mg twice daily for 7 days § (N = 26) 30 mg § ↓15% ¶ 0%"
pioglitazone,atorvastatin,Not stated in FDA label,"[clinical_pharmacology] Effect of Pioglitazone Coadministration on Systemic Exposure of Other Drugs Coadministered Drug * Daily for 7 days unless otherwise noted † % change (with/without coadministered drug and no change = 0%); symbols of ↑ and ↓ indicate the exposure increase and decrease, respectively ‡ Pioglitazone had no clinically significant effect on prothrombin time Pioglitazone Dosage Regimen (mg) * Name and Dose Regimens Change in AUC † Change in C max † Warfarin ‡ 45 mg Daily loading then maintenance doses based PT and INR values Quick's Value = 35 ± 5% R-Warfarin ↓ 3% R-Warfarin ↓ 2% (N = 12) S-Warfarin ↓ 1% S-Warfarin ↑ 1% 45 mg Digoxin (N = 12) 0.200 mg twice daily (loading dose) then 0.250 mg daily (maintenance dose, 7 days) ↑ 15% ↑ 17% 45 mg daily for 21 days Oral Contraceptive (N = 35) [Ethinyl Estradiol (EE) 0.035 mg plus Norethindrone (NE) 1 mg] for 21 days EE ↓ 11% EE ↓ 13% NE ↑ 3% NE ↓ 7% 45 mg Fexofenadine (N = 23) 60 mg twice daily for 7 days ↑ 30% ↑ 37% 45 mg Glipizide (N = 14) 5 mg daily for 7 days ↓ 3% ↓ 8% 45 mg daily for 8 days Metformin (N = 16) 1000 mg single dose on Day 8 ↓ 3% ↓ 5% 45 mg Midazolam (N = 21) 7.5 mg single dose on Day 15 ↓ 26% ↓ 26% 45 mg Ranitidine (N = 24) 150 mg twice daily for 7 days ↑ 1% ↓ 1% 45 mg daily for 4 days Nifedipine ER (N = 24) 30 mg daily for 4 days ↓ 13% ↓ 17% 45 mg Atorvastatin Ca (N = 25) 80 mg daily for 7 days ↓ 14% ↓ 23% 45 mg Theophylline (N = 22) 400 mg twice daily for 7 days ↑ 2% ↑ 5% Table 16. [clinical_pharmacology] Effect of Coadministered Drugs on Pioglitazone Systemic Exposure Coadministered Drug and Dosage Regimen Pioglitazone Dose Regimen (mg) * Change in AUC † Change in C max † * Daily for 7 days unless otherwise noted † Mean ratio (with/without coadministered drug and no change = 1-fold) % change (with/without coadministered drug and no change = 0%); symbols of ↑ and ↓ indicate the exposure increase and decrease, respectively ‡ The half-life of pioglitazone increased from 8.3 hours to 22.7 hours in the presence of gemfibrozil [see Dosage and Administration ( 2.3 ) and Drug Interactions ( 7.1 )] § Indicates duration of concomitant administration with highest twice-daily dose of topiramate from Day 14 onwards over the 22 days of study ¶ Additional decrease in active metabolites; 60% for M-III and 16% for M-IV Gemfibrozil 600 mg twice daily for 2 days 15 mg single dose ↑ 3.2-fold ‡ ↑ 6% (N = 12) Ketoconazole 200 mg twice daily for 7 days 45 mg ↑34% ↑14% (N = 28) Rifampin 600 mg daily for 5 days 30 mg single dose ↓ 54% ↓ 5% (N = 10) Fexofenadine 60 mg twice daily for 7 days 45 mg ↑1% 0% (N = 23) Ranitidine 150 mg twice daily for 4 days 45 mg ↓ 13% ↓ 16% (N = 23) Nifedipine ER 30 mg daily for 7 days 45 mg ↑5% ↑4% (N = 23) Atorvastatin Ca 80 mg daily for 7 days 45 mg ↓ 24% ↓ 31% (N = 24) Theophylline 400 mg twice daily for 7 days (N = 22) 45 mg ↓ 4% ↓ 2% Topiramate 96 mg twice daily for 7 days § (N = 26) 30 mg § ↓15% ¶ 0%",Follow the management information in the FDA label and verify with prescribing clinician.,https://api.fda.gov/drug/label.json?search=id:258c9ca5-41a1-44dc-8d3a-958bf6613e40,"[clinical_pharmacology] Effect of Pioglitazone Coadministration on Systemic Exposure of Other Drugs Coadministered Drug * Daily for 7 days unless otherwise noted † % change (with/without coadministered drug and no change = 0%); symbols of ↑ and ↓ indicate the exposure increase and decrease, respectively ‡ Pioglitazone had no clinically significant effect on prothrombin time Pioglitazone Dosage Regimen (mg) * Name and Dose Regimens Change in AUC † Change in C max † Warfarin ‡ 45 mg Daily loading then maintenance doses based PT and INR values Quick's Value = 35 ± 5% R-Warfarin ↓ 3% R-Warfarin ↓ 2% (N = 12) S-Warfarin ↓ 1% S-Warfarin ↑ 1% 45 mg Digoxin (N = 12) 0.200 mg twice daily (loading dose) then 0.250 mg daily (maintenance dose, 7 days) ↑ 15% ↑ 17% 45 mg daily for 21 days Oral Contraceptive (N = 35) [Ethinyl Estradiol (EE) 0.035 mg plus Norethindrone (NE) 1 mg] for 21 days EE ↓ 11% EE ↓ 13% NE ↑ 3% NE ↓ 7% 45 mg Fexofenadine (N = 23) 60 mg twice daily for 7 days ↑ 30% ↑ 37% 45 mg Glipizide (N = 14) 5 mg daily for 7 days ↓ 3% ↓ 8% 45 mg daily for 8 days Metformin (N = 16) 1000 mg single dose on Day 8 ↓ 3% ↓ 5% 45 mg Midazolam (N = 21) 7.5 mg single dose on Day 15 ↓ 26% ↓ 26% 45 mg Ranitidine (N = 24) 150 mg twice daily for 7 days ↑ 1% ↓ 1% 45 mg daily for 4 days Nifedipine ER (N = 24) 30 mg daily for 4 days ↓ 13% ↓ 17% 45 mg Atorvastatin Ca (N = 25) 80 mg daily for 7 days ↓ 14% ↓ 23% 45 mg Theophylline (N = 22) 400 mg twice daily for 7 days ↑ 2% ↑ 5% Table 16. [clinical_pharmacology] Effect of Coadministered Drugs on Pioglitazone Systemic Exposure Coadministered Drug and Dosage Regimen Pioglitazone Dose Regimen (mg) * Change in AUC † Change in C max † * Daily for 7 days unless otherwise noted † Mean ratio (with/without coadministered drug and no change = 1-fold) % change (with/without coadministered drug and no change = 0%); symbols of ↑ and ↓ indicate the exposure increase and decrease, respectively ‡ The half-life of pioglitazone increased from 8.3 hours to 22.7 hours in the presence of gemfibrozil [see Dosage and Administration ( 2.3 ) and Drug Interactions ( 7.1 )] § Indicates duration of concomitant administration with highest twice-daily dose of topiramate from Day 14 onwards over the 22 days of study ¶ Additional decrease in active metabolites; 60% for M-III and 16% for M-IV Gemfibrozil 600 mg twice daily for 2 days 15 mg single dose ↑ 3.2-fold ‡ ↑ 6% (N = 12) Ketoconazole 200 mg twice daily for 7 days 45 mg ↑34% ↑14% (N = 28) Rifampin 600 mg daily for 5 days 30 mg single dose ↓ 54% ↓ 5% (N = 10) Fexofenadine 60 mg twice daily for 7 days 45 mg ↑1% 0% (N = 23) Ranitidine 150 mg twice daily for 4 days 45 mg ↓ 13% ↓ 16% (N = 23) Nifedipine ER 30 mg daily for 7 days 45 mg ↑5% ↑4% (N = 23) Atorvastatin Ca 80 mg daily for 7 days 45 mg ↓ 24% ↓ 31% (N = 24) Theophylline 400 mg twice daily for 7 days (N = 22) 45 mg ↓ 4% ↓ 2% Topiramate 96 mg twice daily for 7 days § (N = 26) 30 mg § ↓15% ¶ 0%"
pioglitazone,warfarin,Not stated in FDA label,"[drug_interactions] Table 2: Examples of CYP450 Interactions with Warfarin Enzyme Inhibitors Inducers CYP2C9 amiodarone, capecitabine, cotrimoxazole, etravirine, fluconazole, fluvastatin, fluvoxamine, metronidazole, miconazole, oxandrolone, sulfinpyrazone, tigecycline, voriconazole, zafirlukast aprepitant, bosentan, carbamazepine, phenobarbital, rifampin CYP1A2 acyclovir, allopurinol, caffeine, cimetidine, ciprofloxacin, disulfiram, enoxacin, famotidine, fluvoxamine, methoxsalen, mexiletine, norfloxacin, oral contraceptives, phenylpropanolamine, propafenone, propranolol, terbinafine, thiabendazole, ticlopidine, verapamil, zileuton montelukast, moricizine, omeprazole, phenobarbital, phenytoin, cigarette smoking CYP3A4 alprazolam, amiodarone, amlodipine, amprenavir, aprepitant, atorvastatin, atazanavir, bicalutamide, cilostazol, cimetidine, ciprofloxacin, clarithromycin, conivaptan, cyclosporine, darunavir/ritonavir, diltiazem, erythromycin, fluconazole, fluoxetine, fluvoxamine, fosamprenavir, imatinib, indinavir, isoniazid, itraconazole, ketoconazole, lopinavir/ritonavir, nefazodone, nelfinavir, nilotinib, oral contraceptives, posaconazole, ranitidine, ranolazine, ritonavir, saquinavir, telithromycin, tipranavir, voriconazole, zileuton armodafinil, amprenavir, aprepitant, bosentan, carbamazepine, efavirenz, etravirine, modafinil, nafcillin, phenytoin, pioglitazone, prednisone, rifampin, rufinamide 7.3 Drugs that Increase Bleeding Risk Examples of drugs known to increase the risk of bleeding are presented in Table 3 .",Follow the management information in the FDA label and verify with prescribing clinician.,https://api.fda.gov/drug/label.json?search=id:b8c33971-54b3-4971-bf7f-1bec66999a29,"[drug_interactions] Table 2: Examples of CYP450 Interactions with Warfarin Enzyme Inhibitors Inducers CYP2C9 amiodarone, capecitabine, cotrimoxazole, etravirine, fluconazole, fluvastatin, fluvoxamine, metronidazole, miconazole, oxandrolone, sulfinpyrazone, tigecycline, voriconazole, zafirlukast aprepitant, bosentan, carbamazepine, phenobarbital, rifampin CYP1A2 acyclovir, allopurinol, caffeine, cimetidine, ciprofloxacin, disulfiram, enoxacin, famotidine, fluvoxamine, methoxsalen, mexiletine, norfloxacin, oral contraceptives, phenylpropanolamine, propafenone, propranolol, terbinafine, thiabendazole, ticlopidine, verapamil, zileuton montelukast, moricizine, omeprazole, phenobarbital, phenytoin, cigarette smoking CYP3A4 alprazolam, amiodarone, amlodipine, amprenavir, aprepitant, atorvastatin, atazanavir, bicalutamide, cilostazol, cimetidine, ciprofloxacin, clarithromycin, conivaptan, cyclosporine, darunavir/ritonavir, diltiazem, erythromycin, fluconazole, fluoxetine, fluvoxamine, fosamprenavir, imatinib, indinavir, isoniazid, itraconazole, ketoconazole, lopinavir/ritonavir, nefazodone, nelfinavir, nilotinib, oral contraceptives, posaconazole, ranitidine, ranolazine, ritonavir, saquinavir, telithromycin, tipranavir, voriconazole, zileuton armodafinil, amprenavir, aprepitant, bosentan, carbamazepine, efavirenz, etravirine, modafinil, nafcillin, phenytoin, pioglitazone, prednisone, rifampin, rufinamide 7.3 Drugs that Increase Bleeding Risk Examples of drugs known to increase the risk of bleeding are presented in Table 3 ."
pioglitazone,digoxin,Not stated in FDA label,"[clinical_pharmacology] Effect of Pioglitazone Coadministration on Systemic Exposure of Other Drugs Coadministered Drug * Daily for 7 days unless otherwise noted † % change (with/without coadministered drug and no change = 0%); symbols of ↑ and ↓ indicate the exposure increase and decrease, respectively ‡ Pioglitazone had no clinically significant effect on prothrombin time Pioglitazone Dosage Regimen (mg) * Name and Dose Regimens Change in AUC † Change in C max † Warfarin ‡ 45 mg Daily loading then maintenance doses based PT and INR values Quick's Value = 35 ± 5% R-Warfarin ↓ 3% R-Warfarin ↓ 2% (N = 12) S-Warfarin ↓ 1% S-Warfarin ↑ 1% 45 mg Digoxin (N = 12) 0.200 mg twice daily (loading dose) then 0.250 mg daily (maintenance dose, 7 days) ↑ 15% ↑ 17% 45 mg daily for 21 days Oral Contraceptive (N = 35) [Ethinyl Estradiol (EE) 0.035 mg plus Norethindrone (NE) 1 mg] for 21 days EE ↓ 11% EE ↓ 13% NE ↑ 3% NE ↓ 7% 45 mg Fexofenadine (N = 23) 60 mg twice daily for 7 days ↑ 30% ↑ 37% 45 mg Glipizide (N = 14) 5 mg daily for 7 days ↓ 3% ↓ 8% 45 mg daily for 8 days Metformin (N = 16) 1000 mg single dose on Day 8 ↓ 3% ↓ 5% 45 mg Midazolam (N = 21) 7.5 mg single dose on Day 15 ↓ 26% ↓ 26% 45 mg Ranitidine (N = 24) 150 mg twice daily for 7 days ↑ 1% ↓ 1% 45 mg daily for 4 days Nifedipine ER (N = 24) 30 mg daily for 4 days ↓ 13% ↓ 17% 45 mg Atorvastatin Ca (N = 25) 80 mg daily for 7 days ↓ 14% ↓ 23% 45 mg Theophylline (N = 22) 400 mg twice daily for 7 days ↑ 2% ↑ 5% Table 16.",Follow the management information in the FDA label and verify with prescribing clinician.,https://api.fda.gov/drug/label.json?search=id:258c9ca5-41a1-44dc-8d3a-958bf6613e40,"[clinical_pharmacology] Effect of Pioglitazone Coadministration on Systemic Exposure of Other Drugs Coadministered Drug * Daily for 7 days unless otherwise noted † % change (with/without coadministered drug and no change = 0%); symbols of ↑ and ↓ indicate the exposure increase and decrease, respectively ‡ Pioglitazone had no clinically significant effect on prothrombin time Pioglitazone Dosage Regimen (mg) * Name and Dose Regimens Change in AUC † Change in C max † Warfarin ‡ 45 mg Daily loading then maintenance doses based PT and INR values Quick's Value = 35 ± 5% R-Warfarin ↓ 3% R-Warfarin ↓ 2% (N = 12) S-Warfarin ↓ 1% S-Warfarin ↑ 1% 45 mg Digoxin (N = 12) 0.200 mg twice daily (loading dose) then 0.250 mg daily (maintenance dose, 7 days) ↑ 15% ↑ 17% 45 mg daily for 21 days Oral Contraceptive (N = 35) [Ethinyl Estradiol (EE) 0.035 mg plus Norethindrone (NE) 1 mg] for 21 days EE ↓ 11% EE ↓ 13% NE ↑ 3% NE ↓ 7% 45 mg Fexofenadine (N = 23) 60 mg twice daily for 7 days ↑ 30% ↑ 37% 45 mg Glipizide (N = 14) 5 mg daily for 7 days ↓ 3% ↓ 8% 45 mg daily for 8 days Metformin (N = 16) 1000 mg single dose on Day 8 ↓ 3% ↓ 5% 45 mg Midazolam (N = 21) 7.5 mg single dose on Day 15 ↓ 26% ↓ 26% 45 mg Ranitidine (N = 24) 150 mg twice daily for 7 days ↑ 1% ↓ 1% 45 mg daily for 4 days Nifedipine ER (N = 24) 30 mg daily for 4 days ↓ 13% ↓ 17% 45 mg Atorvastatin Ca (N = 25) 80 mg daily for 7 days ↓ 14% ↓ 23% 45 mg Theophylline (N = 22) 400 mg twice daily for 7 days ↑ 2% ↑ 5% Table 16."
insulin,losartan,Not stated in FDA label,"[drug_interactions] 7.5 The Use of Hydrochlorothiazide with Other Drugs When administered concurrently, the following drugs may interact with thiazide diuretics [see Clinical Pharmacology ( 12.3 )]: Antidiabetic drugs (oral agents and insulin) — dosage adjustment of the antidiabetic drug may be required.",Follow the management information in the FDA label and verify with prescribing clinician.,https://api.fda.gov/drug/label.json?search=id:4f06534c-c0d5-3f1f-e063-6394a90a8063,"[drug_interactions] 7.5 The Use of Hydrochlorothiazide with Other Drugs When administered concurrently, the following drugs may interact with thiazide diuretics [see Clinical Pharmacology ( 12.3 )]: Antidiabetic drugs (oral agents and insulin) — dosage adjustment of the antidiabetic drug may be required."
insulin,valsartan,Not stated in FDA label,"[drug_interactions] Hydrochlorothiazide: When administered concurrently, the following drugs may interact with thiazide diuretics: Antidiabetic Drugs (oral agents and insulin) - Dosage adjustment of the antidiabetic drug may be required.",Follow the management information in the FDA label and verify with prescribing clinician.,https://api.fda.gov/drug/label.json?search=id:48c2dd05-3fd2-f936-e063-6294a90ad6eb,"[drug_interactions] Hydrochlorothiazide: When administered concurrently, the following drugs may interact with thiazide diuretics: Antidiabetic Drugs (oral agents and insulin) - Dosage adjustment of the antidiabetic drug may be required."
insulin,amlodipine,Not stated in FDA label,"[drug_interactions] Antidiabetic Agents: In rare cases, diabetic patients receiving an ACE inhibitor (including benazepril) concomitantly with insulin or oral antidiabetics may develop hypoglycemia.",Follow the management information in the FDA label and verify with prescribing clinician.,https://api.fda.gov/drug/label.json?search=id:41230e10-2e74-dd97-e063-6294a90a4b85,"[drug_interactions] Antidiabetic Agents: In rare cases, diabetic patients receiving an ACE inhibitor (including benazepril) concomitantly with insulin or oral antidiabetics may develop hypoglycemia."
insulin,carvedilol,Not stated in FDA label,"[warnings_and_cautions] Nonselective β-blockers may potentiate insulin-induced hypoglycemia and delay recovery of serum glucose levels. [warnings_and_cautions] Patients subject to spontaneous hypoglycemia, or diabetic patients receiving insulin or oral hypoglycemic agents, should be cautioned about these possibilities.",Follow the management information in the FDA label and verify with prescribing clinician.,https://api.fda.gov/drug/label.json?search=id:7a3df1e2-dfa6-44b3-a2cc-0fb9adc28ae3,"[warnings_and_cautions] Nonselective β-blockers may potentiate insulin-induced hypoglycemia and delay recovery of serum glucose levels. [warnings_and_cautions] Patients subject to spontaneous hypoglycemia, or diabetic patients receiving insulin or oral hypoglycemic agents, should be cautioned about these possibilities."
insulin,propranolol,Not stated in FDA label,"[warnings] Diabetes and Hypoglycemia Beta-adrenergic blockade may prevent the appearance of certain premonitory signs and symptoms (pulse rate and pressure changes) of acute hypoglycemia, especially in labile insulin-dependent diabetics. [warnings] In these patients, it may be more difficult to adjust the dosage of insulin. [warnings] Diabetes and Hypoglycemia Beta-adrenergic blockade may prevent the appearance of certain premonitory signs and symptoms (pulse rate and pressure changes) of acute hypoglycemia, especially in labile insulin-dependent diabetics.",Follow the management information in the FDA label and verify with prescribing clinician.,https://api.fda.gov/drug/label.json?search=id:5903fa58-2cbc-4783-99e5-ab212c4e8388,"[warnings] Diabetes and Hypoglycemia Beta-adrenergic blockade may prevent the appearance of certain premonitory signs and symptoms (pulse rate and pressure changes) of acute hypoglycemia, especially in labile insulin-dependent diabetics. [warnings] In these patients, it may be more difficult to adjust the dosage of insulin. [warnings] Diabetes and Hypoglycemia Beta-adrenergic blockade may prevent the appearance of certain premonitory signs and symptoms (pulse rate and pressure changes) of acute hypoglycemia, especially in labile insulin-dependent diabetics."
insulin,hydrochlorothiazide,Not stated in FDA label,[drug_interactions] 6 The Use of Hydrochlorothiazide with Other Drugs When administered concurrently the following drugs may interact with thiazide diuretics: Antidiabetic drugs (oral agents and insulin) : Dosage adjustment of the antidiabetic drug may be required.,Follow the management information in the FDA label and verify with prescribing clinician.,https://api.fda.gov/drug/label.json?search=id:48bfa982-5678-139d-e063-6294a90adbfa,[drug_interactions] 6 The Use of Hydrochlorothiazide with Other Drugs When administered concurrently the following drugs may interact with thiazide diuretics: Antidiabetic drugs (oral agents and insulin) : Dosage adjustment of the antidiabetic drug may be required.
insulin,clonidine,Not stated in FDA label,"[drug_interactions] Drugs that May Blunt Signs and Symptoms of Hypoglycemia Drugs: Beta-blockers, clonidine, guanethidine, and reserpine Intervention: Increased frequency of glucose monitoring may be required when Insulin Aspart Protamine and Insulin Aspart is concomitantly administered with these drugs. [drug_interactions] • Drugs that may blunt the signs and symptoms of hypoglycemia: beta-blockers, clonidine, guanethidine, and reserpine (7) .",Follow the management information in the FDA label and verify with prescribing clinician.,https://api.fda.gov/drug/label.json?search=id:6831854d-54bc-417d-8ddc-1cb93c534dda,"[drug_interactions] Drugs that May Blunt Signs and Symptoms of Hypoglycemia Drugs: Beta-blockers, clonidine, guanethidine, and reserpine Intervention: Increased frequency of glucose monitoring may be required when Insulin Aspart Protamine and Insulin Aspart is concomitantly administered with these drugs. [drug_interactions] • Drugs that may blunt the signs and symptoms of hypoglycemia: beta-blockers, clonidine, guanethidine, and reserpine (7) ."
lisinopril,losartan,Not stated in FDA label,"[drug_interactions] Patients receiving the combination of losartan and lisinopril did not obtain any additional benefit compared to monotherapy for the combined endpoint of decline in GFR, end state renal disease, or death, but experienced an increased incidence of hyperkalemia and acute kidney injury compared with the monotherapy group. [precautions] Patients receiving the combination of losartan and lisinopril did not obtain any additional benefit compared to monotherapy for the combined endpoint of decline in GFR, end state renal disease, or death, but experienced an increased incidence of hyperkalemia and acute kidney injury compared with the monotherapy group.",Follow the management information in the FDA label and verify with prescribing clinician.,https://api.fda.gov/drug/label.json?search=id:54d8eecf-c6b1-58b4-e063-6394a90a49ed,"[drug_interactions] Patients receiving the combination of losartan and lisinopril did not obtain any additional benefit compared to monotherapy for the combined endpoint of decline in GFR, end state renal disease, or death, but experienced an increased incidence of hyperkalemia and acute kidney injury compared with the monotherapy group. [precautions] Patients receiving the combination of losartan and lisinopril did not obtain any additional benefit compared to monotherapy for the combined endpoint of decline in GFR, end state renal disease, or death, but experienced an increased incidence of hyperkalemia and acute kidney injury compared with the monotherapy group."
lisinopril,hydrochlorothiazide,Not stated in FDA label,"[drug_interactions] Drug Interactions Lisinopril Hypotension - Patients on Diuretic Therapy : Patients on diuretics, and especially those in whom diuretic therapy was recently instituted, may occasionally experience an excessive reduction of blood pressure after initiation of therapy with lisinopril. [drug_interactions] If it is necessary to continue the diuretic, initiate therapy with lisinopril at a dose of 5 mg daily, and provide close medical supervision after the initial dose for at least two hours and until blood pressure has stabilized for at least an additional hour (See WARNINGS and DOSAGE AND ADMINISTRATION ) When a diuretic is added to the therapy of a patient receiving lisinopril, an additional antihypertensive effect is usually observed (See DOSAGE AND ADMINISTRATION ). [drug_interactions] Monitor renal function periodically in patients receiving lisinopril and NSAID therapy.",Follow the management information in the FDA label and verify with prescribing clinician.,https://api.fda.gov/drug/label.json?search=id:47d238b7-b5d5-0e63-e063-6294a90a8027,"[drug_interactions] Drug Interactions Lisinopril Hypotension - Patients on Diuretic Therapy : Patients on diuretics, and especially those in whom diuretic therapy was recently instituted, may occasionally experience an excessive reduction of blood pressure after initiation of therapy with lisinopril. [drug_interactions] If it is necessary to continue the diuretic, initiate therapy with lisinopril at a dose of 5 mg daily, and provide close medical supervision after the initial dose for at least two hours and until blood pressure has stabilized for at least an additional hour (See WARNINGS and DOSAGE AND ADMINISTRATION ) When a diuretic is added to the therapy of a patient receiving lisinopril, an additional antihypertensive effect is usually observed (See DOSAGE AND ADMINISTRATION ). [drug_interactions] Monitor renal function periodically in patients receiving lisinopril and NSAID therapy."
lisinopril,spironolactone,Not stated in FDA label,"[drug_interactions] Potassium-sparing diuretics (spironolactone, amiloride, triamterene, and others) can increase the risk of hyperkalemia.",Follow the management information in the FDA label and verify with prescribing clinician.,https://api.fda.gov/drug/label.json?search=id:03a22769-c7ac-496c-80c4-98f76c371987,"[drug_interactions] Potassium-sparing diuretics (spironolactone, amiloride, triamterene, and others) can increase the risk of hyperkalemia."
ramipril,furosemide,Not stated in FDA label,"[drug_interactions] 7.6 Other Neither ramipril nor its metabolites have been found to interact with food, digoxin, antacid, furosemide, cimetidine, indomethacin, and simvastatin.",Follow the management information in the FDA label and verify with prescribing clinician.,https://api.fda.gov/drug/label.json?search=id:cada6f46-f67d-41d9-8dbe-53740c3dac62,"[drug_interactions] 7.6 Other Neither ramipril nor its metabolites have been found to interact with food, digoxin, antacid, furosemide, cimetidine, indomethacin, and simvastatin."
ramipril,spironolactone,Not stated in FDA label,"[drug_interactions] Potassium-sparing diuretics (spironolactone, amiloride, triamterene, and others) or potassium supplements can increase the risk of hyperkalemia.",Follow the management information in the FDA label and verify with prescribing clinician.,https://api.fda.gov/drug/label.json?search=id:cada6f46-f67d-41d9-8dbe-53740c3dac62,"[drug_interactions] Potassium-sparing diuretics (spironolactone, amiloride, triamterene, and others) or potassium supplements can increase the risk of hyperkalemia."
ramipril,simvastatin,Not stated in FDA label,"[drug_interactions] 7.6 Other Neither ramipril nor its metabolites have been found to interact with food, digoxin, antacid, furosemide, cimetidine, indomethacin, and simvastatin.",Follow the management information in the FDA label and verify with prescribing clinician.,https://api.fda.gov/drug/label.json?search=id:cada6f46-f67d-41d9-8dbe-53740c3dac62,"[drug_interactions] 7.6 Other Neither ramipril nor its metabolites have been found to interact with food, digoxin, antacid, furosemide, cimetidine, indomethacin, and simvastatin."
ramipril,digoxin,Not stated in FDA label,"[drug_interactions] 7.6 Other Neither ramipril nor its metabolites have been found to interact with food, digoxin, antacid, furosemide, cimetidine, indomethacin, and simvastatin.",Follow the management information in the FDA label and verify with prescribing clinician.,https://api.fda.gov/drug/label.json?search=id:cada6f46-f67d-41d9-8dbe-53740c3dac62,"[drug_interactions] 7.6 Other Neither ramipril nor its metabolites have been found to interact with food, digoxin, antacid, furosemide, cimetidine, indomethacin, and simvastatin."
losartan,hydrochlorothiazide,Not stated in FDA label,"[drug_interactions] Patients receiving the combination of losartan and lisinopril did not obtain any additional benefit compared to monotherapy for the combined endpoint of decline in GFR, end state renal disease, or death, but experienced an increased incidence of hyperkalemia and acute kidney injury compared with the monotherapy group. [precautions] Patients receiving the combination of losartan and lisinopril did not obtain any additional benefit compared to monotherapy for the combined endpoint of decline in GFR, end state renal disease, or death, but experienced an increased incidence of hyperkalemia and acute kidney injury compared with the monotherapy group.",Follow the management information in the FDA label and verify with prescribing clinician.,https://api.fda.gov/drug/label.json?search=id:54d8eecf-c6b1-58b4-e063-6394a90a49ed,"[drug_interactions] Patients receiving the combination of losartan and lisinopril did not obtain any additional benefit compared to monotherapy for the combined endpoint of decline in GFR, end state renal disease, or death, but experienced an increased incidence of hyperkalemia and acute kidney injury compared with the monotherapy group. [precautions] Patients receiving the combination of losartan and lisinopril did not obtain any additional benefit compared to monotherapy for the combined endpoint of decline in GFR, end state renal disease, or death, but experienced an increased incidence of hyperkalemia and acute kidney injury compared with the monotherapy group."
valsartan,amlodipine,Not stated in FDA label,"[clinical_pharmacology] Dedicated drug interaction studies demonstrated that coadministration of furosemide, warfarin, digoxin, carvedilol, a combination of levonorgestrel/ethinyl estradiol, amlodipine, omeprazole, hydrochlorothiazide (HCTZ), metformin, atorvastatin, and sildenafil, did not alter the systemic exposure to sacubitril, LBQ657 or valsartan.",Follow the management information in the FDA label and verify with prescribing clinician.,https://api.fda.gov/drug/label.json?search=id:27616611-6b9c-4e50-b93b-ed29c24f9857,"[clinical_pharmacology] Dedicated drug interaction studies demonstrated that coadministration of furosemide, warfarin, digoxin, carvedilol, a combination of levonorgestrel/ethinyl estradiol, amlodipine, omeprazole, hydrochlorothiazide (HCTZ), metformin, atorvastatin, and sildenafil, did not alter the systemic exposure to sacubitril, LBQ657 or valsartan."
valsartan,carvedilol,Not stated in FDA label,"[clinical_pharmacology] Dedicated drug interaction studies demonstrated that coadministration of furosemide, warfarin, digoxin, carvedilol, a combination of levonorgestrel/ethinyl estradiol, amlodipine, omeprazole, hydrochlorothiazide (HCTZ), metformin, atorvastatin, and sildenafil, did not alter the systemic exposure to sacubitril, LBQ657 or valsartan.",Follow the management information in the FDA label and verify with prescribing clinician.,https://api.fda.gov/drug/label.json?search=id:27616611-6b9c-4e50-b93b-ed29c24f9857,"[clinical_pharmacology] Dedicated drug interaction studies demonstrated that coadministration of furosemide, warfarin, digoxin, carvedilol, a combination of levonorgestrel/ethinyl estradiol, amlodipine, omeprazole, hydrochlorothiazide (HCTZ), metformin, atorvastatin, and sildenafil, did not alter the systemic exposure to sacubitril, LBQ657 or valsartan."
valsartan,hydrochlorothiazide,Not stated in FDA label,"[drug_interactions] 7 DRUG INTERACTIONS Valsartan and Hydrochlorothiazide: Lithium: Increases in serum lithium concentrations and lithium toxicity have been reported during concomitant administration of lithium with angiotensin II receptor antagonists or thiazides. [drug_interactions] Monitor lithium levels in patients taking valsartan and hydrochlorothiazide. [drug_interactions] Hydrochlorothiazide: When administered concurrently, the following drugs may interact with thiazide diuretics: Antidiabetic Drugs (oral agents and insulin) - Dosage adjustment of the antidiabetic drug may be required.",Follow the management information in the FDA label and verify with prescribing clinician.,https://api.fda.gov/drug/label.json?search=id:48c2dd05-3fd2-f936-e063-6294a90ad6eb,"[drug_interactions] 7 DRUG INTERACTIONS Valsartan and Hydrochlorothiazide: Lithium: Increases in serum lithium concentrations and lithium toxicity have been reported during concomitant administration of lithium with angiotensin II receptor antagonists or thiazides. [drug_interactions] Monitor lithium levels in patients taking valsartan and hydrochlorothiazide. [drug_interactions] Hydrochlorothiazide: When administered concurrently, the following drugs may interact with thiazide diuretics: Antidiabetic Drugs (oral agents and insulin) - Dosage adjustment of the antidiabetic drug may be required."
valsartan,furosemide,Not stated in FDA label,"[clinical_pharmacology] Dedicated drug interaction studies demonstrated that coadministration of furosemide, warfarin, digoxin, carvedilol, a combination of levonorgestrel/ethinyl estradiol, amlodipine, omeprazole, hydrochlorothiazide (HCTZ), metformin, atorvastatin, and sildenafil, did not alter the systemic exposure to sacubitril, LBQ657 or valsartan.",Follow the management information in the FDA label and verify with prescribing clinician.,https://api.fda.gov/drug/label.json?search=id:27616611-6b9c-4e50-b93b-ed29c24f9857,"[clinical_pharmacology] Dedicated drug interaction studies demonstrated that coadministration of furosemide, warfarin, digoxin, carvedilol, a combination of levonorgestrel/ethinyl estradiol, amlodipine, omeprazole, hydrochlorothiazide (HCTZ), metformin, atorvastatin, and sildenafil, did not alter the systemic exposure to sacubitril, LBQ657 or valsartan."
valsartan,spironolactone,Not stated in FDA label,"[drug_interactions] 7 DRUG INTERACTIONS • Potassium-sparing diuretics, potassium supplements or salt substitutes may lead to increases in serum potassium, and in heart failure patients, increases in serum creatinine ( 7.1 ) • Non-Steroidal Anti-Inflammatory Drug (NSAID) use may lead to increased risk of renal impairment and loss of antihypertensive effect ( 7.2 ) • Dual inhibition of the Renin-Angiotensin System (RAS): Increased risk of renal impairment, hypotension, and hyperkalemia ( 7.3 ) • Lithium : Increases in serum lithium level and lithium toxicity ( 7.4 ) 7.1 Agents Increasing Serum Potassium Concomitant use of valsartan with other agents that block the renin-angiotensin system, potassium-sparing diuretics (e.g., spironolactone, triamterene, amiloride), potassium supplements, salt substitutes containing potassium or other drugs that may increase potassium levels (e.g., heparin) may lead to increases in serum potassium and in heart failure patients to increases in serum creatinine.",Follow the management information in the FDA label and verify with prescribing clinician.,https://api.fda.gov/drug/label.json?search=id:551404a0-e6ec-9c22-e063-6294a90a277b,"[drug_interactions] 7 DRUG INTERACTIONS • Potassium-sparing diuretics, potassium supplements or salt substitutes may lead to increases in serum potassium, and in heart failure patients, increases in serum creatinine ( 7.1 ) • Non-Steroidal Anti-Inflammatory Drug (NSAID) use may lead to increased risk of renal impairment and loss of antihypertensive effect ( 7.2 ) • Dual inhibition of the Renin-Angiotensin System (RAS): Increased risk of renal impairment, hypotension, and hyperkalemia ( 7.3 ) • Lithium : Increases in serum lithium level and lithium toxicity ( 7.4 ) 7.1 Agents Increasing Serum Potassium Concomitant use of valsartan with other agents that block the renin-angiotensin system, potassium-sparing diuretics (e.g., spironolactone, triamterene, amiloride), potassium supplements, salt substitutes containing potassium or other drugs that may increase potassium levels (e.g., heparin) may lead to increases in serum potassium and in heart failure patients to increases in serum creatinine."
valsartan,atorvastatin,Not stated in FDA label,"[clinical_pharmacology] Dedicated drug interaction studies demonstrated that coadministration of furosemide, warfarin, digoxin, carvedilol, a combination of levonorgestrel/ethinyl estradiol, amlodipine, omeprazole, hydrochlorothiazide (HCTZ), metformin, atorvastatin, and sildenafil, did not alter the systemic exposure to sacubitril, LBQ657 or valsartan.",Follow the management information in the FDA label and verify with prescribing clinician.,https://api.fda.gov/drug/label.json?search=id:27616611-6b9c-4e50-b93b-ed29c24f9857,"[clinical_pharmacology] Dedicated drug interaction studies demonstrated that coadministration of furosemide, warfarin, digoxin, carvedilol, a combination of levonorgestrel/ethinyl estradiol, amlodipine, omeprazole, hydrochlorothiazide (HCTZ), metformin, atorvastatin, and sildenafil, did not alter the systemic exposure to sacubitril, LBQ657 or valsartan."
valsartan,warfarin,Not stated in FDA label,"[clinical_pharmacology] Dedicated drug interaction studies demonstrated that coadministration of furosemide, warfarin, digoxin, carvedilol, a combination of levonorgestrel/ethinyl estradiol, amlodipine, omeprazole, hydrochlorothiazide (HCTZ), metformin, atorvastatin, and sildenafil, did not alter the systemic exposure to sacubitril, LBQ657 or valsartan.",Follow the management information in the FDA label and verify with prescribing clinician.,https://api.fda.gov/drug/label.json?search=id:27616611-6b9c-4e50-b93b-ed29c24f9857,"[clinical_pharmacology] Dedicated drug interaction studies demonstrated that coadministration of furosemide, warfarin, digoxin, carvedilol, a combination of levonorgestrel/ethinyl estradiol, amlodipine, omeprazole, hydrochlorothiazide (HCTZ), metformin, atorvastatin, and sildenafil, did not alter the systemic exposure to sacubitril, LBQ657 or valsartan."
valsartan,digoxin,Not stated in FDA label,"[clinical_pharmacology] Dedicated drug interaction studies demonstrated that coadministration of furosemide, warfarin, digoxin, carvedilol, a combination of levonorgestrel/ethinyl estradiol, amlodipine, omeprazole, hydrochlorothiazide (HCTZ), metformin, atorvastatin, and sildenafil, did not alter the systemic exposure to sacubitril, LBQ657 or valsartan.",Follow the management information in the FDA label and verify with prescribing clinician.,https://api.fda.gov/drug/label.json?search=id:27616611-6b9c-4e50-b93b-ed29c24f9857,"[clinical_pharmacology] Dedicated drug interaction studies demonstrated that coadministration of furosemide, warfarin, digoxin, carvedilol, a combination of levonorgestrel/ethinyl estradiol, amlodipine, omeprazole, hydrochlorothiazide (HCTZ), metformin, atorvastatin, and sildenafil, did not alter the systemic exposure to sacubitril, LBQ657 or valsartan."
irbesartan,nifedipine,Not stated in FDA label,"[drug_interactions] However, in clinical studies, concomitant nifedipine had no effect on irbesartan pharmacokinetics. [precautions] However, in clinical studies, concomitant nifedipine had no effect on irbesartan pharmacokinetics.",Follow the management information in the FDA label and verify with prescribing clinician.,https://api.fda.gov/drug/label.json?search=id:49efb84f-c70f-4e63-aa0f-82a6acbd9665,"[drug_interactions] However, in clinical studies, concomitant nifedipine had no effect on irbesartan pharmacokinetics. [precautions] However, in clinical studies, concomitant nifedipine had no effect on irbesartan pharmacokinetics."
irbesartan,warfarin,Not stated in FDA label,"[clinical_pharmacology] However, in clinical studies the consequences of concomitant irbesartan on the pharmacodynamics of warfarin were negligible.",Follow the management information in the FDA label and verify with prescribing clinician.,https://api.fda.gov/drug/label.json?search=id:5640ca24-7db7-0273-e063-6294a90aaf67,"[clinical_pharmacology] However, in clinical studies the consequences of concomitant irbesartan on the pharmacodynamics of warfarin were negligible."
amlodipine,diltiazem,Not stated in FDA label,[clinical_pharmacology] CYP3A inhibitors : Co-administration of a 180 mg daily dose of diltiazem with 5 mg amlodipine in elderly hypertensive patients resulted in a 60% increase in amlodipine systemic exposure.,Follow the management information in the FDA label and verify with prescribing clinician.,https://api.fda.gov/drug/label.json?search=id:a133e010-5957-430e-b449-aae85224caab,[clinical_pharmacology] CYP3A inhibitors : Co-administration of a 180 mg daily dose of diltiazem with 5 mg amlodipine in elderly hypertensive patients resulted in a 60% increase in amlodipine systemic exposure.
amlodipine,spironolactone,Not stated in FDA label,"[drug_interactions] Potassium-sparing diuretics (spironolactone, amiloride, triamterene, and others) or potassium supplements can increase the risk of hyperkalemia.",Follow the management information in the FDA label and verify with prescribing clinician.,https://api.fda.gov/drug/label.json?search=id:41230e10-2e74-dd97-e063-6294a90a4b85,"[drug_interactions] Potassium-sparing diuretics (spironolactone, amiloride, triamterene, and others) or potassium supplements can increase the risk of hyperkalemia."
amlodipine,simvastatin,Not stated in FDA label,"[clinical_pharmacology] Coadministered Drug or Grapefruit Juice Dosing of Coadministered Drug or Grapefruit Juice Dosing of Simvastatin Geometric Mean Ratio (Ratio * with / without coadministered drug) No Effect = 1.00 AUC C max Telithromycin † 200 mg QD for 4 days 80 mg simvastatin acid ‡ 12 15 simvastatin 8.9 5.3 Nelfinavir † 1250 mg BID for 14 days 20 mg QD for 28 days simvastatin acid ‡ simvastatin 6 6.2 Itraconazole † 200 mg QD for 4 days 80 mg simvastatin acid ‡ 13.1 simvastatin 13.1 Posaconazole 100 mg (oral suspension) QD for 13 days 40 mg simvastatin acid simvastatin 7.3 10.3 9.2 9.4 200 mg (oral suspension) QD for 13 days 40 mg simvastatin acid simvastatin 8.5 10.6 9.5 11.4 Gemfibrozil 600 mg BID for 3 days 40 mg simvastatin acid simvastatin 2.85 1.35 2.18 0.91 Grapefruit Juice § (high dose) 200 mL of double-strength TID ¶ 60 mg single dose simvastatin acid simvastatin 7 16 Grapefruit Juice § (low dose) 8 oz (about 237mL) of single-strength # 20 mg single dose simvastatin acid simvastatin 1.3 1.9 Verapamil SR 240 mg QD Days 1 to 7 then 240 mg BID on Days 8 to 10 80 mg on Day 10 simvastatin acid simvastatin 2.3 2.5 2.4 2.1 Diltiazem 120 mg BID for 10 days 80 mg on Day 10 simvastatin acid simvastatin 2.69 3.10 2.69 2.88 Diltiazem 120 mg BID for 14 days 20 mg on Day 14 simvastatin 4.6 3.6 Dronedarone 400 mg BID for 14 days 40 mg QD for 14 days simvastatin acid simvastatin 1.96 3.90 2.14 3.75 Amiodarone 400 mg QD for 3 days 40 mg on Day 3 simvastatin acid simvastatin 1.75 1.76 1.72 1.79 Amlodipine 10 mg QD x 10 days 80 mg on Day 10 simvastatin acid simvastatin 1.58 1.77 1.56 1.47 Ranolazine SR 1000 mg BID for 7 days 80 mg on Day 1 and Days 6 to 9 simvastatin acid simvastatin 2.26 1.86 2.28 1.75 Lomitapide 60 mg QD for 7 days 40 mg single dose simvastatin acid simvastatin 1.7 2 1.6 2 Lomitapide 10 mg QD for 7 days 20 mg single dose simvastatin acid simvastatin 1.4 1.6 1.4 1.7 Fenofibrate 160 mg QD x 14 days 80 mg QD on Days 8 to 14 simvastatin acid simvastatin 0.64 0.89 0.89 0.83 Niacin extended-release 2 g single dose 20 mg single dose simvastatin acid simvastatin 1.6 1.4 1.84 1.08 Propranolol 80 mg single dose 80 mg single dose total inhibitor 0.79 ↓ from 33.6 to 21.1 ng·eq/mL Simvastatin's Effect on the Pharmacokinetics of Other Drugs: In a study of 12 healthy volunteers, simvastatin at the 80-mg dose had no effect on the metabolism of the probe cytochrome P450 isoform 3A4 (CYP3A4) substrates midazolam and erythromycin.",Follow the management information in the FDA label and verify with prescribing clinician.,https://api.fda.gov/drug/label.json?search=id:4bbbb5c9-6c29-bc3b-e063-6294a90a6cce,"[clinical_pharmacology] Coadministered Drug or Grapefruit Juice Dosing of Coadministered Drug or Grapefruit Juice Dosing of Simvastatin Geometric Mean Ratio (Ratio * with / without coadministered drug) No Effect = 1.00 AUC C max Telithromycin † 200 mg QD for 4 days 80 mg simvastatin acid ‡ 12 15 simvastatin 8.9 5.3 Nelfinavir † 1250 mg BID for 14 days 20 mg QD for 28 days simvastatin acid ‡ simvastatin 6 6.2 Itraconazole † 200 mg QD for 4 days 80 mg simvastatin acid ‡ 13.1 simvastatin 13.1 Posaconazole 100 mg (oral suspension) QD for 13 days 40 mg simvastatin acid simvastatin 7.3 10.3 9.2 9.4 200 mg (oral suspension) QD for 13 days 40 mg simvastatin acid simvastatin 8.5 10.6 9.5 11.4 Gemfibrozil 600 mg BID for 3 days 40 mg simvastatin acid simvastatin 2.85 1.35 2.18 0.91 Grapefruit Juice § (high dose) 200 mL of double-strength TID ¶ 60 mg single dose simvastatin acid simvastatin 7 16 Grapefruit Juice § (low dose) 8 oz (about 237mL) of single-strength # 20 mg single dose simvastatin acid simvastatin 1.3 1.9 Verapamil SR 240 mg QD Days 1 to 7 then 240 mg BID on Days 8 to 10 80 mg on Day 10 simvastatin acid simvastatin 2.3 2.5 2.4 2.1 Diltiazem 120 mg BID for 10 days 80 mg on Day 10 simvastatin acid simvastatin 2.69 3.10 2.69 2.88 Diltiazem 120 mg BID for 14 days 20 mg on Day 14 simvastatin 4.6 3.6 Dronedarone 400 mg BID for 14 days 40 mg QD for 14 days simvastatin acid simvastatin 1.96 3.90 2.14 3.75 Amiodarone 400 mg QD for 3 days 40 mg on Day 3 simvastatin acid simvastatin 1.75 1.76 1.72 1.79 Amlodipine 10 mg QD x 10 days 80 mg on Day 10 simvastatin acid simvastatin 1.58 1.77 1.56 1.47 Ranolazine SR 1000 mg BID for 7 days 80 mg on Day 1 and Days 6 to 9 simvastatin acid simvastatin 2.26 1.86 2.28 1.75 Lomitapide 60 mg QD for 7 days 40 mg single dose simvastatin acid simvastatin 1.7 2 1.6 2 Lomitapide 10 mg QD for 7 days 20 mg single dose simvastatin acid simvastatin 1.4 1.6 1.4 1.7 Fenofibrate 160 mg QD x 14 days 80 mg QD on Days 8 to 14 simvastatin acid simvastatin 0.64 0.89 0.89 0.83 Niacin extended-release 2 g single dose 20 mg single dose simvastatin acid simvastatin 1.6 1.4 1.84 1.08 Propranolol 80 mg single dose 80 mg single dose total inhibitor 0.79 ↓ from 33.6 to 21.1 ng·eq/mL Simvastatin's Effect on the Pharmacokinetics of Other Drugs: In a study of 12 healthy volunteers, simvastatin at the 80-mg dose had no effect on the metabolism of the probe cytochrome P450 isoform 3A4 (CYP3A4) substrates midazolam and erythromycin."
amlodipine,atorvastatin,Not stated in FDA label,"[clinical_pharmacology] Table 5: Effect of Co-administered Drugs on the Pharmacokinetics of Atorvastatin Co-administered drug and dosage regimen Atorvastatin Dosage (mg) Ratio of AUC & Ratio of C max & # Cyclosporine 5.2 mg/kg/day, stable dose 10 mg QD a for 28 days 8.69 10.66 # Tipranavir 500 mg BID b /ritonavir 200 mg BIDb, 7 days 10 mg SD c 9.36 8.58 # Glecaprevir 400 mg QD a /pibrentasvir 120 mg QD a , 7 days 10 mg QD a for 7 days 8.28 22.00 # Telaprevir 750 mg q8hf, 10 days 20 mg SD c 7.88 10.60 #, ‡ Saquinavir 400 mg BID b /ritonavir 400 mg BID b , 15 days 40 mg QD a for 4 days 3.93 4.31 # Elbasvir 50 mg QD a /grazoprevir 200 mg QD a , 13 days 10 mg SD c 1.94 4.34 # Simeprevir 150 mg QD a , 10 days 40 mg SD c 2.12 1.70 # Clarithromycin 500 mg BID b , 9 days 80 mg QD a for 8 days 4.54 5.38 # Darunavir 300 mg BIDb/ritonavir 100 mg BID b , 9 days 10 mg QD a for 4 days 3.45 2.25 # Itraconazole 200 mg QD a , 4 days 40 mg SD c 3.32 1.20 # Letermovir 480 mg QD a , 10 days 20 mg SD c 3.29 2.17 # Fosamprenavir 700 mg BIDb/ritonavir 100 mg BID b , 14 days 10 mg QD a for 4 days 2.53 2.84 # Fosamprenavir 1400 mg BID b , 14 days 10 mg QD a for 4 days 2.30 4.04 # Nelfinavir 1250 mg BID b , 14 days 10 mg QD a for 28 days 1.74 2.22 # Grapefruit Juice, 240 mL QD a ,* 40 mg SD c 1.37 1.16 Diltiazem 240 mg QDa, 28 days 40 mg SD c 1.51 1.00 Erythromycin 500 mg QID e , 7 days 10 mg SD c 1.33 1.38 Amlodipine 10 mg, single dose 80 mg SD c 1.18 0.91 Cimetidine 300 mg QID e , 2 weeks 10 mg QD a for 2 weeks 1.00 0.89 Colestipol 10 g BID b , 24 weeks 40 mg QD a for 8 weeks NA 0.74** Maalox TC ® 30 mL QID e , 17 days 10 mg QD a for 15 days 0.66 0.67 Efavirenz 600 mg QD a , 14 days 10 mg for 3 days 0.59 1.01 # Rifampin 600 mg QD a , 7 days (co-administered) † 40 mg SD c 1.12 2.90 # Rifampin 600 mg QD a , 5 days (doses separated) † 40 mg SD c 0.20 0.60 # Gemfibrozil 600 mg BID b , 7 days 40 mg SD c 1.35 1.00 # Fenofibrate 160 mg QD a , 7 days 40 mg SD c 1.03 1.02 Boceprevir 800 mg TIDd, 7 days 40 mg SD c 2.32 2.66 & Represents ratio of treatments (co-administered drug plus atorvastatin vs.",Follow the management information in the FDA label and verify with prescribing clinician.,https://api.fda.gov/drug/label.json?search=id:16400a94-a140-4df0-bd7f-52a6e117dec3,"[clinical_pharmacology] Table 5: Effect of Co-administered Drugs on the Pharmacokinetics of Atorvastatin Co-administered drug and dosage regimen Atorvastatin Dosage (mg) Ratio of AUC & Ratio of C max & # Cyclosporine 5.2 mg/kg/day, stable dose 10 mg QD a for 28 days 8.69 10.66 # Tipranavir 500 mg BID b /ritonavir 200 mg BIDb, 7 days 10 mg SD c 9.36 8.58 # Glecaprevir 400 mg QD a /pibrentasvir 120 mg QD a , 7 days 10 mg QD a for 7 days 8.28 22.00 # Telaprevir 750 mg q8hf, 10 days 20 mg SD c 7.88 10.60 #, ‡ Saquinavir 400 mg BID b /ritonavir 400 mg BID b , 15 days 40 mg QD a for 4 days 3.93 4.31 # Elbasvir 50 mg QD a /grazoprevir 200 mg QD a , 13 days 10 mg SD c 1.94 4.34 # Simeprevir 150 mg QD a , 10 days 40 mg SD c 2.12 1.70 # Clarithromycin 500 mg BID b , 9 days 80 mg QD a for 8 days 4.54 5.38 # Darunavir 300 mg BIDb/ritonavir 100 mg BID b , 9 days 10 mg QD a for 4 days 3.45 2.25 # Itraconazole 200 mg QD a , 4 days 40 mg SD c 3.32 1.20 # Letermovir 480 mg QD a , 10 days 20 mg SD c 3.29 2.17 # Fosamprenavir 700 mg BIDb/ritonavir 100 mg BID b , 14 days 10 mg QD a for 4 days 2.53 2.84 # Fosamprenavir 1400 mg BID b , 14 days 10 mg QD a for 4 days 2.30 4.04 # Nelfinavir 1250 mg BID b , 14 days 10 mg QD a for 28 days 1.74 2.22 # Grapefruit Juice, 240 mL QD a ,* 40 mg SD c 1.37 1.16 Diltiazem 240 mg QDa, 28 days 40 mg SD c 1.51 1.00 Erythromycin 500 mg QID e , 7 days 10 mg SD c 1.33 1.38 Amlodipine 10 mg, single dose 80 mg SD c 1.18 0.91 Cimetidine 300 mg QID e , 2 weeks 10 mg QD a for 2 weeks 1.00 0.89 Colestipol 10 g BID b , 24 weeks 40 mg QD a for 8 weeks NA 0.74** Maalox TC ® 30 mL QID e , 17 days 10 mg QD a for 15 days 0.66 0.67 Efavirenz 600 mg QD a , 14 days 10 mg for 3 days 0.59 1.01 # Rifampin 600 mg QD a , 7 days (co-administered) † 40 mg SD c 1.12 2.90 # Rifampin 600 mg QD a , 5 days (doses separated) † 40 mg SD c 0.20 0.60 # Gemfibrozil 600 mg BID b , 7 days 40 mg SD c 1.35 1.00 # Fenofibrate 160 mg QD a , 7 days 40 mg SD c 1.03 1.02 Boceprevir 800 mg TIDd, 7 days 40 mg SD c 2.32 2.66 & Represents ratio of treatments (co-administered drug plus atorvastatin vs."
amlodipine,warfarin,Not stated in FDA label,"[drug_interactions] Table 2: Examples of CYP450 Interactions with Warfarin Enzyme Inhibitors Inducers CYP2C9 amiodarone, capecitabine, cotrimoxazole, etravirine, fluconazole, fluvastatin, fluvoxamine, metronidazole, miconazole, oxandrolone, sulfinpyrazone, tigecycline, voriconazole, zafirlukast aprepitant, bosentan, carbamazepine, phenobarbital, rifampin CYP1A2 acyclovir, allopurinol, caffeine, cimetidine, ciprofloxacin, disulfiram, enoxacin, famotidine, fluvoxamine, methoxsalen, mexiletine, norfloxacin, oral contraceptives, phenylpropanolamine, propafenone, propranolol, terbinafine, thiabendazole, ticlopidine, verapamil, zileuton montelukast, moricizine, omeprazole, phenobarbital, phenytoin, cigarette smoking CYP3A4 alprazolam, amiodarone, amlodipine, amprenavir, aprepitant, atorvastatin, atazanavir, bicalutamide, cilostazol, cimetidine, ciprofloxacin, clarithromycin, conivaptan, cyclosporine, darunavir/ritonavir, diltiazem, erythromycin, fluconazole, fluoxetine, fluvoxamine, fosamprenavir, imatinib, indinavir, isoniazid, itraconazole, ketoconazole, lopinavir/ritonavir, nefazodone, nelfinavir, nilotinib, oral contraceptives, posaconazole, ranitidine, ranolazine, ritonavir, saquinavir, telithromycin, tipranavir, voriconazole, zileuton armodafinil, amprenavir, aprepitant, bosentan, carbamazepine, efavirenz, etravirine, modafinil, nafcillin, phenytoin, pioglitazone, prednisone, rifampin, rufinamide 7.3 Drugs that Increase Bleeding Risk Examples of drugs known to increase the risk of bleeding are presented in Table 3 .",Follow the management information in the FDA label and verify with prescribing clinician.,https://api.fda.gov/drug/label.json?search=id:b8c33971-54b3-4971-bf7f-1bec66999a29,"[drug_interactions] Table 2: Examples of CYP450 Interactions with Warfarin Enzyme Inhibitors Inducers CYP2C9 amiodarone, capecitabine, cotrimoxazole, etravirine, fluconazole, fluvastatin, fluvoxamine, metronidazole, miconazole, oxandrolone, sulfinpyrazone, tigecycline, voriconazole, zafirlukast aprepitant, bosentan, carbamazepine, phenobarbital, rifampin CYP1A2 acyclovir, allopurinol, caffeine, cimetidine, ciprofloxacin, disulfiram, enoxacin, famotidine, fluvoxamine, methoxsalen, mexiletine, norfloxacin, oral contraceptives, phenylpropanolamine, propafenone, propranolol, terbinafine, thiabendazole, ticlopidine, verapamil, zileuton montelukast, moricizine, omeprazole, phenobarbital, phenytoin, cigarette smoking CYP3A4 alprazolam, amiodarone, amlodipine, amprenavir, aprepitant, atorvastatin, atazanavir, bicalutamide, cilostazol, cimetidine, ciprofloxacin, clarithromycin, conivaptan, cyclosporine, darunavir/ritonavir, diltiazem, erythromycin, fluconazole, fluoxetine, fluvoxamine, fosamprenavir, imatinib, indinavir, isoniazid, itraconazole, ketoconazole, lopinavir/ritonavir, nefazodone, nelfinavir, nilotinib, oral contraceptives, posaconazole, ranitidine, ranolazine, ritonavir, saquinavir, telithromycin, tipranavir, voriconazole, zileuton armodafinil, amprenavir, aprepitant, bosentan, carbamazepine, efavirenz, etravirine, modafinil, nafcillin, phenytoin, pioglitazone, prednisone, rifampin, rufinamide 7.3 Drugs that Increase Bleeding Risk Examples of drugs known to increase the risk of bleeding are presented in Table 3 ."
nifedipine,diltiazem,Not stated in FDA label,[drug_interactions] Caution should be exercised when co-administering diltiazem and nifedipine and a reduction of the dose of nifedipine should be considered. [precautions] Caution should be exercised when co-administering diltiazem and nifedipine and a reduction of the dose of nifedipine should be considered.,Follow the management information in the FDA label and verify with prescribing clinician.,https://api.fda.gov/drug/label.json?search=id:49efb84f-c70f-4e63-aa0f-82a6acbd9665,[drug_interactions] Caution should be exercised when co-administering diltiazem and nifedipine and a reduction of the dose of nifedipine should be considered. [precautions] Caution should be exercised when co-administering diltiazem and nifedipine and a reduction of the dose of nifedipine should be considered.
nifedipine,verapamil,Not stated in FDA label,"[drug_interactions] Verapamil: Verapamil, a CYP3A inhibitor, can inhibit the metabolism of nifedipine and increase the exposure to nifedipine during concomitant therapy. [precautions] Verapamil: Verapamil, a CYP3A inhibitor, can inhibit the metabolism of nifedipine and increase the exposure to nifedipine during concomitant therapy.",Follow the management information in the FDA label and verify with prescribing clinician.,https://api.fda.gov/drug/label.json?search=id:49efb84f-c70f-4e63-aa0f-82a6acbd9665,"[drug_interactions] Verapamil: Verapamil, a CYP3A inhibitor, can inhibit the metabolism of nifedipine and increase the exposure to nifedipine during concomitant therapy. [precautions] Verapamil: Verapamil, a CYP3A inhibitor, can inhibit the metabolism of nifedipine and increase the exposure to nifedipine during concomitant therapy."
nifedipine,digoxin,Not stated in FDA label,"[drug_interactions] Since there have been isolated reports of patients with elevated digoxin levels, and there is a possible interaction between digoxin and nifedipine extended-release tablet, it is recommended that digoxin levels be monitored when initiating, adjusting and discontinuing nifedipine extended-release tablet to avoid possible over- or under-digitalization. [precautions] Since there have been isolated reports of patients with elevated digoxin levels, and there is a possible interaction between digoxin and nifedipine extended-release tablet, it is recommended that digoxin levels be monitored when initiating, adjusting and discontinuing nifedipine extended-release tablet to avoid possible over- or under-digitalization.",Follow the management information in the FDA label and verify with prescribing clinician.,https://api.fda.gov/drug/label.json?search=id:49efb84f-c70f-4e63-aa0f-82a6acbd9665,"[drug_interactions] Since there have been isolated reports of patients with elevated digoxin levels, and there is a possible interaction between digoxin and nifedipine extended-release tablet, it is recommended that digoxin levels be monitored when initiating, adjusting and discontinuing nifedipine extended-release tablet to avoid possible over- or under-digitalization. [precautions] Since there have been isolated reports of patients with elevated digoxin levels, and there is a possible interaction between digoxin and nifedipine extended-release tablet, it is recommended that digoxin levels be monitored when initiating, adjusting and discontinuing nifedipine extended-release tablet to avoid possible over- or under-digitalization."
diltiazem,metoprolol,Not stated in FDA label,"[drug_interactions] ( 7.3 ) • Concomitant use of glycosides, clonidine, and diltiazem and verapamil with beta-blockers can increase the risk of bradycardia.",Follow the management information in the FDA label and verify with prescribing clinician.,https://api.fda.gov/drug/label.json?search=id:806d7d73-8e7c-4cb1-91c6-f0f9aa61e51a,"[drug_interactions] ( 7.3 ) • Concomitant use of glycosides, clonidine, and diltiazem and verapamil with beta-blockers can increase the risk of bradycardia."
diltiazem,propranolol,Not stated in FDA label,"[drug_interactions] Co-administration of propranolol and diltiazem in patients with cardiac disease has been associated with bradycardia, hypotension, high-degree heart block, and heart failure. [drug_interactions] Co-administration of propranolol and diltiazem in patients with cardiac disease has been associated with bradycardia, hypotension, high-degree heart block, and heart failure. [drug_interactions] Co-administration of propranolol and diltiazem in patients with cardiac disease has been associated with bradycardia, hypotension, high-degree heart block, and heart failure.",Follow the management information in the FDA label and verify with prescribing clinician.,https://api.fda.gov/drug/label.json?search=id:5903fa58-2cbc-4783-99e5-ab212c4e8388,"[drug_interactions] Co-administration of propranolol and diltiazem in patients with cardiac disease has been associated with bradycardia, hypotension, high-degree heart block, and heart failure. [drug_interactions] Co-administration of propranolol and diltiazem in patients with cardiac disease has been associated with bradycardia, hypotension, high-degree heart block, and heart failure. [drug_interactions] Co-administration of propranolol and diltiazem in patients with cardiac disease has been associated with bradycardia, hypotension, high-degree heart block, and heart failure."
diltiazem,clonidine,Not stated in FDA label,[drug_interactions] Clonidine : Sinus bradycardia resulting in hospitalization and pacemaker insertion has been reported in association with the use of clonidine concurrently with diltiazem. [drug_interactions] Monitor heart rate in patients receiving concomitant diltiazem and clonidine. [precautions] Clonidine : Sinus bradycardia resulting in hospitalization and pacemaker insertion has been reported in association with the use of clonidine concurrently with diltiazem.,Follow the management information in the FDA label and verify with prescribing clinician.,https://api.fda.gov/drug/label.json?search=id:90a6eaea-ad5f-4d7a-8159-6c8f4b2562dd,[drug_interactions] Clonidine : Sinus bradycardia resulting in hospitalization and pacemaker insertion has been reported in association with the use of clonidine concurrently with diltiazem. [drug_interactions] Monitor heart rate in patients receiving concomitant diltiazem and clonidine. [precautions] Clonidine : Sinus bradycardia resulting in hospitalization and pacemaker insertion has been reported in association with the use of clonidine concurrently with diltiazem.
diltiazem,simvastatin,Not stated in FDA label,"[clinical_pharmacology] Coadministered Drug or Grapefruit Juice Dosing of Coadministered Drug or Grapefruit Juice Dosing of Simvastatin Geometric Mean Ratio (Ratio * with / without coadministered drug) No Effect = 1.00 AUC C max Telithromycin † 200 mg QD for 4 days 80 mg simvastatin acid ‡ 12 15 simvastatin 8.9 5.3 Nelfinavir † 1250 mg BID for 14 days 20 mg QD for 28 days simvastatin acid ‡ simvastatin 6 6.2 Itraconazole † 200 mg QD for 4 days 80 mg simvastatin acid ‡ 13.1 simvastatin 13.1 Posaconazole 100 mg (oral suspension) QD for 13 days 40 mg simvastatin acid simvastatin 7.3 10.3 9.2 9.4 200 mg (oral suspension) QD for 13 days 40 mg simvastatin acid simvastatin 8.5 10.6 9.5 11.4 Gemfibrozil 600 mg BID for 3 days 40 mg simvastatin acid simvastatin 2.85 1.35 2.18 0.91 Grapefruit Juice § (high dose) 200 mL of double-strength TID ¶ 60 mg single dose simvastatin acid simvastatin 7 16 Grapefruit Juice § (low dose) 8 oz (about 237mL) of single-strength # 20 mg single dose simvastatin acid simvastatin 1.3 1.9 Verapamil SR 240 mg QD Days 1 to 7 then 240 mg BID on Days 8 to 10 80 mg on Day 10 simvastatin acid simvastatin 2.3 2.5 2.4 2.1 Diltiazem 120 mg BID for 10 days 80 mg on Day 10 simvastatin acid simvastatin 2.69 3.10 2.69 2.88 Diltiazem 120 mg BID for 14 days 20 mg on Day 14 simvastatin 4.6 3.6 Dronedarone 400 mg BID for 14 days 40 mg QD for 14 days simvastatin acid simvastatin 1.96 3.90 2.14 3.75 Amiodarone 400 mg QD for 3 days 40 mg on Day 3 simvastatin acid simvastatin 1.75 1.76 1.72 1.79 Amlodipine 10 mg QD x 10 days 80 mg on Day 10 simvastatin acid simvastatin 1.58 1.77 1.56 1.47 Ranolazine SR 1000 mg BID for 7 days 80 mg on Day 1 and Days 6 to 9 simvastatin acid simvastatin 2.26 1.86 2.28 1.75 Lomitapide 60 mg QD for 7 days 40 mg single dose simvastatin acid simvastatin 1.7 2 1.6 2 Lomitapide 10 mg QD for 7 days 20 mg single dose simvastatin acid simvastatin 1.4 1.6 1.4 1.7 Fenofibrate 160 mg QD x 14 days 80 mg QD on Days 8 to 14 simvastatin acid simvastatin 0.64 0.89 0.89 0.83 Niacin extended-release 2 g single dose 20 mg single dose simvastatin acid simvastatin 1.6 1.4 1.84 1.08 Propranolol 80 mg single dose 80 mg single dose total inhibitor 0.79 ↓ from 33.6 to 21.1 ng·eq/mL Simvastatin's Effect on the Pharmacokinetics of Other Drugs: In a study of 12 healthy volunteers, simvastatin at the 80-mg dose had no effect on the metabolism of the probe cytochrome P450 isoform 3A4 (CYP3A4) substrates midazolam and erythromycin.",Follow the management information in the FDA label and verify with prescribing clinician.,https://api.fda.gov/drug/label.json?search=id:4bbbb5c9-6c29-bc3b-e063-6294a90a6cce,"[clinical_pharmacology] Coadministered Drug or Grapefruit Juice Dosing of Coadministered Drug or Grapefruit Juice Dosing of Simvastatin Geometric Mean Ratio (Ratio * with / without coadministered drug) No Effect = 1.00 AUC C max Telithromycin † 200 mg QD for 4 days 80 mg simvastatin acid ‡ 12 15 simvastatin 8.9 5.3 Nelfinavir † 1250 mg BID for 14 days 20 mg QD for 28 days simvastatin acid ‡ simvastatin 6 6.2 Itraconazole † 200 mg QD for 4 days 80 mg simvastatin acid ‡ 13.1 simvastatin 13.1 Posaconazole 100 mg (oral suspension) QD for 13 days 40 mg simvastatin acid simvastatin 7.3 10.3 9.2 9.4 200 mg (oral suspension) QD for 13 days 40 mg simvastatin acid simvastatin 8.5 10.6 9.5 11.4 Gemfibrozil 600 mg BID for 3 days 40 mg simvastatin acid simvastatin 2.85 1.35 2.18 0.91 Grapefruit Juice § (high dose) 200 mL of double-strength TID ¶ 60 mg single dose simvastatin acid simvastatin 7 16 Grapefruit Juice § (low dose) 8 oz (about 237mL) of single-strength # 20 mg single dose simvastatin acid simvastatin 1.3 1.9 Verapamil SR 240 mg QD Days 1 to 7 then 240 mg BID on Days 8 to 10 80 mg on Day 10 simvastatin acid simvastatin 2.3 2.5 2.4 2.1 Diltiazem 120 mg BID for 10 days 80 mg on Day 10 simvastatin acid simvastatin 2.69 3.10 2.69 2.88 Diltiazem 120 mg BID for 14 days 20 mg on Day 14 simvastatin 4.6 3.6 Dronedarone 400 mg BID for 14 days 40 mg QD for 14 days simvastatin acid simvastatin 1.96 3.90 2.14 3.75 Amiodarone 400 mg QD for 3 days 40 mg on Day 3 simvastatin acid simvastatin 1.75 1.76 1.72 1.79 Amlodipine 10 mg QD x 10 days 80 mg on Day 10 simvastatin acid simvastatin 1.58 1.77 1.56 1.47 Ranolazine SR 1000 mg BID for 7 days 80 mg on Day 1 and Days 6 to 9 simvastatin acid simvastatin 2.26 1.86 2.28 1.75 Lomitapide 60 mg QD for 7 days 40 mg single dose simvastatin acid simvastatin 1.7 2 1.6 2 Lomitapide 10 mg QD for 7 days 20 mg single dose simvastatin acid simvastatin 1.4 1.6 1.4 1.7 Fenofibrate 160 mg QD x 14 days 80 mg QD on Days 8 to 14 simvastatin acid simvastatin 0.64 0.89 0.89 0.83 Niacin extended-release 2 g single dose 20 mg single dose simvastatin acid simvastatin 1.6 1.4 1.84 1.08 Propranolol 80 mg single dose 80 mg single dose total inhibitor 0.79 ↓ from 33.6 to 21.1 ng·eq/mL Simvastatin's Effect on the Pharmacokinetics of Other Drugs: In a study of 12 healthy volunteers, simvastatin at the 80-mg dose had no effect on the metabolism of the probe cytochrome P450 isoform 3A4 (CYP3A4) substrates midazolam and erythromycin."
diltiazem,atorvastatin,Not stated in FDA label,"[clinical_pharmacology] CYP3A inhibitors : Co-administration of a 180 mg daily dose of diltiazem with 5 mg amlodipine in elderly hypertensive patients resulted in a 60% increase in amlodipine systemic exposure. [clinical_pharmacology] Effect of Co-administered Drugs on the Pharmacokinetics of Atorvastatin Co-administered drug and dosage regimen Atorvastatin Dosage (mg) Ratio of AUC & Ratio of C max & # Cyclosporine 5.2 mg/kg/day, stable dose 10 mg QD a for 28 days 8.69 10.66 # Tipranavir 500 mg BID b /ritonavir 200 mg BID b , 7 days 10 mg SD c 9.36 8.58 # Glecaprevir 400 mg QD a /pibrentasvir 120 mg QD a , 7 days 10 mg QD a for 7 days 8.28 22.00 # Telaprevir 750 mg q8h f , 10 days 20 mg SD c 7.88 10.60 #, ‡ Saquinavir 400 mg BID b /ritonavir 400 mg BID b , 15 days 40 mg QD a for 4 days 3.93 4.31 # Elbasvir 50 mg QD a /grazoprevir 200 mg QD a , 13 days 10 mg SD c 1.94 4.34 # Simeprevir 150 mg QD a , 10 days 40 mg SD c 2.12 1.70 # Clarithromycin 500 mg BID b , 9 days 80 mg QD a for 8 days 4.54 5.38 # Darunavir 300 mg BID b /ritonavir 100 mg BID b , 9 days 10 mg QD a for 4 days 3.45 2.25 # Itraconazole 200 mg QD a , 4 days 40 mg SD c 3.32 1.20 # Letermovir 480 mg QD a , 10 days 20 mg SD c 3.29 2.17 # Fosamprenavir 700 mg BID b /ritonavir 100 mg BID b , 14 days 10 mg QD a for 4 days 2.53 2.84 # Fosamprenavir 1400 mg BID b , 14 days 10 mg QD a for 4 days 2.30 4.04 # Nelfinavir 1250 mg BID b , 14 days 10 mg QD a for 28 days 1.74 2.22 # Grapefruit Juice, 240 mL QD a, * 40 mg SD c 1.37 1.16 Diltiazem 240 mg QD a , 28 days 40 mg SD c 1.51 1.00 Erythromycin 500 mg QID e , 7 days 10 mg SD c 1.33 1.38 Amlodipine 10 mg, single dose 80 mg SD c 1.18 0.91 Cimetidine 300 mg QID e , 2 weeks 10 mg QD a for 2 weeks 1.00 0.89 Colestipol 10 g BID b , 24 weeks 40 mg QD a for 8 weeks NA 0.74** Maalox TC ® 30 mL QID e , 17 days 10 mg QD a for 15 days 0.66 0.67 Efavirenz 600 mg QD a , 14 days 10 mg for 3 days 0.59 1.01 # Rifampin 600 mg QD a , 7 days (co-administered) † 40 mg SD c 1.12 2.90 # Rifampin 600 mg QD a , 5 days (doses separated) † 40 mg SD c 0.20 0.60 # Gemfibrozil 600 mg BID b , 7 days 40 mg SD c 1.35 1.00 # Fenofibrate 160 mg QD a , 7 days 40 mg SD c 1.03 1.02 Boceprevir 800 mg TID d , 7 days 40 mg SD c 2.32 2.66 & Represents ratio of treatments (co-administered drug plus atorvastatin vs atorvastatin alone).",Follow the management information in the FDA label and verify with prescribing clinician.,https://api.fda.gov/drug/label.json?search=id:1e0577ab-3a32-4752-b948-ccc25c7c5356,"[clinical_pharmacology] CYP3A inhibitors : Co-administration of a 180 mg daily dose of diltiazem with 5 mg amlodipine in elderly hypertensive patients resulted in a 60% increase in amlodipine systemic exposure. [clinical_pharmacology] Effect of Co-administered Drugs on the Pharmacokinetics of Atorvastatin Co-administered drug and dosage regimen Atorvastatin Dosage (mg) Ratio of AUC & Ratio of C max & # Cyclosporine 5.2 mg/kg/day, stable dose 10 mg QD a for 28 days 8.69 10.66 # Tipranavir 500 mg BID b /ritonavir 200 mg BID b , 7 days 10 mg SD c 9.36 8.58 # Glecaprevir 400 mg QD a /pibrentasvir 120 mg QD a , 7 days 10 mg QD a for 7 days 8.28 22.00 # Telaprevir 750 mg q8h f , 10 days 20 mg SD c 7.88 10.60 #, ‡ Saquinavir 400 mg BID b /ritonavir 400 mg BID b , 15 days 40 mg QD a for 4 days 3.93 4.31 # Elbasvir 50 mg QD a /grazoprevir 200 mg QD a , 13 days 10 mg SD c 1.94 4.34 # Simeprevir 150 mg QD a , 10 days 40 mg SD c 2.12 1.70 # Clarithromycin 500 mg BID b , 9 days 80 mg QD a for 8 days 4.54 5.38 # Darunavir 300 mg BID b /ritonavir 100 mg BID b , 9 days 10 mg QD a for 4 days 3.45 2.25 # Itraconazole 200 mg QD a , 4 days 40 mg SD c 3.32 1.20 # Letermovir 480 mg QD a , 10 days 20 mg SD c 3.29 2.17 # Fosamprenavir 700 mg BID b /ritonavir 100 mg BID b , 14 days 10 mg QD a for 4 days 2.53 2.84 # Fosamprenavir 1400 mg BID b , 14 days 10 mg QD a for 4 days 2.30 4.04 # Nelfinavir 1250 mg BID b , 14 days 10 mg QD a for 28 days 1.74 2.22 # Grapefruit Juice, 240 mL QD a, * 40 mg SD c 1.37 1.16 Diltiazem 240 mg QD a , 28 days 40 mg SD c 1.51 1.00 Erythromycin 500 mg QID e , 7 days 10 mg SD c 1.33 1.38 Amlodipine 10 mg, single dose 80 mg SD c 1.18 0.91 Cimetidine 300 mg QID e , 2 weeks 10 mg QD a for 2 weeks 1.00 0.89 Colestipol 10 g BID b , 24 weeks 40 mg QD a for 8 weeks NA 0.74** Maalox TC ® 30 mL QID e , 17 days 10 mg QD a for 15 days 0.66 0.67 Efavirenz 600 mg QD a , 14 days 10 mg for 3 days 0.59 1.01 # Rifampin 600 mg QD a , 7 days (co-administered) † 40 mg SD c 1.12 2.90 # Rifampin 600 mg QD a , 5 days (doses separated) † 40 mg SD c 0.20 0.60 # Gemfibrozil 600 mg BID b , 7 days 40 mg SD c 1.35 1.00 # Fenofibrate 160 mg QD a , 7 days 40 mg SD c 1.03 1.02 Boceprevir 800 mg TID d , 7 days 40 mg SD c 2.32 2.66 & Represents ratio of treatments (co-administered drug plus atorvastatin vs atorvastatin alone)."
diltiazem,pravastatin,Not stated in FDA label,[clinical_pharmacology] Drug-Drug Interactions Table 5: Effect of Coadministered Drugs on the Pharmacokinetics of Pravastatin Coadministered Drug and Dosing Regimen Pravastatin Dose (mg) Change in AUC Change in C max Cyclosporine 5 mg/kg single dose 40 mg single dose ↑282% ↑327% Clarithromycin 500 mg BID for 9 days 40 mg OD for 8 days ↑110% ↑128% Boceprevir 800 mg TID for 6 days 40 mg single dose ↑63% ↑49% Darunavir 600 mg BID/Ritonavir 100 mg BID for 7 days 40 mg single dose ↑81% ↑63% Colestipol 10 g single dose 20 mg single dose ↓47% ↓53% Cholestyramine 4 g single dose Administered simultaneously Administered 1 hour prior to cholestyramine Administered 4 hours after cholestyramine 20 mg single dose ↓40% ↑12% ↓12% ↓39% ↑30% ↓6.8% Cholestyramine 24 g OD for 4 weeks 20 mg BID for 8 weeks 5 mg BID for 8 weeks 10 mg BID for 8 weeks ↓51% ↓38% ↓18% ↑4.9% ↑23% ↓33% Fluconazole 200 mg IV for 6 days 200 mg PO for 6 days 20 mg PO+10 mg IV 20 mg PO+10 mg IV ↓34% ↓16% ↓33% ↓16% Kaletra 400 mg/100 mg BID for 14 days 20 mg OD for 4 days ↑­33% ↑­26% Verapamil IR 120 mg for 1 day and Verapamil ER 480 mg for 3 days 40 mg single dose ↑31% ↑42% Cimetidine 300 mg QID for 3 days 20 mg single dose ↑30% ↑9.8% Antacids 15 mL QID for 3 days 20 mg single dose ↓28% ↓24% Digoxin 0.2 mg OD for 9 days 20 mg OD for 9 days ↑23% ↑26% Probucol 500 mg single dose 20 mg single dose ↑14% ↑24% Warfarin 5 mg OD for 6 days 20 mg BID for 6 days ↓13% ↑6.7% Itraconazole 200 mg OD for 30 days 40 mg OD for 30 days ↑11% (compared to Day 1) ↑17% (compared to Day 1) Gemfibrozil 600 mg single dose 20 mg single dose ↓7.0% ↓20% Aspirin 324 mg single dose 20 mg single dose ↑4.7% ↑8.9% Niacin 1 g single dose 20 mg single dose ↓3.6% ↓8.2% Diltiazem 20 mg single dose ↑2.7% ↑30% Grapefruit juice 40 mg single dose ↓1.8% ↑3.7% BID = twice daily; OD = once daily; QID = four times daily Table 6: Effect of Pravastatin on the Pharmacokinetics of Coadministered Drugs Pravastatin Dosing Regimen Name and Dose Change in AUC Change in C max 20 mg BID for 6 days Warfarin 5 mg OD for 6 days Change in mean prothrombin time ↑17% ↑0.4 sec ↑15% 20 mg OD for 9 days Digoxin 0.2 mg OD for 9 days ↑4.6% ↑5.3% 20 mg BID for 4 weeks 10 mg BID for 4 weeks 5 mg BID for 4 weeks Antipyrine 1.2 g single dose ↑3.0% ↑1.6% ↑Less than 1% Not Reported 20 mg OD for 4 days Kaletra 400 mg/100 mg BID for 14 days No change No change BID = twice daily; OD = once daily,Follow the management information in the FDA label and verify with prescribing clinician.,https://api.fda.gov/drug/label.json?search=id:3e0f38e6-a515-4d76-9de4-34a83c38e8f2,[clinical_pharmacology] Drug-Drug Interactions Table 5: Effect of Coadministered Drugs on the Pharmacokinetics of Pravastatin Coadministered Drug and Dosing Regimen Pravastatin Dose (mg) Change in AUC Change in C max Cyclosporine 5 mg/kg single dose 40 mg single dose ↑282% ↑327% Clarithromycin 500 mg BID for 9 days 40 mg OD for 8 days ↑110% ↑128% Boceprevir 800 mg TID for 6 days 40 mg single dose ↑63% ↑49% Darunavir 600 mg BID/Ritonavir 100 mg BID for 7 days 40 mg single dose ↑81% ↑63% Colestipol 10 g single dose 20 mg single dose ↓47% ↓53% Cholestyramine 4 g single dose Administered simultaneously Administered 1 hour prior to cholestyramine Administered 4 hours after cholestyramine 20 mg single dose ↓40% ↑12% ↓12% ↓39% ↑30% ↓6.8% Cholestyramine 24 g OD for 4 weeks 20 mg BID for 8 weeks 5 mg BID for 8 weeks 10 mg BID for 8 weeks ↓51% ↓38% ↓18% ↑4.9% ↑23% ↓33% Fluconazole 200 mg IV for 6 days 200 mg PO for 6 days 20 mg PO+10 mg IV 20 mg PO+10 mg IV ↓34% ↓16% ↓33% ↓16% Kaletra 400 mg/100 mg BID for 14 days 20 mg OD for 4 days ↑­33% ↑­26% Verapamil IR 120 mg for 1 day and Verapamil ER 480 mg for 3 days 40 mg single dose ↑31% ↑42% Cimetidine 300 mg QID for 3 days 20 mg single dose ↑30% ↑9.8% Antacids 15 mL QID for 3 days 20 mg single dose ↓28% ↓24% Digoxin 0.2 mg OD for 9 days 20 mg OD for 9 days ↑23% ↑26% Probucol 500 mg single dose 20 mg single dose ↑14% ↑24% Warfarin 5 mg OD for 6 days 20 mg BID for 6 days ↓13% ↑6.7% Itraconazole 200 mg OD for 30 days 40 mg OD for 30 days ↑11% (compared to Day 1) ↑17% (compared to Day 1) Gemfibrozil 600 mg single dose 20 mg single dose ↓7.0% ↓20% Aspirin 324 mg single dose 20 mg single dose ↑4.7% ↑8.9% Niacin 1 g single dose 20 mg single dose ↓3.6% ↓8.2% Diltiazem 20 mg single dose ↑2.7% ↑30% Grapefruit juice 40 mg single dose ↓1.8% ↑3.7% BID = twice daily; OD = once daily; QID = four times daily Table 6: Effect of Pravastatin on the Pharmacokinetics of Coadministered Drugs Pravastatin Dosing Regimen Name and Dose Change in AUC Change in C max 20 mg BID for 6 days Warfarin 5 mg OD for 6 days Change in mean prothrombin time ↑17% ↑0.4 sec ↑15% 20 mg OD for 9 days Digoxin 0.2 mg OD for 9 days ↑4.6% ↑5.3% 20 mg BID for 4 weeks 10 mg BID for 4 weeks 5 mg BID for 4 weeks Antipyrine 1.2 g single dose ↑3.0% ↑1.6% ↑Less than 1% Not Reported 20 mg OD for 4 days Kaletra 400 mg/100 mg BID for 14 days No change No change BID = twice daily; OD = once daily
diltiazem,warfarin,Not stated in FDA label,"[drug_interactions] Table 2: Examples of CYP450 Interactions with Warfarin Enzyme Inhibitors Inducers CYP2C9 amiodarone, capecitabine, cotrimoxazole, etravirine, fluconazole, fluvastatin, fluvoxamine, metronidazole, miconazole, oxandrolone, sulfinpyrazone, tigecycline, voriconazole, zafirlukast aprepitant, bosentan, carbamazepine, phenobarbital, rifampin CYP1A2 acyclovir, allopurinol, caffeine, cimetidine, ciprofloxacin, disulfiram, enoxacin, famotidine, fluvoxamine, methoxsalen, mexiletine, norfloxacin, oral contraceptives, phenylpropanolamine, propafenone, propranolol, terbinafine, thiabendazole, ticlopidine, verapamil, zileuton montelukast, moricizine, omeprazole, phenobarbital, phenytoin, cigarette smoking CYP3A4 alprazolam, amiodarone, amlodipine, amprenavir, aprepitant, atorvastatin, atazanavir, bicalutamide, cilostazol, cimetidine, ciprofloxacin, clarithromycin, conivaptan, cyclosporine, darunavir/ritonavir, diltiazem, erythromycin, fluconazole, fluoxetine, fluvoxamine, fosamprenavir, imatinib, indinavir, isoniazid, itraconazole, ketoconazole, lopinavir/ritonavir, nefazodone, nelfinavir, nilotinib, oral contraceptives, posaconazole, ranitidine, ranolazine, ritonavir, saquinavir, telithromycin, tipranavir, voriconazole, zileuton armodafinil, amprenavir, aprepitant, bosentan, carbamazepine, efavirenz, etravirine, modafinil, nafcillin, phenytoin, pioglitazone, prednisone, rifampin, rufinamide 7.3 Drugs that Increase Bleeding Risk Examples of drugs known to increase the risk of bleeding are presented in Table 3 .",Follow the management information in the FDA label and verify with prescribing clinician.,https://api.fda.gov/drug/label.json?search=id:b8c33971-54b3-4971-bf7f-1bec66999a29,"[drug_interactions] Table 2: Examples of CYP450 Interactions with Warfarin Enzyme Inhibitors Inducers CYP2C9 amiodarone, capecitabine, cotrimoxazole, etravirine, fluconazole, fluvastatin, fluvoxamine, metronidazole, miconazole, oxandrolone, sulfinpyrazone, tigecycline, voriconazole, zafirlukast aprepitant, bosentan, carbamazepine, phenobarbital, rifampin CYP1A2 acyclovir, allopurinol, caffeine, cimetidine, ciprofloxacin, disulfiram, enoxacin, famotidine, fluvoxamine, methoxsalen, mexiletine, norfloxacin, oral contraceptives, phenylpropanolamine, propafenone, propranolol, terbinafine, thiabendazole, ticlopidine, verapamil, zileuton montelukast, moricizine, omeprazole, phenobarbital, phenytoin, cigarette smoking CYP3A4 alprazolam, amiodarone, amlodipine, amprenavir, aprepitant, atorvastatin, atazanavir, bicalutamide, cilostazol, cimetidine, ciprofloxacin, clarithromycin, conivaptan, cyclosporine, darunavir/ritonavir, diltiazem, erythromycin, fluconazole, fluoxetine, fluvoxamine, fosamprenavir, imatinib, indinavir, isoniazid, itraconazole, ketoconazole, lopinavir/ritonavir, nefazodone, nelfinavir, nilotinib, oral contraceptives, posaconazole, ranitidine, ranolazine, ritonavir, saquinavir, telithromycin, tipranavir, voriconazole, zileuton armodafinil, amprenavir, aprepitant, bosentan, carbamazepine, efavirenz, etravirine, modafinil, nafcillin, phenytoin, pioglitazone, prednisone, rifampin, rufinamide 7.3 Drugs that Increase Bleeding Risk Examples of drugs known to increase the risk of bleeding are presented in Table 3 ."
diltiazem,digoxin,Not stated in FDA label,"[drug_interactions] Carvedilol 16% 14% Conivaptan 33% 43% Diltiazem 20% NA Indomethacin 40% NA Mirabegron 29% 27% Nefazodone 27% 15% Nifedipine 45% NA Propantheline 24% 24% Quinine NA 33% Rabeprazole 29% 19% Saquinavir 27% 49% Spironolactone 25% NA Telmisartan 20 to 49% NA Ticagrelor 31% 28% Tolvaptan 30% 20% Trimethoprim 22 to 28% NA Digoxin Concentrations Increased, but Magnitude is Unclear Alprazolam, Azithromycin, Cyclosporine, Diclofenac, Diphenoxylate, Epoprostenol, Esomeprazole, Ibuprofen, Ketoconazole, Lansoprazole, Metformin, Omeprazole Measure serum digoxin concentrations before initiating concomitant drugs.",Follow the management information in the FDA label and verify with prescribing clinician.,https://api.fda.gov/drug/label.json?search=id:db501397-8e41-4498-8626-49c6bfd79971,"[drug_interactions] Carvedilol 16% 14% Conivaptan 33% 43% Diltiazem 20% NA Indomethacin 40% NA Mirabegron 29% 27% Nefazodone 27% 15% Nifedipine 45% NA Propantheline 24% 24% Quinine NA 33% Rabeprazole 29% 19% Saquinavir 27% 49% Spironolactone 25% NA Telmisartan 20 to 49% NA Ticagrelor 31% 28% Tolvaptan 30% 20% Trimethoprim 22 to 28% NA Digoxin Concentrations Increased, but Magnitude is Unclear Alprazolam, Azithromycin, Cyclosporine, Diclofenac, Diphenoxylate, Epoprostenol, Esomeprazole, Ibuprofen, Ketoconazole, Lansoprazole, Metformin, Omeprazole Measure serum digoxin concentrations before initiating concomitant drugs."
diltiazem,amiodarone,Not stated in FDA label,"[drug_interactions] Antihypertensives: Use amiodarone with caution in patients receiving ß-receptor blocking agents (e.g., propranolol, a CYP3A inhibitor) or calcium channel antagonists (e.g., verapamil, a CYP3A substrate, and diltiazem, a CYP3A inhibitor) because of the possible potentiation of bradycardia, sinus arrest, and AV block; if necessary, amiodarone can continue to be used after insertion of a pacemaker in patients with severe bradycardia or sinus arrest. [drug_interactions] Hemodynamic and electrophysiologic interactions have also been observed after concomitant administration with propranolol, diltiazem, and verapamil.",Follow the management information in the FDA label and verify with prescribing clinician.,https://api.fda.gov/drug/label.json?search=id:17458257-a90d-43d1-891f-56ebf2fe73b8,"[drug_interactions] Antihypertensives: Use amiodarone with caution in patients receiving ß-receptor blocking agents (e.g., propranolol, a CYP3A inhibitor) or calcium channel antagonists (e.g., verapamil, a CYP3A substrate, and diltiazem, a CYP3A inhibitor) because of the possible potentiation of bradycardia, sinus arrest, and AV block; if necessary, amiodarone can continue to be used after insertion of a pacemaker in patients with severe bradycardia or sinus arrest. [drug_interactions] Hemodynamic and electrophysiologic interactions have also been observed after concomitant administration with propranolol, diltiazem, and verapamil."
verapamil,metoprolol,Not stated in FDA label,"[drug_interactions] ( 7.3 ) • Concomitant use of glycosides, clonidine, and diltiazem and verapamil with beta-blockers can increase the risk of bradycardia.",Follow the management information in the FDA label and verify with prescribing clinician.,https://api.fda.gov/drug/label.json?search=id:806d7d73-8e7c-4cb1-91c6-f0f9aa61e51a,"[drug_interactions] ( 7.3 ) • Concomitant use of glycosides, clonidine, and diltiazem and verapamil with beta-blockers can increase the risk of bradycardia."
verapamil,propranolol,Not stated in FDA label,"[drug_interactions] In one study involving 15 patients treated with high doses of propranolol (median dose: 480 mg/day; range: 160 to 1,280 mg/day) for severe angina, with preserved left ventricular function (ejection fraction greater than 35%), the hemodynamic effects of additional therapy with verapamil hydrochloride were assessed using invasive methods. [drug_interactions] In other studies, verapamil did not generally induce significant negative inotropic, chronotropic, or dromotropic effects in patients with preserved left ventricular function receiving low or moderate doses of propranolol (less than or equal to 320 mg/day); in some patients, however, combined therapy did produce such effects. [precautions] In one study involving 15 patients treated with high doses of propranolol (median dose: 480 mg/day; range: 160 to 1,280 mg/day) for severe angina, with preserved left ventricular function (ejection fraction greater than 35%), the hemodynamic effects of additional therapy with verapamil hydrochloride were assessed using invasive methods.",Follow the management information in the FDA label and verify with prescribing clinician.,https://api.fda.gov/drug/label.json?search=id:f8e34f58-c0e7-4d46-9b35-6c01e5a826f2,"[drug_interactions] In one study involving 15 patients treated with high doses of propranolol (median dose: 480 mg/day; range: 160 to 1,280 mg/day) for severe angina, with preserved left ventricular function (ejection fraction greater than 35%), the hemodynamic effects of additional therapy with verapamil hydrochloride were assessed using invasive methods. [drug_interactions] In other studies, verapamil did not generally induce significant negative inotropic, chronotropic, or dromotropic effects in patients with preserved left ventricular function receiving low or moderate doses of propranolol (less than or equal to 320 mg/day); in some patients, however, combined therapy did produce such effects. [precautions] In one study involving 15 patients treated with high doses of propranolol (median dose: 480 mg/day; range: 160 to 1,280 mg/day) for severe angina, with preserved left ventricular function (ejection fraction greater than 35%), the hemodynamic effects of additional therapy with verapamil hydrochloride were assessed using invasive methods."
verapamil,clonidine,Not stated in FDA label,[drug_interactions] Clonidine: Sinus bradycardia resulting in hospitalization and pacemaker insertion has been reported in association with the use of clonidine concurrently with verapamil. [drug_interactions] Monitor heart rate in patients receiving concomitant verapamil and clonidine. [precautions] Clonidine: Sinus bradycardia resulting in hospitalization and pacemaker insertion has been reported in association with the use of clonidine concurrently with verapamil.,Follow the management information in the FDA label and verify with prescribing clinician.,https://api.fda.gov/drug/label.json?search=id:f8e34f58-c0e7-4d46-9b35-6c01e5a826f2,[drug_interactions] Clonidine: Sinus bradycardia resulting in hospitalization and pacemaker insertion has been reported in association with the use of clonidine concurrently with verapamil. [drug_interactions] Monitor heart rate in patients receiving concomitant verapamil and clonidine. [precautions] Clonidine: Sinus bradycardia resulting in hospitalization and pacemaker insertion has been reported in association with the use of clonidine concurrently with verapamil.
verapamil,simvastatin,Not stated in FDA label,"[clinical_pharmacology] Coadministered Drug or Grapefruit Juice Dosing of Coadministered Drug or Grapefruit Juice Dosing of Simvastatin Geometric Mean Ratio (Ratio * with / without coadministered drug) No Effect = 1.00 AUC C max Telithromycin † 200 mg QD for 4 days 80 mg simvastatin acid ‡ 12 15 simvastatin 8.9 5.3 Nelfinavir † 1250 mg BID for 14 days 20 mg QD for 28 days simvastatin acid ‡ simvastatin 6 6.2 Itraconazole † 200 mg QD for 4 days 80 mg simvastatin acid ‡ 13.1 simvastatin 13.1 Posaconazole 100 mg (oral suspension) QD for 13 days 40 mg simvastatin acid simvastatin 7.3 10.3 9.2 9.4 200 mg (oral suspension) QD for 13 days 40 mg simvastatin acid simvastatin 8.5 10.6 9.5 11.4 Gemfibrozil 600 mg BID for 3 days 40 mg simvastatin acid simvastatin 2.85 1.35 2.18 0.91 Grapefruit Juice § (high dose) 200 mL of double-strength TID ¶ 60 mg single dose simvastatin acid simvastatin 7 16 Grapefruit Juice § (low dose) 8 oz (about 237mL) of single-strength # 20 mg single dose simvastatin acid simvastatin 1.3 1.9 Verapamil SR 240 mg QD Days 1 to 7 then 240 mg BID on Days 8 to 10 80 mg on Day 10 simvastatin acid simvastatin 2.3 2.5 2.4 2.1 Diltiazem 120 mg BID for 10 days 80 mg on Day 10 simvastatin acid simvastatin 2.69 3.10 2.69 2.88 Diltiazem 120 mg BID for 14 days 20 mg on Day 14 simvastatin 4.6 3.6 Dronedarone 400 mg BID for 14 days 40 mg QD for 14 days simvastatin acid simvastatin 1.96 3.90 2.14 3.75 Amiodarone 400 mg QD for 3 days 40 mg on Day 3 simvastatin acid simvastatin 1.75 1.76 1.72 1.79 Amlodipine 10 mg QD x 10 days 80 mg on Day 10 simvastatin acid simvastatin 1.58 1.77 1.56 1.47 Ranolazine SR 1000 mg BID for 7 days 80 mg on Day 1 and Days 6 to 9 simvastatin acid simvastatin 2.26 1.86 2.28 1.75 Lomitapide 60 mg QD for 7 days 40 mg single dose simvastatin acid simvastatin 1.7 2 1.6 2 Lomitapide 10 mg QD for 7 days 20 mg single dose simvastatin acid simvastatin 1.4 1.6 1.4 1.7 Fenofibrate 160 mg QD x 14 days 80 mg QD on Days 8 to 14 simvastatin acid simvastatin 0.64 0.89 0.89 0.83 Niacin extended-release 2 g single dose 20 mg single dose simvastatin acid simvastatin 1.6 1.4 1.84 1.08 Propranolol 80 mg single dose 80 mg single dose total inhibitor 0.79 ↓ from 33.6 to 21.1 ng·eq/mL Simvastatin's Effect on the Pharmacokinetics of Other Drugs: In a study of 12 healthy volunteers, simvastatin at the 80-mg dose had no effect on the metabolism of the probe cytochrome P450 isoform 3A4 (CYP3A4) substrates midazolam and erythromycin.",Follow the management information in the FDA label and verify with prescribing clinician.,https://api.fda.gov/drug/label.json?search=id:4bbbb5c9-6c29-bc3b-e063-6294a90a6cce,"[clinical_pharmacology] Coadministered Drug or Grapefruit Juice Dosing of Coadministered Drug or Grapefruit Juice Dosing of Simvastatin Geometric Mean Ratio (Ratio * with / without coadministered drug) No Effect = 1.00 AUC C max Telithromycin † 200 mg QD for 4 days 80 mg simvastatin acid ‡ 12 15 simvastatin 8.9 5.3 Nelfinavir † 1250 mg BID for 14 days 20 mg QD for 28 days simvastatin acid ‡ simvastatin 6 6.2 Itraconazole † 200 mg QD for 4 days 80 mg simvastatin acid ‡ 13.1 simvastatin 13.1 Posaconazole 100 mg (oral suspension) QD for 13 days 40 mg simvastatin acid simvastatin 7.3 10.3 9.2 9.4 200 mg (oral suspension) QD for 13 days 40 mg simvastatin acid simvastatin 8.5 10.6 9.5 11.4 Gemfibrozil 600 mg BID for 3 days 40 mg simvastatin acid simvastatin 2.85 1.35 2.18 0.91 Grapefruit Juice § (high dose) 200 mL of double-strength TID ¶ 60 mg single dose simvastatin acid simvastatin 7 16 Grapefruit Juice § (low dose) 8 oz (about 237mL) of single-strength # 20 mg single dose simvastatin acid simvastatin 1.3 1.9 Verapamil SR 240 mg QD Days 1 to 7 then 240 mg BID on Days 8 to 10 80 mg on Day 10 simvastatin acid simvastatin 2.3 2.5 2.4 2.1 Diltiazem 120 mg BID for 10 days 80 mg on Day 10 simvastatin acid simvastatin 2.69 3.10 2.69 2.88 Diltiazem 120 mg BID for 14 days 20 mg on Day 14 simvastatin 4.6 3.6 Dronedarone 400 mg BID for 14 days 40 mg QD for 14 days simvastatin acid simvastatin 1.96 3.90 2.14 3.75 Amiodarone 400 mg QD for 3 days 40 mg on Day 3 simvastatin acid simvastatin 1.75 1.76 1.72 1.79 Amlodipine 10 mg QD x 10 days 80 mg on Day 10 simvastatin acid simvastatin 1.58 1.77 1.56 1.47 Ranolazine SR 1000 mg BID for 7 days 80 mg on Day 1 and Days 6 to 9 simvastatin acid simvastatin 2.26 1.86 2.28 1.75 Lomitapide 60 mg QD for 7 days 40 mg single dose simvastatin acid simvastatin 1.7 2 1.6 2 Lomitapide 10 mg QD for 7 days 20 mg single dose simvastatin acid simvastatin 1.4 1.6 1.4 1.7 Fenofibrate 160 mg QD x 14 days 80 mg QD on Days 8 to 14 simvastatin acid simvastatin 0.64 0.89 0.89 0.83 Niacin extended-release 2 g single dose 20 mg single dose simvastatin acid simvastatin 1.6 1.4 1.84 1.08 Propranolol 80 mg single dose 80 mg single dose total inhibitor 0.79 ↓ from 33.6 to 21.1 ng·eq/mL Simvastatin's Effect on the Pharmacokinetics of Other Drugs: In a study of 12 healthy volunteers, simvastatin at the 80-mg dose had no effect on the metabolism of the probe cytochrome P450 isoform 3A4 (CYP3A4) substrates midazolam and erythromycin."
verapamil,atorvastatin,Not stated in FDA label,"[drug_interactions] Lower starting and maintenance doses of other CYP3A4 substrates (e.g., atorvastatin) may be required as verapamil may increase the plasma concentration of these drugs. [precautions] Lower starting and maintenance doses of other CYP3A4 substrates (e.g., atorvastatin) may be required as verapamil may increase the plasma concentration of these drugs.",Follow the management information in the FDA label and verify with prescribing clinician.,https://api.fda.gov/drug/label.json?search=id:f8e34f58-c0e7-4d46-9b35-6c01e5a826f2,"[drug_interactions] Lower starting and maintenance doses of other CYP3A4 substrates (e.g., atorvastatin) may be required as verapamil may increase the plasma concentration of these drugs. [precautions] Lower starting and maintenance doses of other CYP3A4 substrates (e.g., atorvastatin) may be required as verapamil may increase the plasma concentration of these drugs."
verapamil,pravastatin,Not stated in FDA label,[clinical_pharmacology] Drug-Drug Interactions Table 5: Effect of Coadministered Drugs on the Pharmacokinetics of Pravastatin Coadministered Drug and Dosing Regimen Pravastatin Dose (mg) Change in AUC Change in C max Cyclosporine 5 mg/kg single dose 40 mg single dose ↑282% ↑327% Clarithromycin 500 mg BID for 9 days 40 mg OD for 8 days ↑110% ↑128% Boceprevir 800 mg TID for 6 days 40 mg single dose ↑63% ↑49% Darunavir 600 mg BID/Ritonavir 100 mg BID for 7 days 40 mg single dose ↑81% ↑63% Colestipol 10 g single dose 20 mg single dose ↓47% ↓53% Cholestyramine 4 g single dose Administered simultaneously Administered 1 hour prior to cholestyramine Administered 4 hours after cholestyramine 20 mg single dose ↓40% ↑12% ↓12% ↓39% ↑30% ↓6.8% Cholestyramine 24 g OD for 4 weeks 20 mg BID for 8 weeks 5 mg BID for 8 weeks 10 mg BID for 8 weeks ↓51% ↓38% ↓18% ↑4.9% ↑23% ↓33% Fluconazole 200 mg IV for 6 days 200 mg PO for 6 days 20 mg PO+10 mg IV 20 mg PO+10 mg IV ↓34% ↓16% ↓33% ↓16% Kaletra 400 mg/100 mg BID for 14 days 20 mg OD for 4 days ↑­33% ↑­26% Verapamil IR 120 mg for 1 day and Verapamil ER 480 mg for 3 days 40 mg single dose ↑31% ↑42% Cimetidine 300 mg QID for 3 days 20 mg single dose ↑30% ↑9.8% Antacids 15 mL QID for 3 days 20 mg single dose ↓28% ↓24% Digoxin 0.2 mg OD for 9 days 20 mg OD for 9 days ↑23% ↑26% Probucol 500 mg single dose 20 mg single dose ↑14% ↑24% Warfarin 5 mg OD for 6 days 20 mg BID for 6 days ↓13% ↑6.7% Itraconazole 200 mg OD for 30 days 40 mg OD for 30 days ↑11% (compared to Day 1) ↑17% (compared to Day 1) Gemfibrozil 600 mg single dose 20 mg single dose ↓7.0% ↓20% Aspirin 324 mg single dose 20 mg single dose ↑4.7% ↑8.9% Niacin 1 g single dose 20 mg single dose ↓3.6% ↓8.2% Diltiazem 20 mg single dose ↑2.7% ↑30% Grapefruit juice 40 mg single dose ↓1.8% ↑3.7% BID = twice daily; OD = once daily; QID = four times daily Table 6: Effect of Pravastatin on the Pharmacokinetics of Coadministered Drugs Pravastatin Dosing Regimen Name and Dose Change in AUC Change in C max 20 mg BID for 6 days Warfarin 5 mg OD for 6 days Change in mean prothrombin time ↑17% ↑0.4 sec ↑15% 20 mg OD for 9 days Digoxin 0.2 mg OD for 9 days ↑4.6% ↑5.3% 20 mg BID for 4 weeks 10 mg BID for 4 weeks 5 mg BID for 4 weeks Antipyrine 1.2 g single dose ↑3.0% ↑1.6% ↑Less than 1% Not Reported 20 mg OD for 4 days Kaletra 400 mg/100 mg BID for 14 days No change No change BID = twice daily; OD = once daily,Follow the management information in the FDA label and verify with prescribing clinician.,https://api.fda.gov/drug/label.json?search=id:3e0f38e6-a515-4d76-9de4-34a83c38e8f2,[clinical_pharmacology] Drug-Drug Interactions Table 5: Effect of Coadministered Drugs on the Pharmacokinetics of Pravastatin Coadministered Drug and Dosing Regimen Pravastatin Dose (mg) Change in AUC Change in C max Cyclosporine 5 mg/kg single dose 40 mg single dose ↑282% ↑327% Clarithromycin 500 mg BID for 9 days 40 mg OD for 8 days ↑110% ↑128% Boceprevir 800 mg TID for 6 days 40 mg single dose ↑63% ↑49% Darunavir 600 mg BID/Ritonavir 100 mg BID for 7 days 40 mg single dose ↑81% ↑63% Colestipol 10 g single dose 20 mg single dose ↓47% ↓53% Cholestyramine 4 g single dose Administered simultaneously Administered 1 hour prior to cholestyramine Administered 4 hours after cholestyramine 20 mg single dose ↓40% ↑12% ↓12% ↓39% ↑30% ↓6.8% Cholestyramine 24 g OD for 4 weeks 20 mg BID for 8 weeks 5 mg BID for 8 weeks 10 mg BID for 8 weeks ↓51% ↓38% ↓18% ↑4.9% ↑23% ↓33% Fluconazole 200 mg IV for 6 days 200 mg PO for 6 days 20 mg PO+10 mg IV 20 mg PO+10 mg IV ↓34% ↓16% ↓33% ↓16% Kaletra 400 mg/100 mg BID for 14 days 20 mg OD for 4 days ↑­33% ↑­26% Verapamil IR 120 mg for 1 day and Verapamil ER 480 mg for 3 days 40 mg single dose ↑31% ↑42% Cimetidine 300 mg QID for 3 days 20 mg single dose ↑30% ↑9.8% Antacids 15 mL QID for 3 days 20 mg single dose ↓28% ↓24% Digoxin 0.2 mg OD for 9 days 20 mg OD for 9 days ↑23% ↑26% Probucol 500 mg single dose 20 mg single dose ↑14% ↑24% Warfarin 5 mg OD for 6 days 20 mg BID for 6 days ↓13% ↑6.7% Itraconazole 200 mg OD for 30 days 40 mg OD for 30 days ↑11% (compared to Day 1) ↑17% (compared to Day 1) Gemfibrozil 600 mg single dose 20 mg single dose ↓7.0% ↓20% Aspirin 324 mg single dose 20 mg single dose ↑4.7% ↑8.9% Niacin 1 g single dose 20 mg single dose ↓3.6% ↓8.2% Diltiazem 20 mg single dose ↑2.7% ↑30% Grapefruit juice 40 mg single dose ↓1.8% ↑3.7% BID = twice daily; OD = once daily; QID = four times daily Table 6: Effect of Pravastatin on the Pharmacokinetics of Coadministered Drugs Pravastatin Dosing Regimen Name and Dose Change in AUC Change in C max 20 mg BID for 6 days Warfarin 5 mg OD for 6 days Change in mean prothrombin time ↑17% ↑0.4 sec ↑15% 20 mg OD for 9 days Digoxin 0.2 mg OD for 9 days ↑4.6% ↑5.3% 20 mg BID for 4 weeks 10 mg BID for 4 weeks 5 mg BID for 4 weeks Antipyrine 1.2 g single dose ↑3.0% ↑1.6% ↑Less than 1% Not Reported 20 mg OD for 4 days Kaletra 400 mg/100 mg BID for 14 days No change No change BID = twice daily; OD = once daily
verapamil,aspirin,Not stated in FDA label,"[drug_interactions] Aspirin: In a few reported cases, co-administration of verapamil with aspirin has led to increased bleeding times greater than observed with aspirin alone. [precautions] Aspirin: In a few reported cases, co-administration of verapamil with aspirin has led to increased bleeding times greater than observed with aspirin alone.",Follow the management information in the FDA label and verify with prescribing clinician.,https://api.fda.gov/drug/label.json?search=id:f8e34f58-c0e7-4d46-9b35-6c01e5a826f2,"[drug_interactions] Aspirin: In a few reported cases, co-administration of verapamil with aspirin has led to increased bleeding times greater than observed with aspirin alone. [precautions] Aspirin: In a few reported cases, co-administration of verapamil with aspirin has led to increased bleeding times greater than observed with aspirin alone."
verapamil,warfarin,Not stated in FDA label,"[drug_interactions] Table 2: Examples of CYP450 Interactions with Warfarin Enzyme Inhibitors Inducers CYP2C9 amiodarone, capecitabine, cotrimoxazole, etravirine, fluconazole, fluvastatin, fluvoxamine, metronidazole, miconazole, oxandrolone, sulfinpyrazone, tigecycline, voriconazole, zafirlukast aprepitant, bosentan, carbamazepine, phenobarbital, rifampin CYP1A2 acyclovir, allopurinol, caffeine, cimetidine, ciprofloxacin, disulfiram, enoxacin, famotidine, fluvoxamine, methoxsalen, mexiletine, norfloxacin, oral contraceptives, phenylpropanolamine, propafenone, propranolol, terbinafine, thiabendazole, ticlopidine, verapamil, zileuton montelukast, moricizine, omeprazole, phenobarbital, phenytoin, cigarette smoking CYP3A4 alprazolam, amiodarone, amlodipine, amprenavir, aprepitant, atorvastatin, atazanavir, bicalutamide, cilostazol, cimetidine, ciprofloxacin, clarithromycin, conivaptan, cyclosporine, darunavir/ritonavir, diltiazem, erythromycin, fluconazole, fluoxetine, fluvoxamine, fosamprenavir, imatinib, indinavir, isoniazid, itraconazole, ketoconazole, lopinavir/ritonavir, nefazodone, nelfinavir, nilotinib, oral contraceptives, posaconazole, ranitidine, ranolazine, ritonavir, saquinavir, telithromycin, tipranavir, voriconazole, zileuton armodafinil, amprenavir, aprepitant, bosentan, carbamazepine, efavirenz, etravirine, modafinil, nafcillin, phenytoin, pioglitazone, prednisone, rifampin, rufinamide 7.3 Drugs that Increase Bleeding Risk Examples of drugs known to increase the risk of bleeding are presented in Table 3 .",Follow the management information in the FDA label and verify with prescribing clinician.,https://api.fda.gov/drug/label.json?search=id:b8c33971-54b3-4971-bf7f-1bec66999a29,"[drug_interactions] Table 2: Examples of CYP450 Interactions with Warfarin Enzyme Inhibitors Inducers CYP2C9 amiodarone, capecitabine, cotrimoxazole, etravirine, fluconazole, fluvastatin, fluvoxamine, metronidazole, miconazole, oxandrolone, sulfinpyrazone, tigecycline, voriconazole, zafirlukast aprepitant, bosentan, carbamazepine, phenobarbital, rifampin CYP1A2 acyclovir, allopurinol, caffeine, cimetidine, ciprofloxacin, disulfiram, enoxacin, famotidine, fluvoxamine, methoxsalen, mexiletine, norfloxacin, oral contraceptives, phenylpropanolamine, propafenone, propranolol, terbinafine, thiabendazole, ticlopidine, verapamil, zileuton montelukast, moricizine, omeprazole, phenobarbital, phenytoin, cigarette smoking CYP3A4 alprazolam, amiodarone, amlodipine, amprenavir, aprepitant, atorvastatin, atazanavir, bicalutamide, cilostazol, cimetidine, ciprofloxacin, clarithromycin, conivaptan, cyclosporine, darunavir/ritonavir, diltiazem, erythromycin, fluconazole, fluoxetine, fluvoxamine, fosamprenavir, imatinib, indinavir, isoniazid, itraconazole, ketoconazole, lopinavir/ritonavir, nefazodone, nelfinavir, nilotinib, oral contraceptives, posaconazole, ranitidine, ranolazine, ritonavir, saquinavir, telithromycin, tipranavir, voriconazole, zileuton armodafinil, amprenavir, aprepitant, bosentan, carbamazepine, efavirenz, etravirine, modafinil, nafcillin, phenytoin, pioglitazone, prednisone, rifampin, rufinamide 7.3 Drugs that Increase Bleeding Risk Examples of drugs known to increase the risk of bleeding are presented in Table 3 ."
verapamil,digoxin,Not stated in FDA label,"[drug_interactions] Digitalis Consider reducing digoxin dose when verapamil and digoxin are to be given together. [drug_interactions] Monitor digoxin level periodically during therapy. [drug_interactions] In previous clinical trials with other verapamil formulations related to the control of ventricular response in patients taking digoxin who had atrial fibrillation or atrial flutter, ventricular rates below 50/min at rest occurred in 15% of patients, and asymptomatic hypotension occurred in 5% of patients.",Follow the management information in the FDA label and verify with prescribing clinician.,https://api.fda.gov/drug/label.json?search=id:319554df-fc0d-428a-9799-a352100f1ce9,"[drug_interactions] Digitalis Consider reducing digoxin dose when verapamil and digoxin are to be given together. [drug_interactions] Monitor digoxin level periodically during therapy. [drug_interactions] In previous clinical trials with other verapamil formulations related to the control of ventricular response in patients taking digoxin who had atrial fibrillation or atrial flutter, ventricular rates below 50/min at rest occurred in 15% of patients, and asymptomatic hypotension occurred in 5% of patients."
verapamil,amiodarone,Not stated in FDA label,"[drug_interactions] Antihypertensives: Use amiodarone with caution in patients receiving ß-receptor blocking agents (e.g., propranolol, a CYP3A inhibitor) or calcium channel antagonists (e.g., verapamil, a CYP3A substrate, and diltiazem, a CYP3A inhibitor) because of the possible potentiation of bradycardia, sinus arrest, and AV block; if necessary, amiodarone can continue to be used after insertion of a pacemaker in patients with severe bradycardia or sinus arrest. [drug_interactions] Hemodynamic and electrophysiologic interactions have also been observed after concomitant administration with propranolol, diltiazem, and verapamil.",Follow the management information in the FDA label and verify with prescribing clinician.,https://api.fda.gov/drug/label.json?search=id:17458257-a90d-43d1-891f-56ebf2fe73b8,"[drug_interactions] Antihypertensives: Use amiodarone with caution in patients receiving ß-receptor blocking agents (e.g., propranolol, a CYP3A inhibitor) or calcium channel antagonists (e.g., verapamil, a CYP3A substrate, and diltiazem, a CYP3A inhibitor) because of the possible potentiation of bradycardia, sinus arrest, and AV block; if necessary, amiodarone can continue to be used after insertion of a pacemaker in patients with severe bradycardia or sinus arrest. [drug_interactions] Hemodynamic and electrophysiologic interactions have also been observed after concomitant administration with propranolol, diltiazem, and verapamil."
metoprolol,clonidine,Not stated in FDA label,"[drug_interactions] ( 7.3 ) • Concomitant use of glycosides, clonidine, and diltiazem and verapamil with beta-blockers can increase the risk of bradycardia.",Follow the management information in the FDA label and verify with prescribing clinician.,https://api.fda.gov/drug/label.json?search=id:806d7d73-8e7c-4cb1-91c6-f0f9aa61e51a,"[drug_interactions] ( 7.3 ) • Concomitant use of glycosides, clonidine, and diltiazem and verapamil with beta-blockers can increase the risk of bradycardia."
carvedilol,hydrochlorothiazide,Not stated in FDA label,[clinical_pharmacology] Hydrochlorothiazide: A single oral dose of carvedilol 25 mg did not alter the pharmacokinetics of a single oral dose of hydrochlorothiazide 25 mg in 12 patients with hypertension.,Follow the management information in the FDA label and verify with prescribing clinician.,https://api.fda.gov/drug/label.json?search=id:7a3df1e2-dfa6-44b3-a2cc-0fb9adc28ae3,[clinical_pharmacology] Hydrochlorothiazide: A single oral dose of carvedilol 25 mg did not alter the pharmacokinetics of a single oral dose of hydrochlorothiazide 25 mg in 12 patients with hypertension.
carvedilol,clonidine,Not stated in FDA label,"[drug_interactions] ( 7.1 , 7.5 ) • Hypotensive agents (e.g., reserpine, MAO inhibitors, clonidine) may increase the risk of hypotension and/or severe bradycardia. [drug_interactions] Concomitant administration of clonidine with agents with β-blocking properties may potentiate blood-pressure and heart-rate-lowering effects. [drug_interactions] When concomitant treatment with agents with β-blocking properties and clonidine is to be terminated, the β-blocking agent should be discontinued first.",Follow the management information in the FDA label and verify with prescribing clinician.,https://api.fda.gov/drug/label.json?search=id:7a3df1e2-dfa6-44b3-a2cc-0fb9adc28ae3,"[drug_interactions] ( 7.1 , 7.5 ) • Hypotensive agents (e.g., reserpine, MAO inhibitors, clonidine) may increase the risk of hypotension and/or severe bradycardia. [drug_interactions] Concomitant administration of clonidine with agents with β-blocking properties may potentiate blood-pressure and heart-rate-lowering effects. [drug_interactions] When concomitant treatment with agents with β-blocking properties and clonidine is to be terminated, the β-blocking agent should be discontinued first."
carvedilol,warfarin,Not stated in FDA label,[clinical_pharmacology] Warfarin: Carvedilol (12.5 mg twice daily) did not have an effect on the steady-state prothrombin time ratios and did not alter the pharmacokinetics of R(+)- and S(-)-warfarin following concomitant administration with warfarin in 9 healthy volunteers.,Follow the management information in the FDA label and verify with prescribing clinician.,https://api.fda.gov/drug/label.json?search=id:7a3df1e2-dfa6-44b3-a2cc-0fb9adc28ae3,[clinical_pharmacology] Warfarin: Carvedilol (12.5 mg twice daily) did not have an effect on the steady-state prothrombin time ratios and did not alter the pharmacokinetics of R(+)- and S(-)-warfarin following concomitant administration with warfarin in 9 healthy volunteers.
carvedilol,digoxin,Not stated in FDA label,"[drug_interactions] Carvedilol 16% 14% Conivaptan 33% 43% Diltiazem 20% NA Indomethacin 40% NA Mirabegron 29% 27% Nefazodone 27% 15% Nifedipine 45% NA Propantheline 24% 24% Quinine NA 33% Rabeprazole 29% 19% Saquinavir 27% 49% Spironolactone 25% NA Telmisartan 20 to 49% NA Ticagrelor 31% 28% Tolvaptan 30% 20% Trimethoprim 22 to 28% NA Digoxin Concentrations Increased, but Magnitude is Unclear Alprazolam, Azithromycin, Cyclosporine, Diclofenac, Diphenoxylate, Epoprostenol, Esomeprazole, Ibuprofen, Ketoconazole, Lansoprazole, Metformin, Omeprazole Measure serum digoxin concentrations before initiating concomitant drugs.",Follow the management information in the FDA label and verify with prescribing clinician.,https://api.fda.gov/drug/label.json?search=id:db501397-8e41-4498-8626-49c6bfd79971,"[drug_interactions] Carvedilol 16% 14% Conivaptan 33% 43% Diltiazem 20% NA Indomethacin 40% NA Mirabegron 29% 27% Nefazodone 27% 15% Nifedipine 45% NA Propantheline 24% 24% Quinine NA 33% Rabeprazole 29% 19% Saquinavir 27% 49% Spironolactone 25% NA Telmisartan 20 to 49% NA Ticagrelor 31% 28% Tolvaptan 30% 20% Trimethoprim 22 to 28% NA Digoxin Concentrations Increased, but Magnitude is Unclear Alprazolam, Azithromycin, Cyclosporine, Diclofenac, Diphenoxylate, Epoprostenol, Esomeprazole, Ibuprofen, Ketoconazole, Lansoprazole, Metformin, Omeprazole Measure serum digoxin concentrations before initiating concomitant drugs."
carvedilol,amiodarone,Not stated in FDA label,[drug_interactions] The concomitant administration of amiodarone or other CYP2C9 inhibitors such as fluconazole with carvedilol may enhance the β-blocking properties of carvedilol resulting in further slowing of the heart rate or cardiac conduction.,Follow the management information in the FDA label and verify with prescribing clinician.,https://api.fda.gov/drug/label.json?search=id:7a3df1e2-dfa6-44b3-a2cc-0fb9adc28ae3,[drug_interactions] The concomitant administration of amiodarone or other CYP2C9 inhibitors such as fluconazole with carvedilol may enhance the β-blocking properties of carvedilol resulting in further slowing of the heart rate or cardiac conduction.
propranolol,simvastatin,Not stated in FDA label,"[clinical_pharmacology] 10 mg QD, 7 days ↓1% ↓11% Ethinyl estradiol & Levonorgestrel, QD, 21 days 10 mg QD, Days 8 to 14 of 21 day oral contraceptive cycle Ethinyl estradiol 0% Ethinyl estradiol ↓9% Levonorgestrel 0% Levonorgestrel ↓5% Glipizide, 10 mg on Days 1 and 9 10 mg QD, Days 2 to 9 ↓3% ↓5% Fenofibrate, 200 mg QD, 14 days 10 mg QD, 14 days ↑11% ↑7% Cyclosporine, 100 mg single dose Day 7 20 mg QD, 8 days ↑15% ↑10% Statins Lovastatin 20 mg QD, 7 days 10 mg QD, 7 days ↑19% ↑3% Pravastatin 20 mg QD, 14 days 10 mg QD, 14 days ↓20% ↓24% Atorvastatin 10 mg QD, 14 days 10 mg QD, 14 days ↓4% ↑7% Rosuvastatin 10 mg QD, 14 days 10 mg QD, 14 days ↑19% ↑17% Fluvastatin 20 mg QD, 14 days 10 mg QD, 14 days ↓39% ↓27% Simvastatin Table 6: Effect of Coadministered Drugs or Grapefruit Juice on Simvastatin Systemic Exposure Coadministered Drug or Grapefruit Juice Dosing of Coadministered Drug or Grapefruit Juice Dosing of Simvastatin Geometric Mean Ratio (Ratio Results based on a chemical assay except results with propranolol as indicated. [clinical_pharmacology] 20 mg single dose simvastatin acid 1.3 simvastatin 1.9 Avoid taking with > 10 mg/10 mg ezetimibe and simvastatin tablets, based on clinical and/or postmarketing simvastatin experience [ see Warnings and Precautions ( 5.1 ) ] Verapamil SR 240 mg QD Days 1 to 7 then 240 mg BID on Days 8 to 10 80 mg on Day 10 simvastatin acid 2.3 2.4 simvastatin 2.5 2.1 Diltiazem 120 mg BID for 10 days 80 mg on Day 10 simvastatin acid 2.69 2.69 simvastatin 3.10 2.88 Diltiazem 120 mg BID for 14 days 20 mg on Day 14 simvastatin 4.6 3.6 Dronedarone 400 mg BID for 14 days 40 mg QD for 14 days simvastatin acid 1.96 2.14 simvastatin 3.90 3.75 Avoid taking with > 10 mg/20 mg ezetimibe and simvastatin tablets, based on clinical and/or postmarketing simvastatin experience [ see Warnings and Precautions ( 5.1 ) ] Amiodarone 400 mg QD for 3 days 40 mg on Day 3 simvastatin acid 1.75 1.72 simvastatin 1.76 1.79 Amlodipine 10 mg QD for 10 days 80 mg on Day 10 simvastatin acid 1.58 1.56 simvastatin 1.77 1.47 Ranolazine SR 1000 mg BID for 7 days 80 mg on Day 1 and Days 6 to 9 simvastatin acid 2.26 2.28 simvastatin 1.86 1.75 Avoid taking with > 10 mg/20 mg ezetimibe and simvastatin tablets (or 10 mg/40 mg for patients who have previously taken 80 mg simvastatin chronically, e.g., for 12 months or more, without evidence of muscle toxicity), based on clinical experience Lomitapide 60 mg QD for 7 days 40 mg single dose simvastatin acid simvastatin 1.7 2 1.6 2 Lomitapide 10 mg QD for 7 days 20 mg single dose simvastatin acid simvastatin 1.4 1.6 1.4 1.7 No dosing adjustments required for the following: Fenofibrate 160 mg QD for 14 days 80 mg QD on Days 8 to 14 simvastatin acid 0.64 0.89 simvastatin 0.89 0.83 Propranolol 80 mg single dose 80 mg single dose total inhibitor 0.79 ↓ from 33.6 to 21.1 ng•eq/mL active inhibitor 0.79 ↓ from 7.0 to 4.7 ng•eq/mL",Follow the management information in the FDA label and verify with prescribing clinician.,https://api.fda.gov/drug/label.json?search=id:697ae8a7-2359-455f-9c21-e266f1c31288,"[clinical_pharmacology] 10 mg QD, 7 days ↓1% ↓11% Ethinyl estradiol & Levonorgestrel, QD, 21 days 10 mg QD, Days 8 to 14 of 21 day oral contraceptive cycle Ethinyl estradiol 0% Ethinyl estradiol ↓9% Levonorgestrel 0% Levonorgestrel ↓5% Glipizide, 10 mg on Days 1 and 9 10 mg QD, Days 2 to 9 ↓3% ↓5% Fenofibrate, 200 mg QD, 14 days 10 mg QD, 14 days ↑11% ↑7% Cyclosporine, 100 mg single dose Day 7 20 mg QD, 8 days ↑15% ↑10% Statins Lovastatin 20 mg QD, 7 days 10 mg QD, 7 days ↑19% ↑3% Pravastatin 20 mg QD, 14 days 10 mg QD, 14 days ↓20% ↓24% Atorvastatin 10 mg QD, 14 days 10 mg QD, 14 days ↓4% ↑7% Rosuvastatin 10 mg QD, 14 days 10 mg QD, 14 days ↑19% ↑17% Fluvastatin 20 mg QD, 14 days 10 mg QD, 14 days ↓39% ↓27% Simvastatin Table 6: Effect of Coadministered Drugs or Grapefruit Juice on Simvastatin Systemic Exposure Coadministered Drug or Grapefruit Juice Dosing of Coadministered Drug or Grapefruit Juice Dosing of Simvastatin Geometric Mean Ratio (Ratio Results based on a chemical assay except results with propranolol as indicated. [clinical_pharmacology] 20 mg single dose simvastatin acid 1.3 simvastatin 1.9 Avoid taking with > 10 mg/10 mg ezetimibe and simvastatin tablets, based on clinical and/or postmarketing simvastatin experience [ see Warnings and Precautions ( 5.1 ) ] Verapamil SR 240 mg QD Days 1 to 7 then 240 mg BID on Days 8 to 10 80 mg on Day 10 simvastatin acid 2.3 2.4 simvastatin 2.5 2.1 Diltiazem 120 mg BID for 10 days 80 mg on Day 10 simvastatin acid 2.69 2.69 simvastatin 3.10 2.88 Diltiazem 120 mg BID for 14 days 20 mg on Day 14 simvastatin 4.6 3.6 Dronedarone 400 mg BID for 14 days 40 mg QD for 14 days simvastatin acid 1.96 2.14 simvastatin 3.90 3.75 Avoid taking with > 10 mg/20 mg ezetimibe and simvastatin tablets, based on clinical and/or postmarketing simvastatin experience [ see Warnings and Precautions ( 5.1 ) ] Amiodarone 400 mg QD for 3 days 40 mg on Day 3 simvastatin acid 1.75 1.72 simvastatin 1.76 1.79 Amlodipine 10 mg QD for 10 days 80 mg on Day 10 simvastatin acid 1.58 1.56 simvastatin 1.77 1.47 Ranolazine SR 1000 mg BID for 7 days 80 mg on Day 1 and Days 6 to 9 simvastatin acid 2.26 2.28 simvastatin 1.86 1.75 Avoid taking with > 10 mg/20 mg ezetimibe and simvastatin tablets (or 10 mg/40 mg for patients who have previously taken 80 mg simvastatin chronically, e.g., for 12 months or more, without evidence of muscle toxicity), based on clinical experience Lomitapide 60 mg QD for 7 days 40 mg single dose simvastatin acid simvastatin 1.7 2 1.6 2 Lomitapide 10 mg QD for 7 days 20 mg single dose simvastatin acid simvastatin 1.4 1.6 1.4 1.7 No dosing adjustments required for the following: Fenofibrate 160 mg QD for 14 days 80 mg QD on Days 8 to 14 simvastatin acid 0.64 0.89 simvastatin 0.89 0.83 Propranolol 80 mg single dose 80 mg single dose total inhibitor 0.79 ↓ from 33.6 to 21.1 ng•eq/mL active inhibitor 0.79 ↓ from 7.0 to 4.7 ng•eq/mL"
propranolol,warfarin,Not stated in FDA label,"[drug_interactions] Table 2: Examples of CYP450 Interactions with Warfarin Enzyme Inhibitors Inducers CYP2C9 amiodarone, capecitabine, cotrimoxazole, etravirine, fluconazole, fluvastatin, fluvoxamine, metronidazole, miconazole, oxandrolone, sulfinpyrazone, tigecycline, voriconazole, zafirlukast aprepitant, bosentan, carbamazepine, phenobarbital, rifampin CYP1A2 acyclovir, allopurinol, caffeine, cimetidine, ciprofloxacin, disulfiram, enoxacin, famotidine, fluvoxamine, methoxsalen, mexiletine, norfloxacin, oral contraceptives, phenylpropanolamine, propafenone, propranolol, terbinafine, thiabendazole, ticlopidine, verapamil, zileuton montelukast, moricizine, omeprazole, phenobarbital, phenytoin, cigarette smoking CYP3A4 alprazolam, amiodarone, amlodipine, amprenavir, aprepitant, atorvastatin, atazanavir, bicalutamide, cilostazol, cimetidine, ciprofloxacin, clarithromycin, conivaptan, cyclosporine, darunavir/ritonavir, diltiazem, erythromycin, fluconazole, fluoxetine, fluvoxamine, fosamprenavir, imatinib, indinavir, isoniazid, itraconazole, ketoconazole, lopinavir/ritonavir, nefazodone, nelfinavir, nilotinib, oral contraceptives, posaconazole, ranitidine, ranolazine, ritonavir, saquinavir, telithromycin, tipranavir, voriconazole, zileuton armodafinil, amprenavir, aprepitant, bosentan, carbamazepine, efavirenz, etravirine, modafinil, nafcillin, phenytoin, pioglitazone, prednisone, rifampin, rufinamide 7.3 Drugs that Increase Bleeding Risk Examples of drugs known to increase the risk of bleeding are presented in Table 3 .",Follow the management information in the FDA label and verify with prescribing clinician.,https://api.fda.gov/drug/label.json?search=id:b8c33971-54b3-4971-bf7f-1bec66999a29,"[drug_interactions] Table 2: Examples of CYP450 Interactions with Warfarin Enzyme Inhibitors Inducers CYP2C9 amiodarone, capecitabine, cotrimoxazole, etravirine, fluconazole, fluvastatin, fluvoxamine, metronidazole, miconazole, oxandrolone, sulfinpyrazone, tigecycline, voriconazole, zafirlukast aprepitant, bosentan, carbamazepine, phenobarbital, rifampin CYP1A2 acyclovir, allopurinol, caffeine, cimetidine, ciprofloxacin, disulfiram, enoxacin, famotidine, fluvoxamine, methoxsalen, mexiletine, norfloxacin, oral contraceptives, phenylpropanolamine, propafenone, propranolol, terbinafine, thiabendazole, ticlopidine, verapamil, zileuton montelukast, moricizine, omeprazole, phenobarbital, phenytoin, cigarette smoking CYP3A4 alprazolam, amiodarone, amlodipine, amprenavir, aprepitant, atorvastatin, atazanavir, bicalutamide, cilostazol, cimetidine, ciprofloxacin, clarithromycin, conivaptan, cyclosporine, darunavir/ritonavir, diltiazem, erythromycin, fluconazole, fluoxetine, fluvoxamine, fosamprenavir, imatinib, indinavir, isoniazid, itraconazole, ketoconazole, lopinavir/ritonavir, nefazodone, nelfinavir, nilotinib, oral contraceptives, posaconazole, ranitidine, ranolazine, ritonavir, saquinavir, telithromycin, tipranavir, voriconazole, zileuton armodafinil, amprenavir, aprepitant, bosentan, carbamazepine, efavirenz, etravirine, modafinil, nafcillin, phenytoin, pioglitazone, prednisone, rifampin, rufinamide 7.3 Drugs that Increase Bleeding Risk Examples of drugs known to increase the risk of bleeding are presented in Table 3 ."
propranolol,amiodarone,Not stated in FDA label,"[drug_interactions] Antihypertensives: Use amiodarone with caution in patients receiving ß-receptor blocking agents (e.g., propranolol, a CYP3A inhibitor) or calcium channel antagonists (e.g., verapamil, a CYP3A substrate, and diltiazem, a CYP3A inhibitor) because of the possible potentiation of bradycardia, sinus arrest, and AV block; if necessary, amiodarone can continue to be used after insertion of a pacemaker in patients with severe bradycardia or sinus arrest. [drug_interactions] Hemodynamic and electrophysiologic interactions have also been observed after concomitant administration with propranolol, diltiazem, and verapamil.",Follow the management information in the FDA label and verify with prescribing clinician.,https://api.fda.gov/drug/label.json?search=id:17458257-a90d-43d1-891f-56ebf2fe73b8,"[drug_interactions] Antihypertensives: Use amiodarone with caution in patients receiving ß-receptor blocking agents (e.g., propranolol, a CYP3A inhibitor) or calcium channel antagonists (e.g., verapamil, a CYP3A substrate, and diltiazem, a CYP3A inhibitor) because of the possible potentiation of bradycardia, sinus arrest, and AV block; if necessary, amiodarone can continue to be used after insertion of a pacemaker in patients with severe bradycardia or sinus arrest. [drug_interactions] Hemodynamic and electrophysiologic interactions have also been observed after concomitant administration with propranolol, diltiazem, and verapamil."
hydrochlorothiazide,spironolactone,Not stated in FDA label,"[drug_interactions] Therefore, when spironolactone and hydrochlorothiazide tablets and acetylsalicylic acid are used concomitantly, spironolactone and hydrochlorothiazide tablets may need to be titrated to higher maintenance dose and the patient should be observed closely to determine if the desired effect is obtained. [drug_interactions] Mitotane Avoid concomitant use of spironolactone and hydrochlorothiazide tablets and mitotane. [contraindications] CONTRAINDICATIONS Spironolactone and hydrochlorothiazide tablets are contraindicated in patients with anuria, acute renal insufficiency, significant impairment of renal excretory function, hypercalcemia, hyperkalemia, Addison’s disease, and in patients who are allergic to thiazide diuretics or to other sulfonamide-derived drugs.",Follow the management information in the FDA label and verify with prescribing clinician.,https://api.fda.gov/drug/label.json?search=id:d37da837-e7ff-475b-b7fc-ae8d8ef5f020,"[drug_interactions] Therefore, when spironolactone and hydrochlorothiazide tablets and acetylsalicylic acid are used concomitantly, spironolactone and hydrochlorothiazide tablets may need to be titrated to higher maintenance dose and the patient should be observed closely to determine if the desired effect is obtained. [drug_interactions] Mitotane Avoid concomitant use of spironolactone and hydrochlorothiazide tablets and mitotane. [contraindications] CONTRAINDICATIONS Spironolactone and hydrochlorothiazide tablets are contraindicated in patients with anuria, acute renal insufficiency, significant impairment of renal excretory function, hypercalcemia, hyperkalemia, Addison’s disease, and in patients who are allergic to thiazide diuretics or to other sulfonamide-derived drugs."
spironolactone,digoxin,Not stated in FDA label,"[drug_interactions] Carvedilol 16% 14% Conivaptan 33% 43% Diltiazem 20% NA Indomethacin 40% NA Mirabegron 29% 27% Nefazodone 27% 15% Nifedipine 45% NA Propantheline 24% 24% Quinine NA 33% Rabeprazole 29% 19% Saquinavir 27% 49% Spironolactone 25% NA Telmisartan 20 to 49% NA Ticagrelor 31% 28% Tolvaptan 30% 20% Trimethoprim 22 to 28% NA Digoxin Concentrations Increased, but Magnitude is Unclear Alprazolam, Azithromycin, Cyclosporine, Diclofenac, Diphenoxylate, Epoprostenol, Esomeprazole, Ibuprofen, Ketoconazole, Lansoprazole, Metformin, Omeprazole Measure serum digoxin concentrations before initiating concomitant drugs.",Follow the management information in the FDA label and verify with prescribing clinician.,https://api.fda.gov/drug/label.json?search=id:db501397-8e41-4498-8626-49c6bfd79971,"[drug_interactions] Carvedilol 16% 14% Conivaptan 33% 43% Diltiazem 20% NA Indomethacin 40% NA Mirabegron 29% 27% Nefazodone 27% 15% Nifedipine 45% NA Propantheline 24% 24% Quinine NA 33% Rabeprazole 29% 19% Saquinavir 27% 49% Spironolactone 25% NA Telmisartan 20 to 49% NA Ticagrelor 31% 28% Tolvaptan 30% 20% Trimethoprim 22 to 28% NA Digoxin Concentrations Increased, but Magnitude is Unclear Alprazolam, Azithromycin, Cyclosporine, Diclofenac, Diphenoxylate, Epoprostenol, Esomeprazole, Ibuprofen, Ketoconazole, Lansoprazole, Metformin, Omeprazole Measure serum digoxin concentrations before initiating concomitant drugs."
clonidine,amiodarone,Not stated in FDA label,"[drug_interactions] Drugs that slow heart rate: Concomitant use of drugs with depressant effects on the sinus and AV nodes (e.g., digoxin, beta blockers, verapamil, diltiazem, ivabradine, clonidine) can potentiate the electrophysiologic and hemodynamic effects of amiodarone, resulting in bradycardia, sinus arrest, and AV block.",Follow the management information in the FDA label and verify with prescribing clinician.,https://api.fda.gov/drug/label.json?search=id:2c1bc6a8-20ff-483a-ae28-fb31fa5f684a,"[drug_interactions] Drugs that slow heart rate: Concomitant use of drugs with depressant effects on the sinus and AV nodes (e.g., digoxin, beta blockers, verapamil, diltiazem, ivabradine, clonidine) can potentiate the electrophysiologic and hemodynamic effects of amiodarone, resulting in bradycardia, sinus arrest, and AV block."
simvastatin,atorvastatin,Not stated in FDA label,"[clinical_pharmacology] ↓4% ↓30% Cimetidine, 400 mg BID, 7 days ↑6% ↑22% Glipizide, 10 mg, single dose ↑4% ↓8% Statins Lovastatin 20 mg QD, 7 days ↑9% ↑3% Pravastatin 20 mg QD, 14 days ↑7% ↑23% Atorvastatin 10 mg QD, 14 days ↓2% ↑12% Rosuvastatin 10 mg QD, 14 days ↑13% ↑18% Fluvastatin 20 mg QD, 14 days ↓19% ↑7% Table 5: Effect of Ezetimibe Coadministration on Systemic Exposure to Other Drugs Coadministered Drug and its Dosage Regimen Ezetimibe Dosage Regimen Change in AUC of Coadministered Drug Change in C max of Coadministered Drug Warfarin, 25 mg single dose on Day 7 10 mg QD, 11 days ↓2% (R-warfarin) ↑3% (R-warfarin) ↑4% (S-warfarin) ↑1% (S-warfarin) Digoxin, 0.5 mg single dose 10 mg QD, 8 days ↑2% ↓7% Gemfibrozil, 600 mg BID, 7 days See 7 Drug Interactions. [clinical_pharmacology] 10 mg QD, 7 days ↓1% ↓11% Ethinyl estradiol & Levonorgestrel, QD, 21 days 10 mg QD, Days 8 to 14 of 21 day oral contraceptive cycle Ethinyl estradiol 0% Ethinyl estradiol ↓9% Levonorgestrel 0% Levonorgestrel ↓5% Glipizide, 10 mg on Days 1 and 9 10 mg QD, Days 2 to 9 ↓3% ↓5% Fenofibrate, 200 mg QD, 14 days 10 mg QD, 14 days ↑11% ↑7% Cyclosporine, 100 mg single dose Day 7 20 mg QD, 8 days ↑15% ↑10% Statins Lovastatin 20 mg QD, 7 days 10 mg QD, 7 days ↑19% ↑3% Pravastatin 20 mg QD, 14 days 10 mg QD, 14 days ↓20% ↓24% Atorvastatin 10 mg QD, 14 days 10 mg QD, 14 days ↓4% ↑7% Rosuvastatin 10 mg QD, 14 days 10 mg QD, 14 days ↑19% ↑17% Fluvastatin 20 mg QD, 14 days 10 mg QD, 14 days ↓39% ↓27% Simvastatin Table 6: Effect of Coadministered Drugs or Grapefruit Juice on Simvastatin Systemic Exposure Coadministered Drug or Grapefruit Juice Dosing of Coadministered Drug or Grapefruit Juice Dosing of Simvastatin Geometric Mean Ratio (Ratio Results based on a chemical assay except results with propranolol as indicated.",Follow the management information in the FDA label and verify with prescribing clinician.,https://api.fda.gov/drug/label.json?search=id:697ae8a7-2359-455f-9c21-e266f1c31288,"[clinical_pharmacology] ↓4% ↓30% Cimetidine, 400 mg BID, 7 days ↑6% ↑22% Glipizide, 10 mg, single dose ↑4% ↓8% Statins Lovastatin 20 mg QD, 7 days ↑9% ↑3% Pravastatin 20 mg QD, 14 days ↑7% ↑23% Atorvastatin 10 mg QD, 14 days ↓2% ↑12% Rosuvastatin 10 mg QD, 14 days ↑13% ↑18% Fluvastatin 20 mg QD, 14 days ↓19% ↑7% Table 5: Effect of Ezetimibe Coadministration on Systemic Exposure to Other Drugs Coadministered Drug and its Dosage Regimen Ezetimibe Dosage Regimen Change in AUC of Coadministered Drug Change in C max of Coadministered Drug Warfarin, 25 mg single dose on Day 7 10 mg QD, 11 days ↓2% (R-warfarin) ↑3% (R-warfarin) ↑4% (S-warfarin) ↑1% (S-warfarin) Digoxin, 0.5 mg single dose 10 mg QD, 8 days ↑2% ↓7% Gemfibrozil, 600 mg BID, 7 days See 7 Drug Interactions. [clinical_pharmacology] 10 mg QD, 7 days ↓1% ↓11% Ethinyl estradiol & Levonorgestrel, QD, 21 days 10 mg QD, Days 8 to 14 of 21 day oral contraceptive cycle Ethinyl estradiol 0% Ethinyl estradiol ↓9% Levonorgestrel 0% Levonorgestrel ↓5% Glipizide, 10 mg on Days 1 and 9 10 mg QD, Days 2 to 9 ↓3% ↓5% Fenofibrate, 200 mg QD, 14 days 10 mg QD, 14 days ↑11% ↑7% Cyclosporine, 100 mg single dose Day 7 20 mg QD, 8 days ↑15% ↑10% Statins Lovastatin 20 mg QD, 7 days 10 mg QD, 7 days ↑19% ↑3% Pravastatin 20 mg QD, 14 days 10 mg QD, 14 days ↓20% ↓24% Atorvastatin 10 mg QD, 14 days 10 mg QD, 14 days ↓4% ↑7% Rosuvastatin 10 mg QD, 14 days 10 mg QD, 14 days ↑19% ↑17% Fluvastatin 20 mg QD, 14 days 10 mg QD, 14 days ↓39% ↓27% Simvastatin Table 6: Effect of Coadministered Drugs or Grapefruit Juice on Simvastatin Systemic Exposure Coadministered Drug or Grapefruit Juice Dosing of Coadministered Drug or Grapefruit Juice Dosing of Simvastatin Geometric Mean Ratio (Ratio Results based on a chemical assay except results with propranolol as indicated."
simvastatin,rosuvastatin,Not stated in FDA label,"[clinical_pharmacology] ↓4% ↓30% Cimetidine, 400 mg BID, 7 days ↑6% ↑22% Glipizide, 10 mg, single dose ↑4% ↓8% Statins Lovastatin 20 mg QD, 7 days ↑9% ↑3% Pravastatin 20 mg QD, 14 days ↑7% ↑23% Atorvastatin 10 mg QD, 14 days ↓2% ↑12% Rosuvastatin 10 mg QD, 14 days ↑13% ↑18% Fluvastatin 20 mg QD, 14 days ↓19% ↑7% Table 5: Effect of Ezetimibe Coadministration on Systemic Exposure to Other Drugs Coadministered Drug and its Dosage Regimen Ezetimibe Dosage Regimen Change in AUC of Coadministered Drug Change in C max of Coadministered Drug Warfarin, 25 mg single dose on Day 7 10 mg QD, 11 days ↓2% (R-warfarin) ↑3% (R-warfarin) ↑4% (S-warfarin) ↑1% (S-warfarin) Digoxin, 0.5 mg single dose 10 mg QD, 8 days ↑2% ↓7% Gemfibrozil, 600 mg BID, 7 days See 7 Drug Interactions. [clinical_pharmacology] 10 mg QD, 7 days ↓1% ↓11% Ethinyl estradiol & Levonorgestrel, QD, 21 days 10 mg QD, Days 8 to 14 of 21 day oral contraceptive cycle Ethinyl estradiol 0% Ethinyl estradiol ↓9% Levonorgestrel 0% Levonorgestrel ↓5% Glipizide, 10 mg on Days 1 and 9 10 mg QD, Days 2 to 9 ↓3% ↓5% Fenofibrate, 200 mg QD, 14 days 10 mg QD, 14 days ↑11% ↑7% Cyclosporine, 100 mg single dose Day 7 20 mg QD, 8 days ↑15% ↑10% Statins Lovastatin 20 mg QD, 7 days 10 mg QD, 7 days ↑19% ↑3% Pravastatin 20 mg QD, 14 days 10 mg QD, 14 days ↓20% ↓24% Atorvastatin 10 mg QD, 14 days 10 mg QD, 14 days ↓4% ↑7% Rosuvastatin 10 mg QD, 14 days 10 mg QD, 14 days ↑19% ↑17% Fluvastatin 20 mg QD, 14 days 10 mg QD, 14 days ↓39% ↓27% Simvastatin Table 6: Effect of Coadministered Drugs or Grapefruit Juice on Simvastatin Systemic Exposure Coadministered Drug or Grapefruit Juice Dosing of Coadministered Drug or Grapefruit Juice Dosing of Simvastatin Geometric Mean Ratio (Ratio Results based on a chemical assay except results with propranolol as indicated.",Follow the management information in the FDA label and verify with prescribing clinician.,https://api.fda.gov/drug/label.json?search=id:697ae8a7-2359-455f-9c21-e266f1c31288,"[clinical_pharmacology] ↓4% ↓30% Cimetidine, 400 mg BID, 7 days ↑6% ↑22% Glipizide, 10 mg, single dose ↑4% ↓8% Statins Lovastatin 20 mg QD, 7 days ↑9% ↑3% Pravastatin 20 mg QD, 14 days ↑7% ↑23% Atorvastatin 10 mg QD, 14 days ↓2% ↑12% Rosuvastatin 10 mg QD, 14 days ↑13% ↑18% Fluvastatin 20 mg QD, 14 days ↓19% ↑7% Table 5: Effect of Ezetimibe Coadministration on Systemic Exposure to Other Drugs Coadministered Drug and its Dosage Regimen Ezetimibe Dosage Regimen Change in AUC of Coadministered Drug Change in C max of Coadministered Drug Warfarin, 25 mg single dose on Day 7 10 mg QD, 11 days ↓2% (R-warfarin) ↑3% (R-warfarin) ↑4% (S-warfarin) ↑1% (S-warfarin) Digoxin, 0.5 mg single dose 10 mg QD, 8 days ↑2% ↓7% Gemfibrozil, 600 mg BID, 7 days See 7 Drug Interactions. [clinical_pharmacology] 10 mg QD, 7 days ↓1% ↓11% Ethinyl estradiol & Levonorgestrel, QD, 21 days 10 mg QD, Days 8 to 14 of 21 day oral contraceptive cycle Ethinyl estradiol 0% Ethinyl estradiol ↓9% Levonorgestrel 0% Levonorgestrel ↓5% Glipizide, 10 mg on Days 1 and 9 10 mg QD, Days 2 to 9 ↓3% ↓5% Fenofibrate, 200 mg QD, 14 days 10 mg QD, 14 days ↑11% ↑7% Cyclosporine, 100 mg single dose Day 7 20 mg QD, 8 days ↑15% ↑10% Statins Lovastatin 20 mg QD, 7 days 10 mg QD, 7 days ↑19% ↑3% Pravastatin 20 mg QD, 14 days 10 mg QD, 14 days ↓20% ↓24% Atorvastatin 10 mg QD, 14 days 10 mg QD, 14 days ↓4% ↑7% Rosuvastatin 10 mg QD, 14 days 10 mg QD, 14 days ↑19% ↑17% Fluvastatin 20 mg QD, 14 days 10 mg QD, 14 days ↓39% ↓27% Simvastatin Table 6: Effect of Coadministered Drugs or Grapefruit Juice on Simvastatin Systemic Exposure Coadministered Drug or Grapefruit Juice Dosing of Coadministered Drug or Grapefruit Juice Dosing of Simvastatin Geometric Mean Ratio (Ratio Results based on a chemical assay except results with propranolol as indicated."
simvastatin,pravastatin,Not stated in FDA label,"[clinical_pharmacology] ↓4% ↓30% Cimetidine, 400 mg BID, 7 days ↑6% ↑22% Glipizide, 10 mg, single dose ↑4% ↓8% Statins Lovastatin 20 mg QD, 7 days ↑9% ↑3% Pravastatin 20 mg QD, 14 days ↑7% ↑23% Atorvastatin 10 mg QD, 14 days ↓2% ↑12% Rosuvastatin 10 mg QD, 14 days ↑13% ↑18% Fluvastatin 20 mg QD, 14 days ↓19% ↑7% Table 5: Effect of Ezetimibe Coadministration on Systemic Exposure to Other Drugs Coadministered Drug and its Dosage Regimen Ezetimibe Dosage Regimen Change in AUC of Coadministered Drug Change in C max of Coadministered Drug Warfarin, 25 mg single dose on Day 7 10 mg QD, 11 days ↓2% (R-warfarin) ↑3% (R-warfarin) ↑4% (S-warfarin) ↑1% (S-warfarin) Digoxin, 0.5 mg single dose 10 mg QD, 8 days ↑2% ↓7% Gemfibrozil, 600 mg BID, 7 days See 7 Drug Interactions. [clinical_pharmacology] 10 mg QD, 7 days ↓1% ↓11% Ethinyl estradiol & Levonorgestrel, QD, 21 days 10 mg QD, Days 8 to 14 of 21 day oral contraceptive cycle Ethinyl estradiol 0% Ethinyl estradiol ↓9% Levonorgestrel 0% Levonorgestrel ↓5% Glipizide, 10 mg on Days 1 and 9 10 mg QD, Days 2 to 9 ↓3% ↓5% Fenofibrate, 200 mg QD, 14 days 10 mg QD, 14 days ↑11% ↑7% Cyclosporine, 100 mg single dose Day 7 20 mg QD, 8 days ↑15% ↑10% Statins Lovastatin 20 mg QD, 7 days 10 mg QD, 7 days ↑19% ↑3% Pravastatin 20 mg QD, 14 days 10 mg QD, 14 days ↓20% ↓24% Atorvastatin 10 mg QD, 14 days 10 mg QD, 14 days ↓4% ↑7% Rosuvastatin 10 mg QD, 14 days 10 mg QD, 14 days ↑19% ↑17% Fluvastatin 20 mg QD, 14 days 10 mg QD, 14 days ↓39% ↓27% Simvastatin Table 6: Effect of Coadministered Drugs or Grapefruit Juice on Simvastatin Systemic Exposure Coadministered Drug or Grapefruit Juice Dosing of Coadministered Drug or Grapefruit Juice Dosing of Simvastatin Geometric Mean Ratio (Ratio Results based on a chemical assay except results with propranolol as indicated.",Follow the management information in the FDA label and verify with prescribing clinician.,https://api.fda.gov/drug/label.json?search=id:697ae8a7-2359-455f-9c21-e266f1c31288,"[clinical_pharmacology] ↓4% ↓30% Cimetidine, 400 mg BID, 7 days ↑6% ↑22% Glipizide, 10 mg, single dose ↑4% ↓8% Statins Lovastatin 20 mg QD, 7 days ↑9% ↑3% Pravastatin 20 mg QD, 14 days ↑7% ↑23% Atorvastatin 10 mg QD, 14 days ↓2% ↑12% Rosuvastatin 10 mg QD, 14 days ↑13% ↑18% Fluvastatin 20 mg QD, 14 days ↓19% ↑7% Table 5: Effect of Ezetimibe Coadministration on Systemic Exposure to Other Drugs Coadministered Drug and its Dosage Regimen Ezetimibe Dosage Regimen Change in AUC of Coadministered Drug Change in C max of Coadministered Drug Warfarin, 25 mg single dose on Day 7 10 mg QD, 11 days ↓2% (R-warfarin) ↑3% (R-warfarin) ↑4% (S-warfarin) ↑1% (S-warfarin) Digoxin, 0.5 mg single dose 10 mg QD, 8 days ↑2% ↓7% Gemfibrozil, 600 mg BID, 7 days See 7 Drug Interactions. [clinical_pharmacology] 10 mg QD, 7 days ↓1% ↓11% Ethinyl estradiol & Levonorgestrel, QD, 21 days 10 mg QD, Days 8 to 14 of 21 day oral contraceptive cycle Ethinyl estradiol 0% Ethinyl estradiol ↓9% Levonorgestrel 0% Levonorgestrel ↓5% Glipizide, 10 mg on Days 1 and 9 10 mg QD, Days 2 to 9 ↓3% ↓5% Fenofibrate, 200 mg QD, 14 days 10 mg QD, 14 days ↑11% ↑7% Cyclosporine, 100 mg single dose Day 7 20 mg QD, 8 days ↑15% ↑10% Statins Lovastatin 20 mg QD, 7 days 10 mg QD, 7 days ↑19% ↑3% Pravastatin 20 mg QD, 14 days 10 mg QD, 14 days ↓20% ↓24% Atorvastatin 10 mg QD, 14 days 10 mg QD, 14 days ↓4% ↑7% Rosuvastatin 10 mg QD, 14 days 10 mg QD, 14 days ↑19% ↑17% Fluvastatin 20 mg QD, 14 days 10 mg QD, 14 days ↓39% ↓27% Simvastatin Table 6: Effect of Coadministered Drugs or Grapefruit Juice on Simvastatin Systemic Exposure Coadministered Drug or Grapefruit Juice Dosing of Coadministered Drug or Grapefruit Juice Dosing of Simvastatin Geometric Mean Ratio (Ratio Results based on a chemical assay except results with propranolol as indicated."
simvastatin,fenofibrate,Not stated in FDA label,"[clinical_pharmacology] Coadministered Drug or Grapefruit Juice Dosing of Coadministered Drug or Grapefruit Juice Dosing of Simvastatin Geometric Mean Ratio (Ratio * with / without coadministered drug) No Effect = 1.00 AUC C max Telithromycin † 200 mg QD for 4 days 80 mg simvastatin acid ‡ 12 15 simvastatin 8.9 5.3 Nelfinavir † 1250 mg BID for 14 days 20 mg QD for 28 days simvastatin acid ‡ simvastatin 6 6.2 Itraconazole † 200 mg QD for 4 days 80 mg simvastatin acid ‡ 13.1 simvastatin 13.1 Posaconazole 100 mg (oral suspension) QD for 13 days 40 mg simvastatin acid simvastatin 7.3 10.3 9.2 9.4 200 mg (oral suspension) QD for 13 days 40 mg simvastatin acid simvastatin 8.5 10.6 9.5 11.4 Gemfibrozil 600 mg BID for 3 days 40 mg simvastatin acid simvastatin 2.85 1.35 2.18 0.91 Grapefruit Juice § (high dose) 200 mL of double-strength TID ¶ 60 mg single dose simvastatin acid simvastatin 7 16 Grapefruit Juice § (low dose) 8 oz (about 237mL) of single-strength # 20 mg single dose simvastatin acid simvastatin 1.3 1.9 Verapamil SR 240 mg QD Days 1 to 7 then 240 mg BID on Days 8 to 10 80 mg on Day 10 simvastatin acid simvastatin 2.3 2.5 2.4 2.1 Diltiazem 120 mg BID for 10 days 80 mg on Day 10 simvastatin acid simvastatin 2.69 3.10 2.69 2.88 Diltiazem 120 mg BID for 14 days 20 mg on Day 14 simvastatin 4.6 3.6 Dronedarone 400 mg BID for 14 days 40 mg QD for 14 days simvastatin acid simvastatin 1.96 3.90 2.14 3.75 Amiodarone 400 mg QD for 3 days 40 mg on Day 3 simvastatin acid simvastatin 1.75 1.76 1.72 1.79 Amlodipine 10 mg QD x 10 days 80 mg on Day 10 simvastatin acid simvastatin 1.58 1.77 1.56 1.47 Ranolazine SR 1000 mg BID for 7 days 80 mg on Day 1 and Days 6 to 9 simvastatin acid simvastatin 2.26 1.86 2.28 1.75 Lomitapide 60 mg QD for 7 days 40 mg single dose simvastatin acid simvastatin 1.7 2 1.6 2 Lomitapide 10 mg QD for 7 days 20 mg single dose simvastatin acid simvastatin 1.4 1.6 1.4 1.7 Fenofibrate 160 mg QD x 14 days 80 mg QD on Days 8 to 14 simvastatin acid simvastatin 0.64 0.89 0.89 0.83 Niacin extended-release 2 g single dose 20 mg single dose simvastatin acid simvastatin 1.6 1.4 1.84 1.08 Propranolol 80 mg single dose 80 mg single dose total inhibitor 0.79 ↓ from 33.6 to 21.1 ng·eq/mL Simvastatin's Effect on the Pharmacokinetics of Other Drugs: In a study of 12 healthy volunteers, simvastatin at the 80-mg dose had no effect on the metabolism of the probe cytochrome P450 isoform 3A4 (CYP3A4) substrates midazolam and erythromycin.",Follow the management information in the FDA label and verify with prescribing clinician.,https://api.fda.gov/drug/label.json?search=id:4bbbb5c9-6c29-bc3b-e063-6294a90a6cce,"[clinical_pharmacology] Coadministered Drug or Grapefruit Juice Dosing of Coadministered Drug or Grapefruit Juice Dosing of Simvastatin Geometric Mean Ratio (Ratio * with / without coadministered drug) No Effect = 1.00 AUC C max Telithromycin † 200 mg QD for 4 days 80 mg simvastatin acid ‡ 12 15 simvastatin 8.9 5.3 Nelfinavir † 1250 mg BID for 14 days 20 mg QD for 28 days simvastatin acid ‡ simvastatin 6 6.2 Itraconazole † 200 mg QD for 4 days 80 mg simvastatin acid ‡ 13.1 simvastatin 13.1 Posaconazole 100 mg (oral suspension) QD for 13 days 40 mg simvastatin acid simvastatin 7.3 10.3 9.2 9.4 200 mg (oral suspension) QD for 13 days 40 mg simvastatin acid simvastatin 8.5 10.6 9.5 11.4 Gemfibrozil 600 mg BID for 3 days 40 mg simvastatin acid simvastatin 2.85 1.35 2.18 0.91 Grapefruit Juice § (high dose) 200 mL of double-strength TID ¶ 60 mg single dose simvastatin acid simvastatin 7 16 Grapefruit Juice § (low dose) 8 oz (about 237mL) of single-strength # 20 mg single dose simvastatin acid simvastatin 1.3 1.9 Verapamil SR 240 mg QD Days 1 to 7 then 240 mg BID on Days 8 to 10 80 mg on Day 10 simvastatin acid simvastatin 2.3 2.5 2.4 2.1 Diltiazem 120 mg BID for 10 days 80 mg on Day 10 simvastatin acid simvastatin 2.69 3.10 2.69 2.88 Diltiazem 120 mg BID for 14 days 20 mg on Day 14 simvastatin 4.6 3.6 Dronedarone 400 mg BID for 14 days 40 mg QD for 14 days simvastatin acid simvastatin 1.96 3.90 2.14 3.75 Amiodarone 400 mg QD for 3 days 40 mg on Day 3 simvastatin acid simvastatin 1.75 1.76 1.72 1.79 Amlodipine 10 mg QD x 10 days 80 mg on Day 10 simvastatin acid simvastatin 1.58 1.77 1.56 1.47 Ranolazine SR 1000 mg BID for 7 days 80 mg on Day 1 and Days 6 to 9 simvastatin acid simvastatin 2.26 1.86 2.28 1.75 Lomitapide 60 mg QD for 7 days 40 mg single dose simvastatin acid simvastatin 1.7 2 1.6 2 Lomitapide 10 mg QD for 7 days 20 mg single dose simvastatin acid simvastatin 1.4 1.6 1.4 1.7 Fenofibrate 160 mg QD x 14 days 80 mg QD on Days 8 to 14 simvastatin acid simvastatin 0.64 0.89 0.89 0.83 Niacin extended-release 2 g single dose 20 mg single dose simvastatin acid simvastatin 1.6 1.4 1.84 1.08 Propranolol 80 mg single dose 80 mg single dose total inhibitor 0.79 ↓ from 33.6 to 21.1 ng·eq/mL Simvastatin's Effect on the Pharmacokinetics of Other Drugs: In a study of 12 healthy volunteers, simvastatin at the 80-mg dose had no effect on the metabolism of the probe cytochrome P450 isoform 3A4 (CYP3A4) substrates midazolam and erythromycin."
simvastatin,warfarin,Not stated in FDA label,"[drug_interactions] Concomitant administration of ezetimibe (10 mg once daily) had no significant effect on bioavailability of warfarin and prothrombin time in a study of twelve healthy adult males. [clinical_pharmacology] ↓4% ↓30% Cimetidine, 400 mg BID, 7 days ↑6% ↑22% Glipizide, 10 mg, single dose ↑4% ↓8% Statins Lovastatin 20 mg QD, 7 days ↑9% ↑3% Pravastatin 20 mg QD, 14 days ↑7% ↑23% Atorvastatin 10 mg QD, 14 days ↓2% ↑12% Rosuvastatin 10 mg QD, 14 days ↑13% ↑18% Fluvastatin 20 mg QD, 14 days ↓19% ↑7% Table 5: Effect of Ezetimibe Coadministration on Systemic Exposure to Other Drugs Coadministered Drug and its Dosage Regimen Ezetimibe Dosage Regimen Change in AUC of Coadministered Drug Change in C max of Coadministered Drug Warfarin, 25 mg single dose on Day 7 10 mg QD, 11 days ↓2% (R-warfarin) ↑3% (R-warfarin) ↑4% (S-warfarin) ↑1% (S-warfarin) Digoxin, 0.5 mg single dose 10 mg QD, 8 days ↑2% ↓7% Gemfibrozil, 600 mg BID, 7 days See 7 Drug Interactions.",Follow the management information in the FDA label and verify with prescribing clinician.,https://api.fda.gov/drug/label.json?search=id:697ae8a7-2359-455f-9c21-e266f1c31288,"[drug_interactions] Concomitant administration of ezetimibe (10 mg once daily) had no significant effect on bioavailability of warfarin and prothrombin time in a study of twelve healthy adult males. [clinical_pharmacology] ↓4% ↓30% Cimetidine, 400 mg BID, 7 days ↑6% ↑22% Glipizide, 10 mg, single dose ↑4% ↓8% Statins Lovastatin 20 mg QD, 7 days ↑9% ↑3% Pravastatin 20 mg QD, 14 days ↑7% ↑23% Atorvastatin 10 mg QD, 14 days ↓2% ↑12% Rosuvastatin 10 mg QD, 14 days ↑13% ↑18% Fluvastatin 20 mg QD, 14 days ↓19% ↑7% Table 5: Effect of Ezetimibe Coadministration on Systemic Exposure to Other Drugs Coadministered Drug and its Dosage Regimen Ezetimibe Dosage Regimen Change in AUC of Coadministered Drug Change in C max of Coadministered Drug Warfarin, 25 mg single dose on Day 7 10 mg QD, 11 days ↓2% (R-warfarin) ↑3% (R-warfarin) ↑4% (S-warfarin) ↑1% (S-warfarin) Digoxin, 0.5 mg single dose 10 mg QD, 8 days ↑2% ↓7% Gemfibrozil, 600 mg BID, 7 days See 7 Drug Interactions."
simvastatin,digoxin,Not stated in FDA label,"[drug_interactions] 7.6 Digoxin In one study, concomitant administration of digoxin with simvastatin resulted in a slight elevation in plasma digoxin concentrations. [clinical_pharmacology] ↓4% ↓30% Cimetidine, 400 mg BID, 7 days ↑6% ↑22% Glipizide, 10 mg, single dose ↑4% ↓8% Statins Lovastatin 20 mg QD, 7 days ↑9% ↑3% Pravastatin 20 mg QD, 14 days ↑7% ↑23% Atorvastatin 10 mg QD, 14 days ↓2% ↑12% Rosuvastatin 10 mg QD, 14 days ↑13% ↑18% Fluvastatin 20 mg QD, 14 days ↓19% ↑7% Table 5: Effect of Ezetimibe Coadministration on Systemic Exposure to Other Drugs Coadministered Drug and its Dosage Regimen Ezetimibe Dosage Regimen Change in AUC of Coadministered Drug Change in C max of Coadministered Drug Warfarin, 25 mg single dose on Day 7 10 mg QD, 11 days ↓2% (R-warfarin) ↑3% (R-warfarin) ↑4% (S-warfarin) ↑1% (S-warfarin) Digoxin, 0.5 mg single dose 10 mg QD, 8 days ↑2% ↓7% Gemfibrozil, 600 mg BID, 7 days See 7 Drug Interactions.",Follow the management information in the FDA label and verify with prescribing clinician.,https://api.fda.gov/drug/label.json?search=id:697ae8a7-2359-455f-9c21-e266f1c31288,"[drug_interactions] 7.6 Digoxin In one study, concomitant administration of digoxin with simvastatin resulted in a slight elevation in plasma digoxin concentrations. [clinical_pharmacology] ↓4% ↓30% Cimetidine, 400 mg BID, 7 days ↑6% ↑22% Glipizide, 10 mg, single dose ↑4% ↓8% Statins Lovastatin 20 mg QD, 7 days ↑9% ↑3% Pravastatin 20 mg QD, 14 days ↑7% ↑23% Atorvastatin 10 mg QD, 14 days ↓2% ↑12% Rosuvastatin 10 mg QD, 14 days ↑13% ↑18% Fluvastatin 20 mg QD, 14 days ↓19% ↑7% Table 5: Effect of Ezetimibe Coadministration on Systemic Exposure to Other Drugs Coadministered Drug and its Dosage Regimen Ezetimibe Dosage Regimen Change in AUC of Coadministered Drug Change in C max of Coadministered Drug Warfarin, 25 mg single dose on Day 7 10 mg QD, 11 days ↓2% (R-warfarin) ↑3% (R-warfarin) ↑4% (S-warfarin) ↑1% (S-warfarin) Digoxin, 0.5 mg single dose 10 mg QD, 8 days ↑2% ↓7% Gemfibrozil, 600 mg BID, 7 days See 7 Drug Interactions."
simvastatin,amiodarone,Not stated in FDA label,"[drug_interactions] Amiodarone, Dronedarone, Ranolazine, or Calcium Channel Blockers Clinical Impact: The risk of myopathy and rhabdomyolysis is increased by concomitant use of amiodarone, dronedarone, ranolazine, or calcium channel blockers with simvastatin. [clinical_pharmacology] Coadministered Drug or Grapefruit Juice Dosing of Coadministered Drug or Grapefruit Juice Dosing of Simvastatin Geometric Mean Ratio (Ratio * with / without coadministered drug) No Effect = 1.00 AUC C max Telithromycin † 200 mg QD for 4 days 80 mg simvastatin acid ‡ 12 15 simvastatin 8.9 5.3 Nelfinavir † 1250 mg BID for 14 days 20 mg QD for 28 days simvastatin acid ‡ simvastatin 6 6.2 Itraconazole † 200 mg QD for 4 days 80 mg simvastatin acid ‡ 13.1 simvastatin 13.1 Posaconazole 100 mg (oral suspension) QD for 13 days 40 mg simvastatin acid simvastatin 7.3 10.3 9.2 9.4 200 mg (oral suspension) QD for 13 days 40 mg simvastatin acid simvastatin 8.5 10.6 9.5 11.4 Gemfibrozil 600 mg BID for 3 days 40 mg simvastatin acid simvastatin 2.85 1.35 2.18 0.91 Grapefruit Juice § (high dose) 200 mL of double-strength TID ¶ 60 mg single dose simvastatin acid simvastatin 7 16 Grapefruit Juice § (low dose) 8 oz (about 237mL) of single-strength # 20 mg single dose simvastatin acid simvastatin 1.3 1.9 Verapamil SR 240 mg QD Days 1 to 7 then 240 mg BID on Days 8 to 10 80 mg on Day 10 simvastatin acid simvastatin 2.3 2.5 2.4 2.1 Diltiazem 120 mg BID for 10 days 80 mg on Day 10 simvastatin acid simvastatin 2.69 3.10 2.69 2.88 Diltiazem 120 mg BID for 14 days 20 mg on Day 14 simvastatin 4.6 3.6 Dronedarone 400 mg BID for 14 days 40 mg QD for 14 days simvastatin acid simvastatin 1.96 3.90 2.14 3.75 Amiodarone 400 mg QD for 3 days 40 mg on Day 3 simvastatin acid simvastatin 1.75 1.76 1.72 1.79 Amlodipine 10 mg QD x 10 days 80 mg on Day 10 simvastatin acid simvastatin 1.58 1.77 1.56 1.47 Ranolazine SR 1000 mg BID for 7 days 80 mg on Day 1 and Days 6 to 9 simvastatin acid simvastatin 2.26 1.86 2.28 1.75 Lomitapide 60 mg QD for 7 days 40 mg single dose simvastatin acid simvastatin 1.7 2 1.6 2 Lomitapide 10 mg QD for 7 days 20 mg single dose simvastatin acid simvastatin 1.4 1.6 1.4 1.7 Fenofibrate 160 mg QD x 14 days 80 mg QD on Days 8 to 14 simvastatin acid simvastatin 0.64 0.89 0.89 0.83 Niacin extended-release 2 g single dose 20 mg single dose simvastatin acid simvastatin 1.6 1.4 1.84 1.08 Propranolol 80 mg single dose 80 mg single dose total inhibitor 0.79 ↓ from 33.6 to 21.1 ng·eq/mL Simvastatin's Effect on the Pharmacokinetics of Other Drugs: In a study of 12 healthy volunteers, simvastatin at the 80-mg dose had no effect on the metabolism of the probe cytochrome P450 isoform 3A4 (CYP3A4) substrates midazolam and erythromycin.",Follow the management information in the FDA label and verify with prescribing clinician.,https://api.fda.gov/drug/label.json?search=id:4bbbb5c9-6c29-bc3b-e063-6294a90a6cce,"[drug_interactions] Amiodarone, Dronedarone, Ranolazine, or Calcium Channel Blockers Clinical Impact: The risk of myopathy and rhabdomyolysis is increased by concomitant use of amiodarone, dronedarone, ranolazine, or calcium channel blockers with simvastatin. [clinical_pharmacology] Coadministered Drug or Grapefruit Juice Dosing of Coadministered Drug or Grapefruit Juice Dosing of Simvastatin Geometric Mean Ratio (Ratio * with / without coadministered drug) No Effect = 1.00 AUC C max Telithromycin † 200 mg QD for 4 days 80 mg simvastatin acid ‡ 12 15 simvastatin 8.9 5.3 Nelfinavir † 1250 mg BID for 14 days 20 mg QD for 28 days simvastatin acid ‡ simvastatin 6 6.2 Itraconazole † 200 mg QD for 4 days 80 mg simvastatin acid ‡ 13.1 simvastatin 13.1 Posaconazole 100 mg (oral suspension) QD for 13 days 40 mg simvastatin acid simvastatin 7.3 10.3 9.2 9.4 200 mg (oral suspension) QD for 13 days 40 mg simvastatin acid simvastatin 8.5 10.6 9.5 11.4 Gemfibrozil 600 mg BID for 3 days 40 mg simvastatin acid simvastatin 2.85 1.35 2.18 0.91 Grapefruit Juice § (high dose) 200 mL of double-strength TID ¶ 60 mg single dose simvastatin acid simvastatin 7 16 Grapefruit Juice § (low dose) 8 oz (about 237mL) of single-strength # 20 mg single dose simvastatin acid simvastatin 1.3 1.9 Verapamil SR 240 mg QD Days 1 to 7 then 240 mg BID on Days 8 to 10 80 mg on Day 10 simvastatin acid simvastatin 2.3 2.5 2.4 2.1 Diltiazem 120 mg BID for 10 days 80 mg on Day 10 simvastatin acid simvastatin 2.69 3.10 2.69 2.88 Diltiazem 120 mg BID for 14 days 20 mg on Day 14 simvastatin 4.6 3.6 Dronedarone 400 mg BID for 14 days 40 mg QD for 14 days simvastatin acid simvastatin 1.96 3.90 2.14 3.75 Amiodarone 400 mg QD for 3 days 40 mg on Day 3 simvastatin acid simvastatin 1.75 1.76 1.72 1.79 Amlodipine 10 mg QD x 10 days 80 mg on Day 10 simvastatin acid simvastatin 1.58 1.77 1.56 1.47 Ranolazine SR 1000 mg BID for 7 days 80 mg on Day 1 and Days 6 to 9 simvastatin acid simvastatin 2.26 1.86 2.28 1.75 Lomitapide 60 mg QD for 7 days 40 mg single dose simvastatin acid simvastatin 1.7 2 1.6 2 Lomitapide 10 mg QD for 7 days 20 mg single dose simvastatin acid simvastatin 1.4 1.6 1.4 1.7 Fenofibrate 160 mg QD x 14 days 80 mg QD on Days 8 to 14 simvastatin acid simvastatin 0.64 0.89 0.89 0.83 Niacin extended-release 2 g single dose 20 mg single dose simvastatin acid simvastatin 1.6 1.4 1.84 1.08 Propranolol 80 mg single dose 80 mg single dose total inhibitor 0.79 ↓ from 33.6 to 21.1 ng·eq/mL Simvastatin's Effect on the Pharmacokinetics of Other Drugs: In a study of 12 healthy volunteers, simvastatin at the 80-mg dose had no effect on the metabolism of the probe cytochrome P450 isoform 3A4 (CYP3A4) substrates midazolam and erythromycin."
atorvastatin,fenofibrate,Not stated in FDA label,"[clinical_pharmacology] Effect of Co-administered Drugs on the Pharmacokinetics of Atorvastatin Co-administered drug and dosage regimen Atorvastatin Dosage (mg) Ratio of AUC & Ratio of C max & # Cyclosporine 5.2 mg/kg/day, stable dose 10 mg QD a for 28 days 8.69 10.66 # Tipranavir 500 mg BID b /ritonavir 200 mg BID b , 7 days 10 mg SD c 9.36 8.58 # Glecaprevir 400 mg QD a /pibrentasvir 120 mg QD a , 7 days 10 mg QD a for 7 days 8.28 22.00 # Telaprevir 750 mg q8h f , 10 days 20 mg SD c 7.88 10.60 #, ‡ Saquinavir 400 mg BID b /ritonavir 400 mg BID b , 15 days 40 mg QD a for 4 days 3.93 4.31 # Elbasvir 50 mg QD a /grazoprevir 200 mg QD a , 13 days 10 mg SD c 1.94 4.34 # Simeprevir 150 mg QD a , 10 days 40 mg SD c 2.12 1.70 # Clarithromycin 500 mg BID b , 9 days 80 mg QD a for 8 days 4.54 5.38 # Darunavir 300 mg BID b /ritonavir 100 mg BID b , 9 days 10 mg QD a for 4 days 3.45 2.25 # Itraconazole 200 mg QD a , 4 days 40 mg SD c 3.32 1.20 # Letermovir 480 mg QD a , 10 days 20 mg SD c 3.29 2.17 # Fosamprenavir 700 mg BID b /ritonavir 100 mg BID b , 14 days 10 mg QD a for 4 days 2.53 2.84 # Fosamprenavir 1400 mg BID b , 14 days 10 mg QD a for 4 days 2.30 4.04 # Nelfinavir 1250 mg BID b , 14 days 10 mg QD a for 28 days 1.74 2.22 # Grapefruit Juice, 240 mL QD a, * 40 mg SD c 1.37 1.16 Diltiazem 240 mg QD a , 28 days 40 mg SD c 1.51 1.00 Erythromycin 500 mg QID e , 7 days 10 mg SD c 1.33 1.38 Amlodipine 10 mg, single dose 80 mg SD c 1.18 0.91 Cimetidine 300 mg QID e , 2 weeks 10 mg QD a for 2 weeks 1.00 0.89 Colestipol 10 g BID b , 24 weeks 40 mg QD a for 8 weeks NA 0.74** Maalox TC ® 30 mL QID e , 17 days 10 mg QD a for 15 days 0.66 0.67 Efavirenz 600 mg QD a , 14 days 10 mg for 3 days 0.59 1.01 # Rifampin 600 mg QD a , 7 days (co-administered) † 40 mg SD c 1.12 2.90 # Rifampin 600 mg QD a , 5 days (doses separated) † 40 mg SD c 0.20 0.60 # Gemfibrozil 600 mg BID b , 7 days 40 mg SD c 1.35 1.00 # Fenofibrate 160 mg QD a , 7 days 40 mg SD c 1.03 1.02 Boceprevir 800 mg TID d , 7 days 40 mg SD c 2.32 2.66 & Represents ratio of treatments (co-administered drug plus atorvastatin vs atorvastatin alone).",Follow the management information in the FDA label and verify with prescribing clinician.,https://api.fda.gov/drug/label.json?search=id:1e0577ab-3a32-4752-b948-ccc25c7c5356,"[clinical_pharmacology] Effect of Co-administered Drugs on the Pharmacokinetics of Atorvastatin Co-administered drug and dosage regimen Atorvastatin Dosage (mg) Ratio of AUC & Ratio of C max & # Cyclosporine 5.2 mg/kg/day, stable dose 10 mg QD a for 28 days 8.69 10.66 # Tipranavir 500 mg BID b /ritonavir 200 mg BID b , 7 days 10 mg SD c 9.36 8.58 # Glecaprevir 400 mg QD a /pibrentasvir 120 mg QD a , 7 days 10 mg QD a for 7 days 8.28 22.00 # Telaprevir 750 mg q8h f , 10 days 20 mg SD c 7.88 10.60 #, ‡ Saquinavir 400 mg BID b /ritonavir 400 mg BID b , 15 days 40 mg QD a for 4 days 3.93 4.31 # Elbasvir 50 mg QD a /grazoprevir 200 mg QD a , 13 days 10 mg SD c 1.94 4.34 # Simeprevir 150 mg QD a , 10 days 40 mg SD c 2.12 1.70 # Clarithromycin 500 mg BID b , 9 days 80 mg QD a for 8 days 4.54 5.38 # Darunavir 300 mg BID b /ritonavir 100 mg BID b , 9 days 10 mg QD a for 4 days 3.45 2.25 # Itraconazole 200 mg QD a , 4 days 40 mg SD c 3.32 1.20 # Letermovir 480 mg QD a , 10 days 20 mg SD c 3.29 2.17 # Fosamprenavir 700 mg BID b /ritonavir 100 mg BID b , 14 days 10 mg QD a for 4 days 2.53 2.84 # Fosamprenavir 1400 mg BID b , 14 days 10 mg QD a for 4 days 2.30 4.04 # Nelfinavir 1250 mg BID b , 14 days 10 mg QD a for 28 days 1.74 2.22 # Grapefruit Juice, 240 mL QD a, * 40 mg SD c 1.37 1.16 Diltiazem 240 mg QD a , 28 days 40 mg SD c 1.51 1.00 Erythromycin 500 mg QID e , 7 days 10 mg SD c 1.33 1.38 Amlodipine 10 mg, single dose 80 mg SD c 1.18 0.91 Cimetidine 300 mg QID e , 2 weeks 10 mg QD a for 2 weeks 1.00 0.89 Colestipol 10 g BID b , 24 weeks 40 mg QD a for 8 weeks NA 0.74** Maalox TC ® 30 mL QID e , 17 days 10 mg QD a for 15 days 0.66 0.67 Efavirenz 600 mg QD a , 14 days 10 mg for 3 days 0.59 1.01 # Rifampin 600 mg QD a , 7 days (co-administered) † 40 mg SD c 1.12 2.90 # Rifampin 600 mg QD a , 5 days (doses separated) † 40 mg SD c 0.20 0.60 # Gemfibrozil 600 mg BID b , 7 days 40 mg SD c 1.35 1.00 # Fenofibrate 160 mg QD a , 7 days 40 mg SD c 1.03 1.02 Boceprevir 800 mg TID d , 7 days 40 mg SD c 2.32 2.66 & Represents ratio of treatments (co-administered drug plus atorvastatin vs atorvastatin alone)."
atorvastatin,warfarin,Not stated in FDA label,"[drug_interactions] Table 2: Examples of CYP450 Interactions with Warfarin Enzyme Inhibitors Inducers CYP2C9 amiodarone, capecitabine, cotrimoxazole, etravirine, fluconazole, fluvastatin, fluvoxamine, metronidazole, miconazole, oxandrolone, sulfinpyrazone, tigecycline, voriconazole, zafirlukast aprepitant, bosentan, carbamazepine, phenobarbital, rifampin CYP1A2 acyclovir, allopurinol, caffeine, cimetidine, ciprofloxacin, disulfiram, enoxacin, famotidine, fluvoxamine, methoxsalen, mexiletine, norfloxacin, oral contraceptives, phenylpropanolamine, propafenone, propranolol, terbinafine, thiabendazole, ticlopidine, verapamil, zileuton montelukast, moricizine, omeprazole, phenobarbital, phenytoin, cigarette smoking CYP3A4 alprazolam, amiodarone, amlodipine, amprenavir, aprepitant, atorvastatin, atazanavir, bicalutamide, cilostazol, cimetidine, ciprofloxacin, clarithromycin, conivaptan, cyclosporine, darunavir/ritonavir, diltiazem, erythromycin, fluconazole, fluoxetine, fluvoxamine, fosamprenavir, imatinib, indinavir, isoniazid, itraconazole, ketoconazole, lopinavir/ritonavir, nefazodone, nelfinavir, nilotinib, oral contraceptives, posaconazole, ranitidine, ranolazine, ritonavir, saquinavir, telithromycin, tipranavir, voriconazole, zileuton armodafinil, amprenavir, aprepitant, bosentan, carbamazepine, efavirenz, etravirine, modafinil, nafcillin, phenytoin, pioglitazone, prednisone, rifampin, rufinamide 7.3 Drugs that Increase Bleeding Risk Examples of drugs known to increase the risk of bleeding are presented in Table 3 .",Follow the management information in the FDA label and verify with prescribing clinician.,https://api.fda.gov/drug/label.json?search=id:b8c33971-54b3-4971-bf7f-1bec66999a29,"[drug_interactions] Table 2: Examples of CYP450 Interactions with Warfarin Enzyme Inhibitors Inducers CYP2C9 amiodarone, capecitabine, cotrimoxazole, etravirine, fluconazole, fluvastatin, fluvoxamine, metronidazole, miconazole, oxandrolone, sulfinpyrazone, tigecycline, voriconazole, zafirlukast aprepitant, bosentan, carbamazepine, phenobarbital, rifampin CYP1A2 acyclovir, allopurinol, caffeine, cimetidine, ciprofloxacin, disulfiram, enoxacin, famotidine, fluvoxamine, methoxsalen, mexiletine, norfloxacin, oral contraceptives, phenylpropanolamine, propafenone, propranolol, terbinafine, thiabendazole, ticlopidine, verapamil, zileuton montelukast, moricizine, omeprazole, phenobarbital, phenytoin, cigarette smoking CYP3A4 alprazolam, amiodarone, amlodipine, amprenavir, aprepitant, atorvastatin, atazanavir, bicalutamide, cilostazol, cimetidine, ciprofloxacin, clarithromycin, conivaptan, cyclosporine, darunavir/ritonavir, diltiazem, erythromycin, fluconazole, fluoxetine, fluvoxamine, fosamprenavir, imatinib, indinavir, isoniazid, itraconazole, ketoconazole, lopinavir/ritonavir, nefazodone, nelfinavir, nilotinib, oral contraceptives, posaconazole, ranitidine, ranolazine, ritonavir, saquinavir, telithromycin, tipranavir, voriconazole, zileuton armodafinil, amprenavir, aprepitant, bosentan, carbamazepine, efavirenz, etravirine, modafinil, nafcillin, phenytoin, pioglitazone, prednisone, rifampin, rufinamide 7.3 Drugs that Increase Bleeding Risk Examples of drugs known to increase the risk of bleeding are presented in Table 3 ."
atorvastatin,digoxin,Not stated in FDA label,"[drug_interactions] Digoxin: May increase digoxin plasma levels; monitor patients appropriately ( 7.3 ). [drug_interactions] Intervention: Monitor patients taking digoxin appropriately. [clinical_pharmacology] a Once daily b Twice daily c Single dose d Three times daily e Four times daily f Every 8 hours Table 6: Effect of Atorvastatin on the Pharmacokinetics of Co-administered Drugs Atorvastatin Co-administered drug and dosing regimen Drug/Dose (mg) Ratio of AUC Ratio of C max 80 mg QD a for 15 days Antipyrine, 600 mg SD c 1.03 0.89 80 mg QD a for 10 days # Digoxin 0.25 mg QD a , 20 days 1.15 1.20 40 mg QD a for 22 days Oral contraceptive QD a , 2 months -norethindrone 1 mg -ethinyl estradiol 35 μg 1.28 1.19 1.23 1.30 10 mg, SD c Tipranavir 500 mg BID b /ritonavir 200 mg BID b , 7 days 1.08 0.96 10 mg QD a for 4 days Fosamprenavir 1400 mg BID b , 14 days 0.73 0.82 10 mg QD a for 4 days Fosamprenavir 700 mg BID b /ritonavir 100 mg BID b , 14 days 0.99 0.94 # See Section 7 for clinical significance.",Follow the management information in the FDA label and verify with prescribing clinician.,https://api.fda.gov/drug/label.json?search=id:05b0f170-ac97-4a83-b03a-659a4b493ee2,"[drug_interactions] Digoxin: May increase digoxin plasma levels; monitor patients appropriately ( 7.3 ). [drug_interactions] Intervention: Monitor patients taking digoxin appropriately. [clinical_pharmacology] a Once daily b Twice daily c Single dose d Three times daily e Four times daily f Every 8 hours Table 6: Effect of Atorvastatin on the Pharmacokinetics of Co-administered Drugs Atorvastatin Co-administered drug and dosing regimen Drug/Dose (mg) Ratio of AUC Ratio of C max 80 mg QD a for 15 days Antipyrine, 600 mg SD c 1.03 0.89 80 mg QD a for 10 days # Digoxin 0.25 mg QD a , 20 days 1.15 1.20 40 mg QD a for 22 days Oral contraceptive QD a , 2 months -norethindrone 1 mg -ethinyl estradiol 35 μg 1.28 1.19 1.23 1.30 10 mg, SD c Tipranavir 500 mg BID b /ritonavir 200 mg BID b , 7 days 1.08 0.96 10 mg QD a for 4 days Fosamprenavir 1400 mg BID b , 14 days 0.73 0.82 10 mg QD a for 4 days Fosamprenavir 700 mg BID b /ritonavir 100 mg BID b , 14 days 0.99 0.94 # See Section 7 for clinical significance."
atorvastatin,amiodarone,Not stated in FDA label,"[drug_interactions] Lower starting and maintenance doses of other CYP3A4 substrates (e.g., atorvastatin) may be required as amiodarone may increase the plasma concentration of these drugs.",Follow the management information in the FDA label and verify with prescribing clinician.,https://api.fda.gov/drug/label.json?search=id:487d000e-9dec-3e6f-e063-6294a90ae8b0,"[drug_interactions] Lower starting and maintenance doses of other CYP3A4 substrates (e.g., atorvastatin) may be required as amiodarone may increase the plasma concentration of these drugs."
rosuvastatin,fenofibrate,Not stated in FDA label,"[drug_interactions] Fenofibrates (e.g., fenofibrate and fenofibric acid) Clinical Impact: Fibrates may cause myopathy when given alone. [clinical_pharmacology] Table 8: Effect of Coadministered Drugs on Rosuvastatin Systemic Exposure Coadministered drug and dosing regimen Rosuvastatin Mean Ratio (ratio with/without coadministered drug) No Effect=1.0 Dose (mg) 1 Change in AUC Change in C max Sofosbuvir/velpatasvir/voxilaprevir (400 mg/100 mg/100 mg) + Voxilaprevir (100 mg) once daily for 15 days 10 mg, single dose 7.39 2 (6.68 to 8.18) 3 18.88 2 (16.23 to 21.96) 3 Cyclosporine – stable dose required (75 mg to 200 mg BID) 10 mg, QD for 10 days 7.1 2 11 2 Darolutamide 600 mg BID, 5 days 5 mg, single dose 5.2 2 ~5 2 Regorafenib 160 mg QD, 14 days 5 mg, single dose 3.8 2 4.6 2 Atazanavir/ritonavir combination 300 mg/100 mg QD for 8 days 10 mg 3.1 2 7 2 Simeprevir 150 mg QD, 7 days 10 mg, single dose 2.8 2 (2.3 to 3.4) 3 3.2 2 (2.6 to 3.9) 3 Velpatasvir 100 mg once daily 10 mg, single dose 2.69 2 (2.46 to 2.94) 3 2.61 2 (2.32 to 2.92) 3 Ombitasvir 25 mg/paritaprevir 150 mg/ ritonavir 100 mg + dasabuvir 400 mg BID 5 mg, single dose 2.59 2 (2.09 to 3.21) 3 7.13 2 (5.11 to 9.96) 3 Teriflunomide Not available 2.51 2 2.65 2 Enasidenib 100 mg QD, 28 days 10 mg, single dose 2.44 3.66 Elbasvir 50 mg/grazoprevir 200 mg once daily 10 mg, single dose 2.26 2 (1.89 to 2.69) 3 5.49 2 (4.29 to 7.04) 3 Glecaprevir 400 mg/pibrentasvir 120 mg once daily 5 mg, once daily 2.15 2 (1.88 to 2.46) 3 5.62 2 (4.80 to 6.59) 3 Lopinavir/ritonavir combination 400 mg/100 mg BID for 17 days 20 mg, QD for 7 days 2.1 2 (1.7 to 2.6) 3 5 2 (3.4 to 6.4) 3 Capmatinib 400 mg BID 10 mg, single dose 2.08 2 (1.56 to 2.76) 3 3.04 2 (2.36 to 3.92) 3 Fostamatinib 100 mg BID 20 mg, single dose 1.96 2 (1.77 to 2.15) 3 1.88 2 (1.69 to 2.09) 3 Febuxostat 120 mg QD for 4 days 10 mg, single dose 1.9 2 (1.5 to 2.5) 3 2.1 2 (1.8 to 2.6) 3 Gemfibrozil 600 mg BID for 7 days 80 mg 1.9 2 (1.6 to 2.2) 3 2.2 2 ­ (1.8 to 2.7) 3 Tafamidis 61 mg, BID on Days 1 & 2, followed by QD on Days 3 to 9 10 mg 1.97 2 (1.68 to 2.31) 3 1.86 2 (1.59 to 2.16) 3 Eltrombopag 75 mg QD, 5 days 10 mg 1.6 (1.4 to 1.7) 3 2 (1.8 to 2.3) 3 Darunavir 600 mg/ritonavir 100 mg BID, 7 days 10 mg, QD for 7 days 1.5 (1.0 to 2.1) 3 2.4 (1.6 to 3.6) 3 Tipranavir/ritonavir combination 500 mg/200 mg BID for 11 days 10 mg 1.4 (1.2 to 1.6) 3 2.2 (1.8 to 2.7) 3 Dronedarone 400 mg BID 10 mg 1.4 Itraconazole 200 mg QD, 5 days 10 mg or 80 mg 1.4 (1.2 to 1.6) 3 1.3 (1.1 to 1.4) 3 1.4 (1.2 to 1.5) 3 1.2 (0.9 to 1.4) 3 Ezetimibe 10 mg QD, 14 days 10 mg, QD for 14 days 1.2 (0.9 to 1.6) 3 1.2 (0.8 to 1.6) 3 Fosamprenavir/ritonavir 700 mg/100 mg BID for 7 days 10 mg 1.1 1.5 Fenofibrate 67 mg TID for 7 days 10 mg ↔ 1.2 (1.1 to 1.3) 3 Rifampicin 450 mg QD, 7 days 20 mg ↔ Aluminum & magnesium hydroxide combination antacid Administered simultaneously Administered 2 hours apart 40 mg 40 mg 0.5 2 (0.4 to 0.5) 3 0.8 (0.7 to 0.9) 3 0.5 2 (0.4 to 0.6) 3 0.8 (0.7 to 1.0) 3 Ketoconazole 200 mg BID for 7 days 80 mg 1.0 (0.8 to 1.2) 3 1.0 (0.7 to 1.3) 3 Fluconazole 200 mg QD for 11 days 80 mg 1.1 (1.0 to 1.3) 3 1.1 (0.9 to 1.4) 3 Erythromycin 500 mg QID for 7 days 80 mg 0.8 (0.7 to 0.9) 3 0.7 (0.5 to 0.9) 3 QD= Once daily, BID= Twice daily, TID= Three times daily, QID= Four times daily 1 Single dose unless otherwise noted.",Follow the management information in the FDA label and verify with prescribing clinician.,https://api.fda.gov/drug/label.json?search=id:843cb1f2-e29f-1cea-4a98-e34470827fba,"[drug_interactions] Fenofibrates (e.g., fenofibrate and fenofibric acid) Clinical Impact: Fibrates may cause myopathy when given alone. [clinical_pharmacology] Table 8: Effect of Coadministered Drugs on Rosuvastatin Systemic Exposure Coadministered drug and dosing regimen Rosuvastatin Mean Ratio (ratio with/without coadministered drug) No Effect=1.0 Dose (mg) 1 Change in AUC Change in C max Sofosbuvir/velpatasvir/voxilaprevir (400 mg/100 mg/100 mg) + Voxilaprevir (100 mg) once daily for 15 days 10 mg, single dose 7.39 2 (6.68 to 8.18) 3 18.88 2 (16.23 to 21.96) 3 Cyclosporine – stable dose required (75 mg to 200 mg BID) 10 mg, QD for 10 days 7.1 2 11 2 Darolutamide 600 mg BID, 5 days 5 mg, single dose 5.2 2 ~5 2 Regorafenib 160 mg QD, 14 days 5 mg, single dose 3.8 2 4.6 2 Atazanavir/ritonavir combination 300 mg/100 mg QD for 8 days 10 mg 3.1 2 7 2 Simeprevir 150 mg QD, 7 days 10 mg, single dose 2.8 2 (2.3 to 3.4) 3 3.2 2 (2.6 to 3.9) 3 Velpatasvir 100 mg once daily 10 mg, single dose 2.69 2 (2.46 to 2.94) 3 2.61 2 (2.32 to 2.92) 3 Ombitasvir 25 mg/paritaprevir 150 mg/ ritonavir 100 mg + dasabuvir 400 mg BID 5 mg, single dose 2.59 2 (2.09 to 3.21) 3 7.13 2 (5.11 to 9.96) 3 Teriflunomide Not available 2.51 2 2.65 2 Enasidenib 100 mg QD, 28 days 10 mg, single dose 2.44 3.66 Elbasvir 50 mg/grazoprevir 200 mg once daily 10 mg, single dose 2.26 2 (1.89 to 2.69) 3 5.49 2 (4.29 to 7.04) 3 Glecaprevir 400 mg/pibrentasvir 120 mg once daily 5 mg, once daily 2.15 2 (1.88 to 2.46) 3 5.62 2 (4.80 to 6.59) 3 Lopinavir/ritonavir combination 400 mg/100 mg BID for 17 days 20 mg, QD for 7 days 2.1 2 (1.7 to 2.6) 3 5 2 (3.4 to 6.4) 3 Capmatinib 400 mg BID 10 mg, single dose 2.08 2 (1.56 to 2.76) 3 3.04 2 (2.36 to 3.92) 3 Fostamatinib 100 mg BID 20 mg, single dose 1.96 2 (1.77 to 2.15) 3 1.88 2 (1.69 to 2.09) 3 Febuxostat 120 mg QD for 4 days 10 mg, single dose 1.9 2 (1.5 to 2.5) 3 2.1 2 (1.8 to 2.6) 3 Gemfibrozil 600 mg BID for 7 days 80 mg 1.9 2 (1.6 to 2.2) 3 2.2 2 ­ (1.8 to 2.7) 3 Tafamidis 61 mg, BID on Days 1 & 2, followed by QD on Days 3 to 9 10 mg 1.97 2 (1.68 to 2.31) 3 1.86 2 (1.59 to 2.16) 3 Eltrombopag 75 mg QD, 5 days 10 mg 1.6 (1.4 to 1.7) 3 2 (1.8 to 2.3) 3 Darunavir 600 mg/ritonavir 100 mg BID, 7 days 10 mg, QD for 7 days 1.5 (1.0 to 2.1) 3 2.4 (1.6 to 3.6) 3 Tipranavir/ritonavir combination 500 mg/200 mg BID for 11 days 10 mg 1.4 (1.2 to 1.6) 3 2.2 (1.8 to 2.7) 3 Dronedarone 400 mg BID 10 mg 1.4 Itraconazole 200 mg QD, 5 days 10 mg or 80 mg 1.4 (1.2 to 1.6) 3 1.3 (1.1 to 1.4) 3 1.4 (1.2 to 1.5) 3 1.2 (0.9 to 1.4) 3 Ezetimibe 10 mg QD, 14 days 10 mg, QD for 14 days 1.2 (0.9 to 1.6) 3 1.2 (0.8 to 1.6) 3 Fosamprenavir/ritonavir 700 mg/100 mg BID for 7 days 10 mg 1.1 1.5 Fenofibrate 67 mg TID for 7 days 10 mg ↔ 1.2 (1.1 to 1.3) 3 Rifampicin 450 mg QD, 7 days 20 mg ↔ Aluminum & magnesium hydroxide combination antacid Administered simultaneously Administered 2 hours apart 40 mg 40 mg 0.5 2 (0.4 to 0.5) 3 0.8 (0.7 to 0.9) 3 0.5 2 (0.4 to 0.6) 3 0.8 (0.7 to 1.0) 3 Ketoconazole 200 mg BID for 7 days 80 mg 1.0 (0.8 to 1.2) 3 1.0 (0.7 to 1.3) 3 Fluconazole 200 mg QD for 11 days 80 mg 1.1 (1.0 to 1.3) 3 1.1 (0.9 to 1.4) 3 Erythromycin 500 mg QID for 7 days 80 mg 0.8 (0.7 to 0.9) 3 0.7 (0.5 to 0.9) 3 QD= Once daily, BID= Twice daily, TID= Three times daily, QID= Four times daily 1 Single dose unless otherwise noted."
rosuvastatin,warfarin,Not stated in FDA label,"[drug_interactions] Intervention: In patients taking warfarin, obtain an INR before starting rosuvastatin and frequently enough after initiation, dose titration or discontinuation to ensure that no significant alteration in INR occurs. [clinical_pharmacology] 40 mg 0.5 (0.4-0.5) 0.8 (0.7-0.9) 0.5 (0.4-0.6) 0.8 (0.7-1.0) Ketoconazole 200 mg BID for 7 days 80 mg 1.0 (0.8-1.2) 1.0 (0.7-1.3) Fluconazole 200 mg QD for 11 days 80 mg 1.1 (1.0-1.3) 1.1 (0.9-1.4) Erythromycin 500 mg QID for 7 days 80 mg 0.8 (0.7-0.9) 0.7 (0.5-0.9) QD= Once daily, BID= Twice daily, TID= Three times daily, QID= Four times daily Table 9: Effect of Rosuvastatin Coadministration on Systemic Exposure to Other Drugs Rosuvastatin Dosage Regimen Coadministered Drug Mean Ratio (ratio with/without coadministered drug) No Effect=1.0 Name and Dose Change in AUC Change in C max 40 mg QD for 10 days Warfarin Clinically significant pharmacodynamic effects [see Drug Interactions ( 7.3)] 25 mg single dose R- Warfarin 1.0 (1.0-1.1) Mean ratio with 90% CI (with/without coadministered drug, e.g., 1= no change, 0.7=30% decrease, 11=11-fold increase in exposure) S-Warfarin 1.1 (1.0-1.1) R-Warfarin 1.0 (0.9-1.0) S-Warfarin 1.0 (0.9-1.1) 40 mg QD for 12 days Digoxin 0.5 mg single dose 1.0 (0.9-1.2) 1.0 (0.9-1.2) 40 mg QD for 28 days Oral Contraceptive (ethinyl estradiol 0.035 mg & norgestrel 0.180, 0.215 and 0.250 mg) QD for 21 Days EE 1.3 (1.2-1.3) NG 1.3 (1.3-1.4) EE 1.3 (1.2-1.3) NG 1.2 (1.1-1.3) EE = ethinyl estradiol, NG = norgestrel, QD= Once daily 12.5 Pharmacogenomics Disposition of rosuvastatin, involves OATP1B1 and other transporter proteins.",Follow the management information in the FDA label and verify with prescribing clinician.,https://api.fda.gov/drug/label.json?search=id:447c034b-bd46-2a37-e063-6394a90a4feb,"[drug_interactions] Intervention: In patients taking warfarin, obtain an INR before starting rosuvastatin and frequently enough after initiation, dose titration or discontinuation to ensure that no significant alteration in INR occurs. [clinical_pharmacology] 40 mg 0.5 (0.4-0.5) 0.8 (0.7-0.9) 0.5 (0.4-0.6) 0.8 (0.7-1.0) Ketoconazole 200 mg BID for 7 days 80 mg 1.0 (0.8-1.2) 1.0 (0.7-1.3) Fluconazole 200 mg QD for 11 days 80 mg 1.1 (1.0-1.3) 1.1 (0.9-1.4) Erythromycin 500 mg QID for 7 days 80 mg 0.8 (0.7-0.9) 0.7 (0.5-0.9) QD= Once daily, BID= Twice daily, TID= Three times daily, QID= Four times daily Table 9: Effect of Rosuvastatin Coadministration on Systemic Exposure to Other Drugs Rosuvastatin Dosage Regimen Coadministered Drug Mean Ratio (ratio with/without coadministered drug) No Effect=1.0 Name and Dose Change in AUC Change in C max 40 mg QD for 10 days Warfarin Clinically significant pharmacodynamic effects [see Drug Interactions ( 7.3)] 25 mg single dose R- Warfarin 1.0 (1.0-1.1) Mean ratio with 90% CI (with/without coadministered drug, e.g., 1= no change, 0.7=30% decrease, 11=11-fold increase in exposure) S-Warfarin 1.1 (1.0-1.1) R-Warfarin 1.0 (0.9-1.0) S-Warfarin 1.0 (0.9-1.1) 40 mg QD for 12 days Digoxin 0.5 mg single dose 1.0 (0.9-1.2) 1.0 (0.9-1.2) 40 mg QD for 28 days Oral Contraceptive (ethinyl estradiol 0.035 mg & norgestrel 0.180, 0.215 and 0.250 mg) QD for 21 Days EE 1.3 (1.2-1.3) NG 1.3 (1.3-1.4) EE 1.3 (1.2-1.3) NG 1.2 (1.1-1.3) EE = ethinyl estradiol, NG = norgestrel, QD= Once daily 12.5 Pharmacogenomics Disposition of rosuvastatin, involves OATP1B1 and other transporter proteins."
rosuvastatin,digoxin,Not stated in FDA label,"[clinical_pharmacology] 40 mg 0.5 (0.4-0.5) 0.8 (0.7-0.9) 0.5 (0.4-0.6) 0.8 (0.7-1.0) Ketoconazole 200 mg BID for 7 days 80 mg 1.0 (0.8-1.2) 1.0 (0.7-1.3) Fluconazole 200 mg QD for 11 days 80 mg 1.1 (1.0-1.3) 1.1 (0.9-1.4) Erythromycin 500 mg QID for 7 days 80 mg 0.8 (0.7-0.9) 0.7 (0.5-0.9) QD= Once daily, BID= Twice daily, TID= Three times daily, QID= Four times daily Table 9: Effect of Rosuvastatin Coadministration on Systemic Exposure to Other Drugs Rosuvastatin Dosage Regimen Coadministered Drug Mean Ratio (ratio with/without coadministered drug) No Effect=1.0 Name and Dose Change in AUC Change in C max 40 mg QD for 10 days Warfarin Clinically significant pharmacodynamic effects [see Drug Interactions ( 7.3)] 25 mg single dose R- Warfarin 1.0 (1.0-1.1) Mean ratio with 90% CI (with/without coadministered drug, e.g., 1= no change, 0.7=30% decrease, 11=11-fold increase in exposure) S-Warfarin 1.1 (1.0-1.1) R-Warfarin 1.0 (0.9-1.0) S-Warfarin 1.0 (0.9-1.1) 40 mg QD for 12 days Digoxin 0.5 mg single dose 1.0 (0.9-1.2) 1.0 (0.9-1.2) 40 mg QD for 28 days Oral Contraceptive (ethinyl estradiol 0.035 mg & norgestrel 0.180, 0.215 and 0.250 mg) QD for 21 Days EE 1.3 (1.2-1.3) NG 1.3 (1.3-1.4) EE 1.3 (1.2-1.3) NG 1.2 (1.1-1.3) EE = ethinyl estradiol, NG = norgestrel, QD= Once daily 12.5 Pharmacogenomics Disposition of rosuvastatin, involves OATP1B1 and other transporter proteins.",Follow the management information in the FDA label and verify with prescribing clinician.,https://api.fda.gov/drug/label.json?search=id:447c034b-bd46-2a37-e063-6394a90a4feb,"[clinical_pharmacology] 40 mg 0.5 (0.4-0.5) 0.8 (0.7-0.9) 0.5 (0.4-0.6) 0.8 (0.7-1.0) Ketoconazole 200 mg BID for 7 days 80 mg 1.0 (0.8-1.2) 1.0 (0.7-1.3) Fluconazole 200 mg QD for 11 days 80 mg 1.1 (1.0-1.3) 1.1 (0.9-1.4) Erythromycin 500 mg QID for 7 days 80 mg 0.8 (0.7-0.9) 0.7 (0.5-0.9) QD= Once daily, BID= Twice daily, TID= Three times daily, QID= Four times daily Table 9: Effect of Rosuvastatin Coadministration on Systemic Exposure to Other Drugs Rosuvastatin Dosage Regimen Coadministered Drug Mean Ratio (ratio with/without coadministered drug) No Effect=1.0 Name and Dose Change in AUC Change in C max 40 mg QD for 10 days Warfarin Clinically significant pharmacodynamic effects [see Drug Interactions ( 7.3)] 25 mg single dose R- Warfarin 1.0 (1.0-1.1) Mean ratio with 90% CI (with/without coadministered drug, e.g., 1= no change, 0.7=30% decrease, 11=11-fold increase in exposure) S-Warfarin 1.1 (1.0-1.1) R-Warfarin 1.0 (0.9-1.0) S-Warfarin 1.0 (0.9-1.1) 40 mg QD for 12 days Digoxin 0.5 mg single dose 1.0 (0.9-1.2) 1.0 (0.9-1.2) 40 mg QD for 28 days Oral Contraceptive (ethinyl estradiol 0.035 mg & norgestrel 0.180, 0.215 and 0.250 mg) QD for 21 Days EE 1.3 (1.2-1.3) NG 1.3 (1.3-1.4) EE 1.3 (1.2-1.3) NG 1.2 (1.1-1.3) EE = ethinyl estradiol, NG = norgestrel, QD= Once daily 12.5 Pharmacogenomics Disposition of rosuvastatin, involves OATP1B1 and other transporter proteins."
pravastatin,fenofibrate,Not stated in FDA label,"[clinical_pharmacology] Effects of Co-Administered Drugs on Fenofibric Acid Systemic Exposure from Fenofibrate Administration Co-Administered Drug Dosage Regimen of Co-Administered Drug Dosage Regimen of Fenofibrate Changes in Fenofibric Acid Exposure AUC Cmax Lipid-lowering medications Atorvastatin 20 mg once daily for 10 days Fenofibrate 160 mg 1 once daily for 10 days ↓2% ↓4% Pravastatin 40 mg as a single dose Fenofibrate 3 x 67 mg 2 as a single dose ↓1% ↓2% Fluvastatin 40 mg as a single dose Fenofibrate 160 mg 1 as a single dose ↓2% ↓10% Anti-diabetic medications Glimepiride 1 mg as a single dose Fenofibrate 145 mg 1 once daily for 10 days ↑1% ↓1% Metformin 850 mg three times daily for 10 days Fenofibrate 54 mg 1 three times daily for 10 days ↓9% ↓6% Rosiglitazone 8 mg once daily for 5 days Fenofibrate 145 mg 1 once daily for 14 days ↑10% ↑3% 1 Fenofibrate oral tablet 2 Fenofibrate oral micronized capsule Table 4. [clinical_pharmacology] Effects of Fenofibrate Co-Administration on Systemic Exposure of Other Drugs Dosage Regimen of Fenofibrate Dosage Regimen of Co-Administered Drug Changes in Co-Administered Drug Exposure Analyte AUC Cmax Lipid-lowering medications Fenofibrate 160 mg 1 once daily for 10 days Atorvastatin, 20 mg once daily for 10 days Atorvastatin ↓17% 0% Fenofibrate 3 x 67 mg 2 as a single dose Pravastatin, 40 mg as a single dose Pravastatin ↑13% ↑13% 3α-Hydroxyl-iso-pravastatin ↑26% ↑29% Fenofibrate 160 mg 1 as a single dose Fluvastatin, 40 mg as a single dose (+)-3R, 5S-Fluvastatin ↑15% ↑16% Anti-diabetic medications Fenofibrate 145 mg 1 once daily for 10 days Glimepiride, 1 mg as a single dose Glimepiride ↑35% ↑18% Fenofibrate 54 mg 1 three times daily for 10 days Metformin, 850 mg three times daily for 10 days Metformin ↑3% ↑6% Fenofibrate 145 mg 1 once daily for 14 days Rosiglitazone, 8 mg once daily for 5 days Rosiglitazone ↑6% ↓1% 1 Fenofibrate oral tablet 2 Fenofibrate oral micronized capsule",Follow the management information in the FDA label and verify with prescribing clinician.,https://api.fda.gov/drug/label.json?search=id:4a8d21ca-db2a-a1b4-e063-6394a90ac708,"[clinical_pharmacology] Effects of Co-Administered Drugs on Fenofibric Acid Systemic Exposure from Fenofibrate Administration Co-Administered Drug Dosage Regimen of Co-Administered Drug Dosage Regimen of Fenofibrate Changes in Fenofibric Acid Exposure AUC Cmax Lipid-lowering medications Atorvastatin 20 mg once daily for 10 days Fenofibrate 160 mg 1 once daily for 10 days ↓2% ↓4% Pravastatin 40 mg as a single dose Fenofibrate 3 x 67 mg 2 as a single dose ↓1% ↓2% Fluvastatin 40 mg as a single dose Fenofibrate 160 mg 1 as a single dose ↓2% ↓10% Anti-diabetic medications Glimepiride 1 mg as a single dose Fenofibrate 145 mg 1 once daily for 10 days ↑1% ↓1% Metformin 850 mg three times daily for 10 days Fenofibrate 54 mg 1 three times daily for 10 days ↓9% ↓6% Rosiglitazone 8 mg once daily for 5 days Fenofibrate 145 mg 1 once daily for 14 days ↑10% ↑3% 1 Fenofibrate oral tablet 2 Fenofibrate oral micronized capsule Table 4. [clinical_pharmacology] Effects of Fenofibrate Co-Administration on Systemic Exposure of Other Drugs Dosage Regimen of Fenofibrate Dosage Regimen of Co-Administered Drug Changes in Co-Administered Drug Exposure Analyte AUC Cmax Lipid-lowering medications Fenofibrate 160 mg 1 once daily for 10 days Atorvastatin, 20 mg once daily for 10 days Atorvastatin ↓17% 0% Fenofibrate 3 x 67 mg 2 as a single dose Pravastatin, 40 mg as a single dose Pravastatin ↑13% ↑13% 3α-Hydroxyl-iso-pravastatin ↑26% ↑29% Fenofibrate 160 mg 1 as a single dose Fluvastatin, 40 mg as a single dose (+)-3R, 5S-Fluvastatin ↑15% ↑16% Anti-diabetic medications Fenofibrate 145 mg 1 once daily for 10 days Glimepiride, 1 mg as a single dose Glimepiride ↑35% ↑18% Fenofibrate 54 mg 1 three times daily for 10 days Metformin, 850 mg three times daily for 10 days Metformin ↑3% ↑6% Fenofibrate 145 mg 1 once daily for 14 days Rosiglitazone, 8 mg once daily for 5 days Rosiglitazone ↑6% ↓1% 1 Fenofibrate oral tablet 2 Fenofibrate oral micronized capsule"
pravastatin,aspirin,Not stated in FDA label,[clinical_pharmacology] Drug-Drug Interactions Table 5: Effect of Coadministered Drugs on the Pharmacokinetics of Pravastatin Coadministered Drug and Dosing Regimen Pravastatin Dose (mg) Change in AUC Change in C max Cyclosporine 5 mg/kg single dose 40 mg single dose ↑282% ↑327% Clarithromycin 500 mg BID for 9 days 40 mg OD for 8 days ↑110% ↑128% Boceprevir 800 mg TID for 6 days 40 mg single dose ↑63% ↑49% Darunavir 600 mg BID/Ritonavir 100 mg BID for 7 days 40 mg single dose ↑81% ↑63% Colestipol 10 g single dose 20 mg single dose ↓47% ↓53% Cholestyramine 4 g single dose Administered simultaneously Administered 1 hour prior to cholestyramine Administered 4 hours after cholestyramine 20 mg single dose ↓40% ↑12% ↓12% ↓39% ↑30% ↓6.8% Cholestyramine 24 g OD for 4 weeks 20 mg BID for 8 weeks 5 mg BID for 8 weeks 10 mg BID for 8 weeks ↓51% ↓38% ↓18% ↑4.9% ↑23% ↓33% Fluconazole 200 mg IV for 6 days 200 mg PO for 6 days 20 mg PO+10 mg IV 20 mg PO+10 mg IV ↓34% ↓16% ↓33% ↓16% Kaletra 400 mg/100 mg BID for 14 days 20 mg OD for 4 days ↑­33% ↑­26% Verapamil IR 120 mg for 1 day and Verapamil ER 480 mg for 3 days 40 mg single dose ↑31% ↑42% Cimetidine 300 mg QID for 3 days 20 mg single dose ↑30% ↑9.8% Antacids 15 mL QID for 3 days 20 mg single dose ↓28% ↓24% Digoxin 0.2 mg OD for 9 days 20 mg OD for 9 days ↑23% ↑26% Probucol 500 mg single dose 20 mg single dose ↑14% ↑24% Warfarin 5 mg OD for 6 days 20 mg BID for 6 days ↓13% ↑6.7% Itraconazole 200 mg OD for 30 days 40 mg OD for 30 days ↑11% (compared to Day 1) ↑17% (compared to Day 1) Gemfibrozil 600 mg single dose 20 mg single dose ↓7.0% ↓20% Aspirin 324 mg single dose 20 mg single dose ↑4.7% ↑8.9% Niacin 1 g single dose 20 mg single dose ↓3.6% ↓8.2% Diltiazem 20 mg single dose ↑2.7% ↑30% Grapefruit juice 40 mg single dose ↓1.8% ↑3.7% BID = twice daily; OD = once daily; QID = four times daily Table 6: Effect of Pravastatin on the Pharmacokinetics of Coadministered Drugs Pravastatin Dosing Regimen Name and Dose Change in AUC Change in C max 20 mg BID for 6 days Warfarin 5 mg OD for 6 days Change in mean prothrombin time ↑17% ↑0.4 sec ↑15% 20 mg OD for 9 days Digoxin 0.2 mg OD for 9 days ↑4.6% ↑5.3% 20 mg BID for 4 weeks 10 mg BID for 4 weeks 5 mg BID for 4 weeks Antipyrine 1.2 g single dose ↑3.0% ↑1.6% ↑Less than 1% Not Reported 20 mg OD for 4 days Kaletra 400 mg/100 mg BID for 14 days No change No change BID = twice daily; OD = once daily,Follow the management information in the FDA label and verify with prescribing clinician.,https://api.fda.gov/drug/label.json?search=id:3e0f38e6-a515-4d76-9de4-34a83c38e8f2,[clinical_pharmacology] Drug-Drug Interactions Table 5: Effect of Coadministered Drugs on the Pharmacokinetics of Pravastatin Coadministered Drug and Dosing Regimen Pravastatin Dose (mg) Change in AUC Change in C max Cyclosporine 5 mg/kg single dose 40 mg single dose ↑282% ↑327% Clarithromycin 500 mg BID for 9 days 40 mg OD for 8 days ↑110% ↑128% Boceprevir 800 mg TID for 6 days 40 mg single dose ↑63% ↑49% Darunavir 600 mg BID/Ritonavir 100 mg BID for 7 days 40 mg single dose ↑81% ↑63% Colestipol 10 g single dose 20 mg single dose ↓47% ↓53% Cholestyramine 4 g single dose Administered simultaneously Administered 1 hour prior to cholestyramine Administered 4 hours after cholestyramine 20 mg single dose ↓40% ↑12% ↓12% ↓39% ↑30% ↓6.8% Cholestyramine 24 g OD for 4 weeks 20 mg BID for 8 weeks 5 mg BID for 8 weeks 10 mg BID for 8 weeks ↓51% ↓38% ↓18% ↑4.9% ↑23% ↓33% Fluconazole 200 mg IV for 6 days 200 mg PO for 6 days 20 mg PO+10 mg IV 20 mg PO+10 mg IV ↓34% ↓16% ↓33% ↓16% Kaletra 400 mg/100 mg BID for 14 days 20 mg OD for 4 days ↑­33% ↑­26% Verapamil IR 120 mg for 1 day and Verapamil ER 480 mg for 3 days 40 mg single dose ↑31% ↑42% Cimetidine 300 mg QID for 3 days 20 mg single dose ↑30% ↑9.8% Antacids 15 mL QID for 3 days 20 mg single dose ↓28% ↓24% Digoxin 0.2 mg OD for 9 days 20 mg OD for 9 days ↑23% ↑26% Probucol 500 mg single dose 20 mg single dose ↑14% ↑24% Warfarin 5 mg OD for 6 days 20 mg BID for 6 days ↓13% ↑6.7% Itraconazole 200 mg OD for 30 days 40 mg OD for 30 days ↑11% (compared to Day 1) ↑17% (compared to Day 1) Gemfibrozil 600 mg single dose 20 mg single dose ↓7.0% ↓20% Aspirin 324 mg single dose 20 mg single dose ↑4.7% ↑8.9% Niacin 1 g single dose 20 mg single dose ↓3.6% ↓8.2% Diltiazem 20 mg single dose ↑2.7% ↑30% Grapefruit juice 40 mg single dose ↓1.8% ↑3.7% BID = twice daily; OD = once daily; QID = four times daily Table 6: Effect of Pravastatin on the Pharmacokinetics of Coadministered Drugs Pravastatin Dosing Regimen Name and Dose Change in AUC Change in C max 20 mg BID for 6 days Warfarin 5 mg OD for 6 days Change in mean prothrombin time ↑17% ↑0.4 sec ↑15% 20 mg OD for 9 days Digoxin 0.2 mg OD for 9 days ↑4.6% ↑5.3% 20 mg BID for 4 weeks 10 mg BID for 4 weeks 5 mg BID for 4 weeks Antipyrine 1.2 g single dose ↑3.0% ↑1.6% ↑Less than 1% Not Reported 20 mg OD for 4 days Kaletra 400 mg/100 mg BID for 14 days No change No change BID = twice daily; OD = once daily
pravastatin,warfarin,Not stated in FDA label,[clinical_pharmacology] Drug-Drug Interactions Table 5: Effect of Coadministered Drugs on the Pharmacokinetics of Pravastatin Coadministered Drug and Dosing Regimen Pravastatin Dose (mg) Change in AUC Change in C max Cyclosporine 5 mg/kg single dose 40 mg single dose ↑282% ↑327% Clarithromycin 500 mg BID for 9 days 40 mg OD for 8 days ↑110% ↑128% Boceprevir 800 mg TID for 6 days 40 mg single dose ↑63% ↑49% Darunavir 600 mg BID/Ritonavir 100 mg BID for 7 days 40 mg single dose ↑81% ↑63% Colestipol 10 g single dose 20 mg single dose ↓47% ↓53% Cholestyramine 4 g single dose Administered simultaneously Administered 1 hour prior to cholestyramine Administered 4 hours after cholestyramine 20 mg single dose ↓40% ↑12% ↓12% ↓39% ↑30% ↓6.8% Cholestyramine 24 g OD for 4 weeks 20 mg BID for 8 weeks 5 mg BID for 8 weeks 10 mg BID for 8 weeks ↓51% ↓38% ↓18% ↑4.9% ↑23% ↓33% Fluconazole 200 mg IV for 6 days 200 mg PO for 6 days 20 mg PO+10 mg IV 20 mg PO+10 mg IV ↓34% ↓16% ↓33% ↓16% Kaletra 400 mg/100 mg BID for 14 days 20 mg OD for 4 days ↑­33% ↑­26% Verapamil IR 120 mg for 1 day and Verapamil ER 480 mg for 3 days 40 mg single dose ↑31% ↑42% Cimetidine 300 mg QID for 3 days 20 mg single dose ↑30% ↑9.8% Antacids 15 mL QID for 3 days 20 mg single dose ↓28% ↓24% Digoxin 0.2 mg OD for 9 days 20 mg OD for 9 days ↑23% ↑26% Probucol 500 mg single dose 20 mg single dose ↑14% ↑24% Warfarin 5 mg OD for 6 days 20 mg BID for 6 days ↓13% ↑6.7% Itraconazole 200 mg OD for 30 days 40 mg OD for 30 days ↑11% (compared to Day 1) ↑17% (compared to Day 1) Gemfibrozil 600 mg single dose 20 mg single dose ↓7.0% ↓20% Aspirin 324 mg single dose 20 mg single dose ↑4.7% ↑8.9% Niacin 1 g single dose 20 mg single dose ↓3.6% ↓8.2% Diltiazem 20 mg single dose ↑2.7% ↑30% Grapefruit juice 40 mg single dose ↓1.8% ↑3.7% BID = twice daily; OD = once daily; QID = four times daily Table 6: Effect of Pravastatin on the Pharmacokinetics of Coadministered Drugs Pravastatin Dosing Regimen Name and Dose Change in AUC Change in C max 20 mg BID for 6 days Warfarin 5 mg OD for 6 days Change in mean prothrombin time ↑17% ↑0.4 sec ↑15% 20 mg OD for 9 days Digoxin 0.2 mg OD for 9 days ↑4.6% ↑5.3% 20 mg BID for 4 weeks 10 mg BID for 4 weeks 5 mg BID for 4 weeks Antipyrine 1.2 g single dose ↑3.0% ↑1.6% ↑Less than 1% Not Reported 20 mg OD for 4 days Kaletra 400 mg/100 mg BID for 14 days No change No change BID = twice daily; OD = once daily,Follow the management information in the FDA label and verify with prescribing clinician.,https://api.fda.gov/drug/label.json?search=id:3e0f38e6-a515-4d76-9de4-34a83c38e8f2,[clinical_pharmacology] Drug-Drug Interactions Table 5: Effect of Coadministered Drugs on the Pharmacokinetics of Pravastatin Coadministered Drug and Dosing Regimen Pravastatin Dose (mg) Change in AUC Change in C max Cyclosporine 5 mg/kg single dose 40 mg single dose ↑282% ↑327% Clarithromycin 500 mg BID for 9 days 40 mg OD for 8 days ↑110% ↑128% Boceprevir 800 mg TID for 6 days 40 mg single dose ↑63% ↑49% Darunavir 600 mg BID/Ritonavir 100 mg BID for 7 days 40 mg single dose ↑81% ↑63% Colestipol 10 g single dose 20 mg single dose ↓47% ↓53% Cholestyramine 4 g single dose Administered simultaneously Administered 1 hour prior to cholestyramine Administered 4 hours after cholestyramine 20 mg single dose ↓40% ↑12% ↓12% ↓39% ↑30% ↓6.8% Cholestyramine 24 g OD for 4 weeks 20 mg BID for 8 weeks 5 mg BID for 8 weeks 10 mg BID for 8 weeks ↓51% ↓38% ↓18% ↑4.9% ↑23% ↓33% Fluconazole 200 mg IV for 6 days 200 mg PO for 6 days 20 mg PO+10 mg IV 20 mg PO+10 mg IV ↓34% ↓16% ↓33% ↓16% Kaletra 400 mg/100 mg BID for 14 days 20 mg OD for 4 days ↑­33% ↑­26% Verapamil IR 120 mg for 1 day and Verapamil ER 480 mg for 3 days 40 mg single dose ↑31% ↑42% Cimetidine 300 mg QID for 3 days 20 mg single dose ↑30% ↑9.8% Antacids 15 mL QID for 3 days 20 mg single dose ↓28% ↓24% Digoxin 0.2 mg OD for 9 days 20 mg OD for 9 days ↑23% ↑26% Probucol 500 mg single dose 20 mg single dose ↑14% ↑24% Warfarin 5 mg OD for 6 days 20 mg BID for 6 days ↓13% ↑6.7% Itraconazole 200 mg OD for 30 days 40 mg OD for 30 days ↑11% (compared to Day 1) ↑17% (compared to Day 1) Gemfibrozil 600 mg single dose 20 mg single dose ↓7.0% ↓20% Aspirin 324 mg single dose 20 mg single dose ↑4.7% ↑8.9% Niacin 1 g single dose 20 mg single dose ↓3.6% ↓8.2% Diltiazem 20 mg single dose ↑2.7% ↑30% Grapefruit juice 40 mg single dose ↓1.8% ↑3.7% BID = twice daily; OD = once daily; QID = four times daily Table 6: Effect of Pravastatin on the Pharmacokinetics of Coadministered Drugs Pravastatin Dosing Regimen Name and Dose Change in AUC Change in C max 20 mg BID for 6 days Warfarin 5 mg OD for 6 days Change in mean prothrombin time ↑17% ↑0.4 sec ↑15% 20 mg OD for 9 days Digoxin 0.2 mg OD for 9 days ↑4.6% ↑5.3% 20 mg BID for 4 weeks 10 mg BID for 4 weeks 5 mg BID for 4 weeks Antipyrine 1.2 g single dose ↑3.0% ↑1.6% ↑Less than 1% Not Reported 20 mg OD for 4 days Kaletra 400 mg/100 mg BID for 14 days No change No change BID = twice daily; OD = once daily
pravastatin,digoxin,Not stated in FDA label,[clinical_pharmacology] Drug-Drug Interactions Table 5: Effect of Coadministered Drugs on the Pharmacokinetics of Pravastatin Coadministered Drug and Dosing Regimen Pravastatin Dose (mg) Change in AUC Change in C max Cyclosporine 5 mg/kg single dose 40 mg single dose ↑282% ↑327% Clarithromycin 500 mg BID for 9 days 40 mg OD for 8 days ↑110% ↑128% Boceprevir 800 mg TID for 6 days 40 mg single dose ↑63% ↑49% Darunavir 600 mg BID/Ritonavir 100 mg BID for 7 days 40 mg single dose ↑81% ↑63% Colestipol 10 g single dose 20 mg single dose ↓47% ↓53% Cholestyramine 4 g single dose Administered simultaneously Administered 1 hour prior to cholestyramine Administered 4 hours after cholestyramine 20 mg single dose ↓40% ↑12% ↓12% ↓39% ↑30% ↓6.8% Cholestyramine 24 g OD for 4 weeks 20 mg BID for 8 weeks 5 mg BID for 8 weeks 10 mg BID for 8 weeks ↓51% ↓38% ↓18% ↑4.9% ↑23% ↓33% Fluconazole 200 mg IV for 6 days 200 mg PO for 6 days 20 mg PO+10 mg IV 20 mg PO+10 mg IV ↓34% ↓16% ↓33% ↓16% Kaletra 400 mg/100 mg BID for 14 days 20 mg OD for 4 days ↑­33% ↑­26% Verapamil IR 120 mg for 1 day and Verapamil ER 480 mg for 3 days 40 mg single dose ↑31% ↑42% Cimetidine 300 mg QID for 3 days 20 mg single dose ↑30% ↑9.8% Antacids 15 mL QID for 3 days 20 mg single dose ↓28% ↓24% Digoxin 0.2 mg OD for 9 days 20 mg OD for 9 days ↑23% ↑26% Probucol 500 mg single dose 20 mg single dose ↑14% ↑24% Warfarin 5 mg OD for 6 days 20 mg BID for 6 days ↓13% ↑6.7% Itraconazole 200 mg OD for 30 days 40 mg OD for 30 days ↑11% (compared to Day 1) ↑17% (compared to Day 1) Gemfibrozil 600 mg single dose 20 mg single dose ↓7.0% ↓20% Aspirin 324 mg single dose 20 mg single dose ↑4.7% ↑8.9% Niacin 1 g single dose 20 mg single dose ↓3.6% ↓8.2% Diltiazem 20 mg single dose ↑2.7% ↑30% Grapefruit juice 40 mg single dose ↓1.8% ↑3.7% BID = twice daily; OD = once daily; QID = four times daily Table 6: Effect of Pravastatin on the Pharmacokinetics of Coadministered Drugs Pravastatin Dosing Regimen Name and Dose Change in AUC Change in C max 20 mg BID for 6 days Warfarin 5 mg OD for 6 days Change in mean prothrombin time ↑17% ↑0.4 sec ↑15% 20 mg OD for 9 days Digoxin 0.2 mg OD for 9 days ↑4.6% ↑5.3% 20 mg BID for 4 weeks 10 mg BID for 4 weeks 5 mg BID for 4 weeks Antipyrine 1.2 g single dose ↑3.0% ↑1.6% ↑Less than 1% Not Reported 20 mg OD for 4 days Kaletra 400 mg/100 mg BID for 14 days No change No change BID = twice daily; OD = once daily,Follow the management information in the FDA label and verify with prescribing clinician.,https://api.fda.gov/drug/label.json?search=id:3e0f38e6-a515-4d76-9de4-34a83c38e8f2,[clinical_pharmacology] Drug-Drug Interactions Table 5: Effect of Coadministered Drugs on the Pharmacokinetics of Pravastatin Coadministered Drug and Dosing Regimen Pravastatin Dose (mg) Change in AUC Change in C max Cyclosporine 5 mg/kg single dose 40 mg single dose ↑282% ↑327% Clarithromycin 500 mg BID for 9 days 40 mg OD for 8 days ↑110% ↑128% Boceprevir 800 mg TID for 6 days 40 mg single dose ↑63% ↑49% Darunavir 600 mg BID/Ritonavir 100 mg BID for 7 days 40 mg single dose ↑81% ↑63% Colestipol 10 g single dose 20 mg single dose ↓47% ↓53% Cholestyramine 4 g single dose Administered simultaneously Administered 1 hour prior to cholestyramine Administered 4 hours after cholestyramine 20 mg single dose ↓40% ↑12% ↓12% ↓39% ↑30% ↓6.8% Cholestyramine 24 g OD for 4 weeks 20 mg BID for 8 weeks 5 mg BID for 8 weeks 10 mg BID for 8 weeks ↓51% ↓38% ↓18% ↑4.9% ↑23% ↓33% Fluconazole 200 mg IV for 6 days 200 mg PO for 6 days 20 mg PO+10 mg IV 20 mg PO+10 mg IV ↓34% ↓16% ↓33% ↓16% Kaletra 400 mg/100 mg BID for 14 days 20 mg OD for 4 days ↑­33% ↑­26% Verapamil IR 120 mg for 1 day and Verapamil ER 480 mg for 3 days 40 mg single dose ↑31% ↑42% Cimetidine 300 mg QID for 3 days 20 mg single dose ↑30% ↑9.8% Antacids 15 mL QID for 3 days 20 mg single dose ↓28% ↓24% Digoxin 0.2 mg OD for 9 days 20 mg OD for 9 days ↑23% ↑26% Probucol 500 mg single dose 20 mg single dose ↑14% ↑24% Warfarin 5 mg OD for 6 days 20 mg BID for 6 days ↓13% ↑6.7% Itraconazole 200 mg OD for 30 days 40 mg OD for 30 days ↑11% (compared to Day 1) ↑17% (compared to Day 1) Gemfibrozil 600 mg single dose 20 mg single dose ↓7.0% ↓20% Aspirin 324 mg single dose 20 mg single dose ↑4.7% ↑8.9% Niacin 1 g single dose 20 mg single dose ↓3.6% ↓8.2% Diltiazem 20 mg single dose ↑2.7% ↑30% Grapefruit juice 40 mg single dose ↓1.8% ↑3.7% BID = twice daily; OD = once daily; QID = four times daily Table 6: Effect of Pravastatin on the Pharmacokinetics of Coadministered Drugs Pravastatin Dosing Regimen Name and Dose Change in AUC Change in C max 20 mg BID for 6 days Warfarin 5 mg OD for 6 days Change in mean prothrombin time ↑17% ↑0.4 sec ↑15% 20 mg OD for 9 days Digoxin 0.2 mg OD for 9 days ↑4.6% ↑5.3% 20 mg BID for 4 weeks 10 mg BID for 4 weeks 5 mg BID for 4 weeks Antipyrine 1.2 g single dose ↑3.0% ↑1.6% ↑Less than 1% Not Reported 20 mg OD for 4 days Kaletra 400 mg/100 mg BID for 14 days No change No change BID = twice daily; OD = once daily
ibuprofen,naproxen,Not stated in FDA label,"[warnings] The chance is higher if you • are age 60 or older • have had stomach ulcers or bleeding problems • take a blood thinning (anticoagulant) or steroid drug • take other drugs containing prescription or nonprescription NSAIDs [aspirin, ibuprofen, naproxen, or others] • have 3 or more alcoholic drinks every day while using this product • take more or for a longer time than directed Heart attack and stroke warning: NSAIDs, except aspirin, increase the risk of heart attack, heart failure, and stroke.",Follow the management information in the FDA label and verify with prescribing clinician.,https://api.fda.gov/drug/label.json?search=id:ec4746b3-2707-40c5-bb70-58a42f46c249,"[warnings] The chance is higher if you • are age 60 or older • have had stomach ulcers or bleeding problems • take a blood thinning (anticoagulant) or steroid drug • take other drugs containing prescription or nonprescription NSAIDs [aspirin, ibuprofen, naproxen, or others] • have 3 or more alcoholic drinks every day while using this product • take more or for a longer time than directed Heart attack and stroke warning: NSAIDs, except aspirin, increase the risk of heart attack, heart failure, and stroke."
ibuprofen,aspirin,Not stated in FDA label,"[warnings] The chance is higher if you • are age 60 or older • have had stomach ulcers or bleeding problems • take a blood thinning (anticoagulant) or steroid drug • take other drugs containing prescription or nonprescription NSAIDs [aspirin, ibuprofen, naproxen, or others] • have 3 or more alcoholic drinks every day while using this product • take more or for a longer time than directed Heart attack and stroke warning: NSAIDs, except aspirin, increase the risk of heart attack, heart failure, and stroke. [warnings] Do not use • if you have ever had an allergic reaction to ibuprofen or any other pain reliever/fever reducer • right before or after heart surgery Ask a doctor before use if • you have problems or serious side effects from taking pain relievers or fever reducers • the stomach bleeding warning applies to you • you have a history of stomach problems, such as heartburn • you have high blood pressure, heart disease, liver cirrhosis, kidney disease, asthma, or had a stroke • you are taking a diuretic Ask a doctor or pharmacist before use if you are • taking aspirin for heart attack or stroke, because ibuprofen may decrease this benefit of aspirin • under a doctor’s care for any serious condition • taking any other drug When using this product • take with food or milk if stomach upset occurs Stop use and ask a doctor if • you experience any of the following signs of stomach bleeding: • feel faint • vomit blood • have bloody or black stools • have stomach pain that does not get better • you have symptoms of heart problems or stroke: • chest pain • trouble breathing • weakness in one part or side of body • slurred speech • leg swelling • pain gets worse or lasts more than 10 days • fever gets worse or lasts more than 3 days • redness or swelling is present in the painful area • any new symptoms appear If pregnant or breast-feeding, ask a health professional before use.",Follow the management information in the FDA label and verify with prescribing clinician.,https://api.fda.gov/drug/label.json?search=id:ec4746b3-2707-40c5-bb70-58a42f46c249,"[warnings] The chance is higher if you • are age 60 or older • have had stomach ulcers or bleeding problems • take a blood thinning (anticoagulant) or steroid drug • take other drugs containing prescription or nonprescription NSAIDs [aspirin, ibuprofen, naproxen, or others] • have 3 or more alcoholic drinks every day while using this product • take more or for a longer time than directed Heart attack and stroke warning: NSAIDs, except aspirin, increase the risk of heart attack, heart failure, and stroke. [warnings] Do not use • if you have ever had an allergic reaction to ibuprofen or any other pain reliever/fever reducer • right before or after heart surgery Ask a doctor before use if • you have problems or serious side effects from taking pain relievers or fever reducers • the stomach bleeding warning applies to you • you have a history of stomach problems, such as heartburn • you have high blood pressure, heart disease, liver cirrhosis, kidney disease, asthma, or had a stroke • you are taking a diuretic Ask a doctor or pharmacist before use if you are • taking aspirin for heart attack or stroke, because ibuprofen may decrease this benefit of aspirin • under a doctor’s care for any serious condition • taking any other drug When using this product • take with food or milk if stomach upset occurs Stop use and ask a doctor if • you experience any of the following signs of stomach bleeding: • feel faint • vomit blood • have bloody or black stools • have stomach pain that does not get better • you have symptoms of heart problems or stroke: • chest pain • trouble breathing • weakness in one part or side of body • slurred speech • leg swelling • pain gets worse or lasts more than 10 days • fever gets worse or lasts more than 3 days • redness or swelling is present in the painful area • any new symptoms appear If pregnant or breast-feeding, ask a health professional before use."
ibuprofen,warfarin,Not stated in FDA label,"[drug_interactions] Table 3: Drugs that Can Increase the Risk of Bleeding Drug Class Specific Drugs Anticoagulants argatroban, dabigatran, bivalirudin, desirudin, heparin, lepirudin Antiplatelet Agents aspirin, cilostazol, clopidogrel, dipyridamole, prasugrel, ticlopidine Non-steroidal Anti-Inflammatory Agents celecoxib, diclofenac, diflunisal, fenoprofen, ibuprofen, indomethacin, ketoprofen, ketorolac, mefenamic acid, naproxen, oxaprozin, piroxicam, sulindac Serotonin Reuptake Inhibitors citalopram, desvenlafaxine, duloxetine, escitalopram, fluoxetine, fluvoxamine, milnacipran, paroxetine, sertraline, venlafaxine, vilazodone 7.4 Antibiotics and Antifungals There have been reports of changes in INR in patients taking warfarin and antibiotics or antifungals, but clinical pharmacokinetic studies have not shown consistent effects of these agents on plasma concentrations of warfarin.",Follow the management information in the FDA label and verify with prescribing clinician.,https://api.fda.gov/drug/label.json?search=id:b8c33971-54b3-4971-bf7f-1bec66999a29,"[drug_interactions] Table 3: Drugs that Can Increase the Risk of Bleeding Drug Class Specific Drugs Anticoagulants argatroban, dabigatran, bivalirudin, desirudin, heparin, lepirudin Antiplatelet Agents aspirin, cilostazol, clopidogrel, dipyridamole, prasugrel, ticlopidine Non-steroidal Anti-Inflammatory Agents celecoxib, diclofenac, diflunisal, fenoprofen, ibuprofen, indomethacin, ketoprofen, ketorolac, mefenamic acid, naproxen, oxaprozin, piroxicam, sulindac Serotonin Reuptake Inhibitors citalopram, desvenlafaxine, duloxetine, escitalopram, fluoxetine, fluvoxamine, milnacipran, paroxetine, sertraline, venlafaxine, vilazodone 7.4 Antibiotics and Antifungals There have been reports of changes in INR in patients taking warfarin and antibiotics or antifungals, but clinical pharmacokinetic studies have not shown consistent effects of these agents on plasma concentrations of warfarin."
ibuprofen,digoxin,Not stated in FDA label,"[drug_interactions] Carvedilol 16% 14% Conivaptan 33% 43% Diltiazem 20% NA Indomethacin 40% NA Mirabegron 29% 27% Nefazodone 27% 15% Nifedipine 45% NA Propantheline 24% 24% Quinine NA 33% Rabeprazole 29% 19% Saquinavir 27% 49% Spironolactone 25% NA Telmisartan 20 to 49% NA Ticagrelor 31% 28% Tolvaptan 30% 20% Trimethoprim 22 to 28% NA Digoxin Concentrations Increased, but Magnitude is Unclear Alprazolam, Azithromycin, Cyclosporine, Diclofenac, Diphenoxylate, Epoprostenol, Esomeprazole, Ibuprofen, Ketoconazole, Lansoprazole, Metformin, Omeprazole Measure serum digoxin concentrations before initiating concomitant drugs.",Follow the management information in the FDA label and verify with prescribing clinician.,https://api.fda.gov/drug/label.json?search=id:db501397-8e41-4498-8626-49c6bfd79971,"[drug_interactions] Carvedilol 16% 14% Conivaptan 33% 43% Diltiazem 20% NA Indomethacin 40% NA Mirabegron 29% 27% Nefazodone 27% 15% Nifedipine 45% NA Propantheline 24% 24% Quinine NA 33% Rabeprazole 29% 19% Saquinavir 27% 49% Spironolactone 25% NA Telmisartan 20 to 49% NA Ticagrelor 31% 28% Tolvaptan 30% 20% Trimethoprim 22 to 28% NA Digoxin Concentrations Increased, but Magnitude is Unclear Alprazolam, Azithromycin, Cyclosporine, Diclofenac, Diphenoxylate, Epoprostenol, Esomeprazole, Ibuprofen, Ketoconazole, Lansoprazole, Metformin, Omeprazole Measure serum digoxin concentrations before initiating concomitant drugs."
naproxen,aspirin,Not stated in FDA label,"[warnings] The chance is higher if you • are age 60 or older • have had stomach ulcers or bleeding problems • take a blood thinning (anticoagulant) or steroid drug • take other drugs containing prescription or nonprescription NSAIDs (aspirin, ibuprofen, naproxen, or others) • have 3 or more alcoholic drinks every day while using this product • take more or for a longer time than directed Heart attack and stroke warning: NSAIDs, except aspirin, increase the risk of heart attack, heart failure, and stroke. [warnings] Do not use • if you have ever had an allergic reaction to any other pain reliever/fever reducer • right before or after heart surgery Ask a doctor before use if • the stomach bleeding warning applies to you • you have a history of stomach problems, such as heartburn • you have high blood pressure, heart disease, liver cirrhosis, kidney disease, asthma, or had a stroke • you are taking a diuretic • you have problems or serious side effects from taking pain relievers or fever reducers Ask a doctor or pharmacist before use if you are • under a doctor’s care for any serious condition • taking aspirin for heart attack or stroke, because naproxen may decrease this benefit of aspirin • taking any other drug When using this product • take with food or milk if stomach upset occurs Stop use and ask a doctor if • you experience any of the following signs of stomach bleeding: • feel faint • vomit blood • have bloody or black stools • have stomach pain that does not get better • you have symptoms of heart problems or stroke: • chest pain • trouble breathing • weakness in one part or side of body • slurred speech • leg swelling • pain gets worse or lasts more than 10 days • fever gets worse or lasts more than 3 days • you have difficulty swallowing • it feels like the pill is stuck in your throat • redness or swelling is present in the painful area • any new symptoms appear If pregnant or breast-feeding, ask a health professional before use.",Follow the management information in the FDA label and verify with prescribing clinician.,https://api.fda.gov/drug/label.json?search=id:25a249be-b52a-4d7e-8352-8e6d30f3664f,"[warnings] The chance is higher if you • are age 60 or older • have had stomach ulcers or bleeding problems • take a blood thinning (anticoagulant) or steroid drug • take other drugs containing prescription or nonprescription NSAIDs (aspirin, ibuprofen, naproxen, or others) • have 3 or more alcoholic drinks every day while using this product • take more or for a longer time than directed Heart attack and stroke warning: NSAIDs, except aspirin, increase the risk of heart attack, heart failure, and stroke. [warnings] Do not use • if you have ever had an allergic reaction to any other pain reliever/fever reducer • right before or after heart surgery Ask a doctor before use if • the stomach bleeding warning applies to you • you have a history of stomach problems, such as heartburn • you have high blood pressure, heart disease, liver cirrhosis, kidney disease, asthma, or had a stroke • you are taking a diuretic • you have problems or serious side effects from taking pain relievers or fever reducers Ask a doctor or pharmacist before use if you are • under a doctor’s care for any serious condition • taking aspirin for heart attack or stroke, because naproxen may decrease this benefit of aspirin • taking any other drug When using this product • take with food or milk if stomach upset occurs Stop use and ask a doctor if • you experience any of the following signs of stomach bleeding: • feel faint • vomit blood • have bloody or black stools • have stomach pain that does not get better • you have symptoms of heart problems or stroke: • chest pain • trouble breathing • weakness in one part or side of body • slurred speech • leg swelling • pain gets worse or lasts more than 10 days • fever gets worse or lasts more than 3 days • you have difficulty swallowing • it feels like the pill is stuck in your throat • redness or swelling is present in the painful area • any new symptoms appear If pregnant or breast-feeding, ask a health professional before use."
naproxen,warfarin,Not stated in FDA label,"[drug_interactions] Table 3: Drugs that Can Increase the Risk of Bleeding Drug Class Specific Drugs Anticoagulants argatroban, dabigatran, bivalirudin, desirudin, heparin, lepirudin Antiplatelet Agents aspirin, cilostazol, clopidogrel, dipyridamole, prasugrel, ticlopidine Non-steroidal Anti-Inflammatory Agents celecoxib, diclofenac, diflunisal, fenoprofen, ibuprofen, indomethacin, ketoprofen, ketorolac, mefenamic acid, naproxen, oxaprozin, piroxicam, sulindac Serotonin Reuptake Inhibitors citalopram, desvenlafaxine, duloxetine, escitalopram, fluoxetine, fluvoxamine, milnacipran, paroxetine, sertraline, venlafaxine, vilazodone 7.4 Antibiotics and Antifungals There have been reports of changes in INR in patients taking warfarin and antibiotics or antifungals, but clinical pharmacokinetic studies have not shown consistent effects of these agents on plasma concentrations of warfarin.",Follow the management information in the FDA label and verify with prescribing clinician.,https://api.fda.gov/drug/label.json?search=id:b8c33971-54b3-4971-bf7f-1bec66999a29,"[drug_interactions] Table 3: Drugs that Can Increase the Risk of Bleeding Drug Class Specific Drugs Anticoagulants argatroban, dabigatran, bivalirudin, desirudin, heparin, lepirudin Antiplatelet Agents aspirin, cilostazol, clopidogrel, dipyridamole, prasugrel, ticlopidine Non-steroidal Anti-Inflammatory Agents celecoxib, diclofenac, diflunisal, fenoprofen, ibuprofen, indomethacin, ketoprofen, ketorolac, mefenamic acid, naproxen, oxaprozin, piroxicam, sulindac Serotonin Reuptake Inhibitors citalopram, desvenlafaxine, duloxetine, escitalopram, fluoxetine, fluvoxamine, milnacipran, paroxetine, sertraline, venlafaxine, vilazodone 7.4 Antibiotics and Antifungals There have been reports of changes in INR in patients taking warfarin and antibiotics or antifungals, but clinical pharmacokinetic studies have not shown consistent effects of these agents on plasma concentrations of warfarin."
naproxen,digoxin,Not stated in FDA label,"[drug_interactions] Digoxin Clinical Impact: The concomitant use of naproxen with digoxin has been reported to increase the serum concentration and prolong the half-life of digoxin. [drug_interactions] Intervention: During concomitant use of naproxen tablets or naproxen sodium tablets and digoxin, monitor serum digoxin levels. [drug_interactions] ( 7 ) Digoxin: Concomitant use with naproxen tablets or naproxen sodium tablets can increase serum concentration and prolong half-life of digoxin.",Follow the management information in the FDA label and verify with prescribing clinician.,https://api.fda.gov/drug/label.json?search=id:8c45ef1f-f708-485b-bc20-60aa87ce6289,"[drug_interactions] Digoxin Clinical Impact: The concomitant use of naproxen with digoxin has been reported to increase the serum concentration and prolong the half-life of digoxin. [drug_interactions] Intervention: During concomitant use of naproxen tablets or naproxen sodium tablets and digoxin, monitor serum digoxin levels. [drug_interactions] ( 7 ) Digoxin: Concomitant use with naproxen tablets or naproxen sodium tablets can increase serum concentration and prolong half-life of digoxin."
aspirin,warfarin,Not stated in FDA label,"[drug_interactions] Table 3: Drugs that Can Increase the Risk of Bleeding Drug Class Specific Drugs Anticoagulants argatroban, dabigatran, bivalirudin, desirudin, heparin, lepirudin Antiplatelet Agents aspirin, cilostazol, clopidogrel, dipyridamole, prasugrel, ticlopidine Non-steroidal Anti-Inflammatory Agents celecoxib, diclofenac, diflunisal, fenoprofen, ibuprofen, indomethacin, ketoprofen, ketorolac, mefenamic acid, naproxen, oxaprozin, piroxicam, sulindac Serotonin Reuptake Inhibitors citalopram, desvenlafaxine, duloxetine, escitalopram, fluoxetine, fluvoxamine, milnacipran, paroxetine, sertraline, venlafaxine, vilazodone 7.4 Antibiotics and Antifungals There have been reports of changes in INR in patients taking warfarin and antibiotics or antifungals, but clinical pharmacokinetic studies have not shown consistent effects of these agents on plasma concentrations of warfarin.",Follow the management information in the FDA label and verify with prescribing clinician.,https://api.fda.gov/drug/label.json?search=id:b8c33971-54b3-4971-bf7f-1bec66999a29,"[drug_interactions] Table 3: Drugs that Can Increase the Risk of Bleeding Drug Class Specific Drugs Anticoagulants argatroban, dabigatran, bivalirudin, desirudin, heparin, lepirudin Antiplatelet Agents aspirin, cilostazol, clopidogrel, dipyridamole, prasugrel, ticlopidine Non-steroidal Anti-Inflammatory Agents celecoxib, diclofenac, diflunisal, fenoprofen, ibuprofen, indomethacin, ketoprofen, ketorolac, mefenamic acid, naproxen, oxaprozin, piroxicam, sulindac Serotonin Reuptake Inhibitors citalopram, desvenlafaxine, duloxetine, escitalopram, fluoxetine, fluvoxamine, milnacipran, paroxetine, sertraline, venlafaxine, vilazodone 7.4 Antibiotics and Antifungals There have been reports of changes in INR in patients taking warfarin and antibiotics or antifungals, but clinical pharmacokinetic studies have not shown consistent effects of these agents on plasma concentrations of warfarin."
clopidogrel,warfarin,Not stated in FDA label,"[drug_interactions] Table 3: Drugs that Can Increase the Risk of Bleeding Drug Class Specific Drugs Anticoagulants argatroban, dabigatran, bivalirudin, desirudin, heparin, lepirudin Antiplatelet Agents aspirin, cilostazol, clopidogrel, dipyridamole, prasugrel, ticlopidine Non-steroidal Anti-Inflammatory Agents celecoxib, diclofenac, diflunisal, fenoprofen, ibuprofen, indomethacin, ketoprofen, ketorolac, mefenamic acid, naproxen, oxaprozin, piroxicam, sulindac Serotonin Reuptake Inhibitors citalopram, desvenlafaxine, duloxetine, escitalopram, fluoxetine, fluvoxamine, milnacipran, paroxetine, sertraline, venlafaxine, vilazodone 7.4 Antibiotics and Antifungals There have been reports of changes in INR in patients taking warfarin and antibiotics or antifungals, but clinical pharmacokinetic studies have not shown consistent effects of these agents on plasma concentrations of warfarin.",Follow the management information in the FDA label and verify with prescribing clinician.,https://api.fda.gov/drug/label.json?search=id:b8c33971-54b3-4971-bf7f-1bec66999a29,"[drug_interactions] Table 3: Drugs that Can Increase the Risk of Bleeding Drug Class Specific Drugs Anticoagulants argatroban, dabigatran, bivalirudin, desirudin, heparin, lepirudin Antiplatelet Agents aspirin, cilostazol, clopidogrel, dipyridamole, prasugrel, ticlopidine Non-steroidal Anti-Inflammatory Agents celecoxib, diclofenac, diflunisal, fenoprofen, ibuprofen, indomethacin, ketoprofen, ketorolac, mefenamic acid, naproxen, oxaprozin, piroxicam, sulindac Serotonin Reuptake Inhibitors citalopram, desvenlafaxine, duloxetine, escitalopram, fluoxetine, fluvoxamine, milnacipran, paroxetine, sertraline, venlafaxine, vilazodone 7.4 Antibiotics and Antifungals There have been reports of changes in INR in patients taking warfarin and antibiotics or antifungals, but clinical pharmacokinetic studies have not shown consistent effects of these agents on plasma concentrations of warfarin."
clopidogrel,amiodarone,Not stated in FDA label,[drug_interactions] A potential interaction between clopidogrel and amiodarone resulting in ineffective inhibition of platelet aggregation has been reported. [clinical_pharmacology] A potential interaction between clopidogrel and amiodarone resulting in ineffective inhibition of platelet aggregation has been reported.,Follow the management information in the FDA label and verify with prescribing clinician.,https://api.fda.gov/drug/label.json?search=id:487d000e-9dec-3e6f-e063-6294a90ae8b0,[drug_interactions] A potential interaction between clopidogrel and amiodarone resulting in ineffective inhibition of platelet aggregation has been reported. [clinical_pharmacology] A potential interaction between clopidogrel and amiodarone resulting in ineffective inhibition of platelet aggregation has been reported.
warfarin,amiodarone,Not stated in FDA label,"[drug_interactions] Table 2: Examples of CYP450 Interactions with Warfarin Enzyme Inhibitors Inducers CYP2C9 amiodarone, capecitabine, cotrimoxazole, etravirine, fluconazole, fluvastatin, fluvoxamine, metronidazole, miconazole, oxandrolone, sulfinpyrazone, tigecycline, voriconazole, zafirlukast aprepitant, bosentan, carbamazepine, phenobarbital, rifampin CYP1A2 acyclovir, allopurinol, caffeine, cimetidine, ciprofloxacin, disulfiram, enoxacin, famotidine, fluvoxamine, methoxsalen, mexiletine, norfloxacin, oral contraceptives, phenylpropanolamine, propafenone, propranolol, terbinafine, thiabendazole, ticlopidine, verapamil, zileuton montelukast, moricizine, omeprazole, phenobarbital, phenytoin, cigarette smoking CYP3A4 alprazolam, amiodarone, amlodipine, amprenavir, aprepitant, atorvastatin, atazanavir, bicalutamide, cilostazol, cimetidine, ciprofloxacin, clarithromycin, conivaptan, cyclosporine, darunavir/ritonavir, diltiazem, erythromycin, fluconazole, fluoxetine, fluvoxamine, fosamprenavir, imatinib, indinavir, isoniazid, itraconazole, ketoconazole, lopinavir/ritonavir, nefazodone, nelfinavir, nilotinib, oral contraceptives, posaconazole, ranitidine, ranolazine, ritonavir, saquinavir, telithromycin, tipranavir, voriconazole, zileuton armodafinil, amprenavir, aprepitant, bosentan, carbamazepine, efavirenz, etravirine, modafinil, nafcillin, phenytoin, pioglitazone, prednisone, rifampin, rufinamide 7.3 Drugs that Increase Bleeding Risk Examples of drugs known to increase the risk of bleeding are presented in Table 3 .",Follow the management information in the FDA label and verify with prescribing clinician.,https://api.fda.gov/drug/label.json?search=id:b8c33971-54b3-4971-bf7f-1bec66999a29,"[drug_interactions] Table 2: Examples of CYP450 Interactions with Warfarin Enzyme Inhibitors Inducers CYP2C9 amiodarone, capecitabine, cotrimoxazole, etravirine, fluconazole, fluvastatin, fluvoxamine, metronidazole, miconazole, oxandrolone, sulfinpyrazone, tigecycline, voriconazole, zafirlukast aprepitant, bosentan, carbamazepine, phenobarbital, rifampin CYP1A2 acyclovir, allopurinol, caffeine, cimetidine, ciprofloxacin, disulfiram, enoxacin, famotidine, fluvoxamine, methoxsalen, mexiletine, norfloxacin, oral contraceptives, phenylpropanolamine, propafenone, propranolol, terbinafine, thiabendazole, ticlopidine, verapamil, zileuton montelukast, moricizine, omeprazole, phenobarbital, phenytoin, cigarette smoking CYP3A4 alprazolam, amiodarone, amlodipine, amprenavir, aprepitant, atorvastatin, atazanavir, bicalutamide, cilostazol, cimetidine, ciprofloxacin, clarithromycin, conivaptan, cyclosporine, darunavir/ritonavir, diltiazem, erythromycin, fluconazole, fluoxetine, fluvoxamine, fosamprenavir, imatinib, indinavir, isoniazid, itraconazole, ketoconazole, lopinavir/ritonavir, nefazodone, nelfinavir, nilotinib, oral contraceptives, posaconazole, ranitidine, ranolazine, ritonavir, saquinavir, telithromycin, tipranavir, voriconazole, zileuton armodafinil, amprenavir, aprepitant, bosentan, carbamazepine, efavirenz, etravirine, modafinil, nafcillin, phenytoin, pioglitazone, prednisone, rifampin, rufinamide 7.3 Drugs that Increase Bleeding Risk Examples of drugs known to increase the risk of bleeding are presented in Table 3 ."
digoxin,amiodarone,Not stated in FDA label,"[drug_interactions] Drugs that slow heart rate: Concomitant use of drugs with depressant effects on the sinus and AV nodes (e.g., digoxin, beta blockers, verapamil, diltiazem, ivabradine, clonidine) can potentiate the electrophysiologic and hemodynamic effects of amiodarone, resulting in bradycardia, sinus arrest, and AV block. [drug_interactions] Reduce dose of digoxin by half or discontinue digoxin.",Follow the management information in the FDA label and verify with prescribing clinician.,https://api.fda.gov/drug/label.json?search=id:2c1bc6a8-20ff-483a-ae28-fb31fa5f684a,"[drug_interactions] Drugs that slow heart rate: Concomitant use of drugs with depressant effects on the sinus and AV nodes (e.g., digoxin, beta blockers, verapamil, diltiazem, ivabradine, clonidine) can potentiate the electrophysiologic and hemodynamic effects of amiodarone, resulting in bradycardia, sinus arrest, and AV block. [drug_interactions] Reduce dose of digoxin by half or discontinue digoxin."
